<?xml version="1.0" encoding="UTF-8"?>
<osm version="0.6" generator="openstreetmap-cgimap 2.1.0 (1322 spike-08.openstreetmap.org)" copyright="OpenStreetMap and contributors" attribution="http://www.openstreetmap.org/copyright" license="http://opendatacommons.org/licenses/odbl/1-0/">
 <node id="252374812" visible="true" version="3" changeset="46363760" timestamp="2017-02-24T10:46:08Z" user="gezginrocker" uid="1686268" lat="9.5934087" lon="100.0696876"/>
 <node id="252374813" visible="true" version="4" changeset="162093547" timestamp="2025-02-03T16:22:39Z" user="caigner" uid="473925" lat="9.5935062" lon="100.0686586"/>
 <node id="252374814" visible="true" version="3" changeset="162093547" timestamp="2025-02-03T16:22:39Z" user="caigner" uid="473925" lat="9.5932496" lon="100.0680631"/>
 <node id="252374815" visible="true" version="3" changeset="162093547" timestamp="2025-02-03T16:22:39Z" user="caigner" uid="473925" lat="9.5929032" lon="100.0675803"/>
 <node id="252374816" visible="true" version="2" changeset="46363760" timestamp="2017-02-24T10:46:08Z" user="gezginrocker" uid="1686268" lat="9.5925686" lon="100.0669721"/>
 <node id="252374817" visible="true" version="2" changeset="162093547" timestamp="2025-02-03T16:22:39Z" user="caigner" uid="473925" lat="9.5921891" lon="100.0668079"/>
 <node id="252374818" visible="true" version="2" changeset="162093547" timestamp="2025-02-03T16:22:39Z" user="caigner" uid="473925" lat="9.5917369" lon="100.0663224"/>
 <node id="252374819" visible="true" version="3" changeset="162093547" timestamp="2025-02-03T16:22:39Z" user="caigner" uid="473925" lat="9.5912344" lon="100.0658396"/>
 <node id="252374820" visible="true" version="2" changeset="46363760" timestamp="2017-02-24T10:46:08Z" user="gezginrocker" uid="1686268" lat="9.5900984" lon="100.0652019"/>
 <node id="252374821" visible="true" version="2" changeset="46363760" timestamp="2017-02-24T10:46:08Z" user="gezginrocker" uid="1686268" lat="9.5895166" lon="100.0651000"/>
 <node id="252374822" visible="true" version="3" changeset="46363760" timestamp="2017-02-24T10:46:08Z" user="gezginrocker" uid="1686268" lat="9.5890791" lon="100.0653720"/>
 <node id="252374824" visible="true" version="3" changeset="46363760" timestamp="2017-02-24T10:46:08Z" user="gezginrocker" uid="1686268" lat="9.5885493" lon="100.0667992"/>
 <node id="252374825" visible="true" version="3" changeset="46363760" timestamp="2017-02-24T10:46:08Z" user="gezginrocker" uid="1686268" lat="9.5882237" lon="100.0673581"/>
 <node id="252374826" visible="true" version="3" changeset="46363760" timestamp="2017-02-24T10:46:08Z" user="gezginrocker" uid="1686268" lat="9.5878932" lon="100.0681154"/>
 <node id="252374827" visible="true" version="2" changeset="46363760" timestamp="2017-02-24T10:46:08Z" user="gezginrocker" uid="1686268" lat="9.5872051" lon="100.0682703"/>
 <node id="252374828" visible="true" version="3" changeset="162093547" timestamp="2025-02-03T16:22:39Z" user="caigner" uid="473925" lat="9.5856289" lon="100.0682241"/>
 <node id="252374829" visible="true" version="1" changeset="331652" timestamp="2008-03-16T10:06:45Z" user="andrewpmk" uid="1679" lat="9.5829312" lon="100.0687102"/>
 <node id="252374842" visible="true" version="4" changeset="12209208" timestamp="2012-07-13T19:14:50Z" user="sturmflut" uid="5862" lat="9.5621266" lon="100.0406169">
  <tag k="source" v="Bing"/>
 </node>
 <node id="252374843" visible="true" version="3" changeset="12209208" timestamp="2012-07-13T19:14:50Z" user="sturmflut" uid="5862" lat="9.5605666" lon="100.0368736">
  <tag k="source" v="Bing"/>
 </node>
 <node id="252374844" visible="true" version="4" changeset="47460283" timestamp="2017-04-05T01:21:03Z" user="gezginrocker" uid="1686268" lat="9.5600689" lon="100.0331014">
  <tag k="source" v="Bing"/>
 </node>
 <node id="252374845" visible="true" version="4" changeset="47460783" timestamp="2017-04-05T02:13:00Z" user="gezginrocker" uid="1686268" lat="9.5603704" lon="100.0304117">
  <tag k="source" v="Bing"/>
 </node>
 <node id="252374847" visible="true" version="4" changeset="12209208" timestamp="2012-07-13T19:14:53Z" user="sturmflut" uid="5862" lat="9.5620048" lon="100.0263257">
  <tag k="source" v="Bing"/>
 </node>
 <node id="252374848" visible="true" version="4" changeset="47460783" timestamp="2017-04-05T02:13:00Z" user="gezginrocker" uid="1686268" lat="9.5660888" lon="100.0193308">
  <tag k="source" v="Bing"/>
 </node>
 <node id="252374850" visible="true" version="3" changeset="12209208" timestamp="2012-07-13T19:14:53Z" user="sturmflut" uid="5862" lat="9.5674513" lon="100.0184265">
  <tag k="source" v="Bing"/>
 </node>
 <node id="252374851" visible="true" version="3" changeset="12209208" timestamp="2012-07-13T19:14:54Z" user="sturmflut" uid="5862" lat="9.5695462" lon="100.0178470">
  <tag k="source" v="Bing"/>
 </node>
 <node id="252374852" visible="true" version="3" changeset="11973629" timestamp="2012-06-21T22:24:37Z" user="sturmflut" uid="5862" lat="9.5709915" lon="100.0196644">
  <tag k="source" v="Bing"/>
 </node>
 <node id="252374853" visible="true" version="3" changeset="11973629" timestamp="2012-06-21T22:24:38Z" user="sturmflut" uid="5862" lat="9.5722504" lon="100.0189843">
  <tag k="source" v="Bing"/>
 </node>
 <node id="252374854" visible="true" version="4" changeset="46364794" timestamp="2017-02-24T11:33:20Z" user="gezginrocker" uid="1686268" lat="9.5728142" lon="100.0184950">
  <tag k="source" v="Bing"/>
 </node>
 <node id="252374855" visible="true" version="3" changeset="11973629" timestamp="2012-06-21T22:24:39Z" user="sturmflut" uid="5862" lat="9.5731462" lon="100.0182502">
  <tag k="source" v="Bing"/>
 </node>
 <node id="252374856" visible="true" version="3" changeset="11973629" timestamp="2012-06-21T22:24:39Z" user="sturmflut" uid="5862" lat="9.5739138" lon="100.0174969">
  <tag k="source" v="Bing"/>
 </node>
 <node id="252374857" visible="true" version="3" changeset="11973629" timestamp="2012-06-21T22:24:39Z" user="sturmflut" uid="5862" lat="9.5746942" lon="100.0165789">
  <tag k="source" v="Bing"/>
 </node>
 <node id="252374858" visible="true" version="3" changeset="11973629" timestamp="2012-06-21T22:24:39Z" user="sturmflut" uid="5862" lat="9.5736457" lon="100.0159917">
  <tag k="source" v="Bing"/>
 </node>
 <node id="252374859" visible="true" version="3" changeset="11973629" timestamp="2012-06-21T22:24:39Z" user="sturmflut" uid="5862" lat="9.5715128" lon="100.0135016">
  <tag k="source" v="Bing"/>
 </node>
 <node id="252374860" visible="true" version="3" changeset="11973629" timestamp="2012-06-21T22:24:39Z" user="sturmflut" uid="5862" lat="9.5703171" lon="100.0106974">
  <tag k="source" v="Bing"/>
 </node>
 <node id="252374861" visible="true" version="3" changeset="11973629" timestamp="2012-06-21T22:24:39Z" user="sturmflut" uid="5862" lat="9.5698564" lon="100.0081909">
  <tag k="source" v="Bing"/>
 </node>
 <node id="252374862" visible="true" version="3" changeset="11973629" timestamp="2012-06-21T22:24:39Z" user="sturmflut" uid="5862" lat="9.5697627" lon="100.0048634">
  <tag k="source" v="Bing"/>
 </node>
 <node id="252374863" visible="true" version="4" changeset="12219290" timestamp="2012-07-14T16:44:36Z" user="sturmflut" uid="5862" lat="9.5698676" lon="100.0019402">
  <tag k="source" v="Bing"/>
 </node>
 <node id="252374865" visible="true" version="3" changeset="12209208" timestamp="2012-07-13T19:14:54Z" user="sturmflut" uid="5862" lat="9.5719219" lon="99.9964430">
  <tag k="source" v="Bing"/>
 </node>
 <node id="252374866" visible="true" version="3" changeset="12209208" timestamp="2012-07-13T19:14:54Z" user="sturmflut" uid="5862" lat="9.5745117" lon="99.9930133">
  <tag k="source" v="Bing"/>
 </node>
 <node id="252374867" visible="true" version="3" changeset="12209208" timestamp="2012-07-13T19:14:54Z" user="sturmflut" uid="5862" lat="9.5815375" lon="99.9860149">
  <tag k="source" v="Bing"/>
 </node>
 <node id="252374868" visible="true" version="4" changeset="46364794" timestamp="2017-02-24T11:33:20Z" user="gezginrocker" uid="1686268" lat="9.5852158" lon="99.9834289">
  <tag k="source" v="Bing"/>
 </node>
 <node id="252374869" visible="true" version="4" changeset="46364794" timestamp="2017-02-24T11:33:20Z" user="gezginrocker" uid="1686268" lat="9.5874024" lon="99.9829662">
  <tag k="source" v="Bing"/>
 </node>
 <node id="252374870" visible="true" version="3" changeset="12209208" timestamp="2012-07-13T19:14:57Z" user="sturmflut" uid="5862" lat="9.5859522" lon="99.9766427">
  <tag k="source" v="Bing"/>
 </node>
 <node id="252374871" visible="true" version="3" changeset="12209208" timestamp="2012-07-13T19:14:57Z" user="sturmflut" uid="5862" lat="9.5841953" lon="99.9718648">
  <tag k="source" v="Bing"/>
 </node>
 <node id="252374872" visible="true" version="4" changeset="46364794" timestamp="2017-02-24T11:33:20Z" user="gezginrocker" uid="1686268" lat="9.5841657" lon="99.9706112">
  <tag k="source" v="Bing"/>
 </node>
 <node id="252374874" visible="true" version="3" changeset="12209208" timestamp="2012-07-13T19:14:57Z" user="sturmflut" uid="5862" lat="9.5835913" lon="99.9678420">
  <tag k="source" v="Bing"/>
 </node>
 <node id="252374875" visible="true" version="2" changeset="46364794" timestamp="2017-02-24T11:33:20Z" user="gezginrocker" uid="1686268" lat="9.5811274" lon="99.9631385"/>
 <node id="252374876" visible="true" version="4" changeset="46364794" timestamp="2017-02-24T11:33:20Z" user="gezginrocker" uid="1686268" lat="9.5805906" lon="99.9600319">
  <tag k="source" v="Bing"/>
 </node>
 <node id="252374877" visible="true" version="4" changeset="46364794" timestamp="2017-02-24T11:33:20Z" user="gezginrocker" uid="1686268" lat="9.5800689" lon="99.9564038">
  <tag k="source" v="Bing"/>
 </node>
 <node id="252374878" visible="true" version="5" changeset="46364794" timestamp="2017-02-24T11:33:20Z" user="gezginrocker" uid="1686268" lat="9.5791246" lon="99.9524243">
  <tag k="source" v="Bing"/>
 </node>
 <node id="252374879" visible="true" version="4" changeset="46364794" timestamp="2017-02-24T11:33:20Z" user="gezginrocker" uid="1686268" lat="9.5787735" lon="99.9487005">
  <tag k="source" v="Bing"/>
 </node>
 <node id="252374880" visible="true" version="6" changeset="46364794" timestamp="2017-02-24T11:33:20Z" user="gezginrocker" uid="1686268" lat="9.5783444" lon="99.9437488">
  <tag k="source" v="Bing"/>
 </node>
 <node id="252374881" visible="true" version="5" changeset="46364794" timestamp="2017-02-24T11:33:20Z" user="gezginrocker" uid="1686268" lat="9.5780565" lon="99.9366360">
  <tag k="source" v="Bing"/>
 </node>
 <node id="252374882" visible="true" version="4" changeset="46364794" timestamp="2017-02-24T11:33:20Z" user="gezginrocker" uid="1686268" lat="9.5780099" lon="99.9329870">
  <tag k="source" v="Bing"/>
 </node>
 <node id="252374883" visible="true" version="4" changeset="46364794" timestamp="2017-02-24T11:33:20Z" user="gezginrocker" uid="1686268" lat="9.5778338" lon="99.9326527">
  <tag k="source" v="Bing"/>
 </node>
 <node id="252374884" visible="true" version="4" changeset="46364894" timestamp="2017-02-24T11:38:13Z" user="gezginrocker" uid="1686268" lat="9.5760793" lon="99.9315876">
  <tag k="source" v="Bing"/>
 </node>
 <node id="252374885" visible="true" version="5" changeset="46364894" timestamp="2017-02-24T11:38:13Z" user="gezginrocker" uid="1686268" lat="9.5756973" lon="99.9298517">
  <tag k="source" v="Bing"/>
 </node>
 <node id="252374886" visible="true" version="5" changeset="46364894" timestamp="2017-02-24T11:38:13Z" user="gezginrocker" uid="1686268" lat="9.5755853" lon="99.9281264">
  <tag k="source" v="Bing"/>
 </node>
 <node id="252374887" visible="true" version="4" changeset="46364894" timestamp="2017-02-24T11:38:13Z" user="gezginrocker" uid="1686268" lat="9.5755195" lon="99.9271672">
  <tag k="source" v="Bing"/>
 </node>
 <node id="252374888" visible="true" version="5" changeset="46364894" timestamp="2017-02-24T11:38:13Z" user="gezginrocker" uid="1686268" lat="9.5746500" lon="99.9240256">
  <tag k="source" v="Bing"/>
 </node>
 <node id="252374889" visible="true" version="5" changeset="46364894" timestamp="2017-02-24T11:38:13Z" user="gezginrocker" uid="1686268" lat="9.5744976" lon="99.9225276">
  <tag k="source" v="Bing"/>
 </node>
 <node id="252374891" visible="true" version="3" changeset="12209208" timestamp="2012-07-13T19:15:01Z" user="sturmflut" uid="5862" lat="9.5762017" lon="99.9204431">
  <tag k="source" v="Bing"/>
 </node>
 <node id="252374892" visible="true" version="4" changeset="46364894" timestamp="2017-02-24T11:38:13Z" user="gezginrocker" uid="1686268" lat="9.5768259" lon="99.9194104">
  <tag k="source" v="Bing"/>
 </node>
 <node id="252374893" visible="true" version="3" changeset="12209208" timestamp="2012-07-13T19:15:01Z" user="sturmflut" uid="5862" lat="9.5768264" lon="99.9184097">
  <tag k="source" v="Bing"/>
 </node>
 <node id="252374894" visible="true" version="3" changeset="12209208" timestamp="2012-07-13T19:15:01Z" user="sturmflut" uid="5862" lat="9.5761183" lon="99.9176623">
  <tag k="source" v="Bing"/>
 </node>
 <node id="252374895" visible="true" version="1" changeset="331652" timestamp="2008-03-16T10:06:45Z" user="andrewpmk" uid="1679" lat="9.5756103" lon="99.9172620"/>
 <node id="252374896" visible="true" version="1" changeset="331652" timestamp="2008-03-16T10:06:45Z" user="andrewpmk" uid="1679" lat="9.5748063" lon="99.9169616"/>
 <node id="252374897" visible="true" version="4" changeset="46364894" timestamp="2017-02-24T11:38:13Z" user="gezginrocker" uid="1686268" lat="9.5735386" lon="99.9160202">
  <tag k="source" v="Bing"/>
 </node>
 <node id="252374898" visible="true" version="4" changeset="46364894" timestamp="2017-02-24T11:38:13Z" user="gezginrocker" uid="1686268" lat="9.5720364" lon="99.9153781">
  <tag k="source" v="Bing"/>
 </node>
 <node id="252374899" visible="true" version="5" changeset="46364894" timestamp="2017-02-24T11:38:13Z" user="gezginrocker" uid="1686268" lat="9.5712128" lon="99.9135077">
  <tag k="source" v="Bing"/>
 </node>
 <node id="252374900" visible="true" version="3" changeset="12209208" timestamp="2012-07-13T19:15:02Z" user="sturmflut" uid="5862" lat="9.5699668" lon="99.9156467">
  <tag k="source" v="Bing"/>
 </node>
 <node id="252374901" visible="true" version="2" changeset="12218224" timestamp="2012-07-14T14:49:56Z" user="sturmflut" uid="5862" lat="9.5675718" lon="99.9186355"/>
 <node id="252374902" visible="true" version="4" changeset="12218224" timestamp="2012-07-14T14:49:56Z" user="sturmflut" uid="5862" lat="9.5656556" lon="99.9203391">
  <tag k="source" v="Bing"/>
 </node>
 <node id="252374904" visible="true" version="3" changeset="11973629" timestamp="2012-06-21T22:24:43Z" user="sturmflut" uid="5862" lat="9.5642426" lon="99.9213216">
  <tag k="source" v="Bing"/>
 </node>
 <node id="252374905" visible="true" version="3" changeset="11973629" timestamp="2012-06-21T22:24:43Z" user="sturmflut" uid="5862" lat="9.5642396" lon="99.9221200">
  <tag k="source" v="Bing"/>
 </node>
 <node id="252374906" visible="true" version="4" changeset="46364973" timestamp="2017-02-24T11:43:24Z" user="gezginrocker" uid="1686268" lat="9.5621972" lon="99.9243086">
  <tag k="source" v="Bing"/>
 </node>
 <node id="252374907" visible="true" version="4" changeset="46364973" timestamp="2017-02-24T11:43:24Z" user="gezginrocker" uid="1686268" lat="9.5578163" lon="99.9276876">
  <tag k="source" v="Bing"/>
 </node>
 <node id="252374908" visible="true" version="4" changeset="12218224" timestamp="2012-07-14T14:49:56Z" user="sturmflut" uid="5862" lat="9.5540034" lon="99.9293769">
  <tag k="source" v="Bing"/>
 </node>
 <node id="252374909" visible="true" version="4" changeset="46364973" timestamp="2017-02-24T11:43:24Z" user="gezginrocker" uid="1686268" lat="9.5473835" lon="99.9309876">
  <tag k="source" v="Bing"/>
 </node>
 <node id="252374910" visible="true" version="4" changeset="46364973" timestamp="2017-02-24T11:43:24Z" user="gezginrocker" uid="1686268" lat="9.5445717" lon="99.9315194">
  <tag k="source" v="Bing"/>
 </node>
 <node id="252374911" visible="true" version="5" changeset="53260513" timestamp="2017-10-26T11:17:55Z" user="misht" uid="615059" lat="9.5424967" lon="99.9323514">
  <tag k="source" v="Bing"/>
 </node>
 <node id="252374913" visible="true" version="4" changeset="46364973" timestamp="2017-02-24T11:43:24Z" user="gezginrocker" uid="1686268" lat="9.5375384" lon="99.9342479">
  <tag k="source" v="Bing"/>
 </node>
 <node id="252374921" visible="true" version="3" changeset="11973629" timestamp="2012-06-21T22:24:45Z" user="sturmflut" uid="5862" lat="9.5354000" lon="99.9344025">
  <tag k="source" v="Bing"/>
 </node>
 <node id="252374922" visible="true" version="7" changeset="188264908" timestamp="2026-08-30T18:30:46Z" user="norD79" uid="1965008" lat="9.5351246" lon="99.9347620">
  <tag k="source" v="Bing"/>
 </node>
 <node id="252374923" visible="true" version="6" changeset="52355339" timestamp="2017-09-25T12:59:41Z" user="misht" uid="615059" lat="9.5326101" lon="99.9345256">
  <tag k="source" v="Bing"/>
 </node>
 <node id="252374924" visible="true" version="5" changeset="52355339" timestamp="2017-09-25T12:59:41Z" user="misht" uid="615059" lat="9.5305407" lon="99.9341525">
  <tag k="source" v="Bing"/>
 </node>
 <node id="252374925" visible="true" version="5" changeset="52355339" timestamp="2017-09-25T12:59:41Z" user="misht" uid="615059" lat="9.5302788" lon="99.9341901">
  <tag k="source" v="Bing"/>
 </node>
 <node id="252374926" visible="true" version="5" changeset="133408353" timestamp="2023-03-07T15:45:28Z" user="axel007" uid="85007" lat="9.5274034" lon="99.9343271">
  <tag k="source" v="Bing"/>
 </node>
 <node id="252374927" visible="true" version="4" changeset="46365050" timestamp="2017-02-24T11:47:37Z" user="gezginrocker" uid="1686268" lat="9.5265539" lon="99.9344074">
  <tag k="source" v="Bing"/>
 </node>
 <node id="252374928" visible="true" version="4" changeset="133891475" timestamp="2023-03-20T10:01:42Z" user="rene78" uid="257555" lat="9.5249913" lon="99.9345597">
  <tag k="source" v="Bing"/>
 </node>
 <node id="252374929" visible="true" version="6" changeset="133891475" timestamp="2023-03-20T10:01:42Z" user="rene78" uid="257555" lat="9.5238611" lon="99.9340752">
  <tag k="source" v="Bing"/>
 </node>
 <node id="252374930" visible="true" version="5" changeset="133891475" timestamp="2023-03-20T10:01:42Z" user="rene78" uid="257555" lat="9.5223527" lon="99.9346103">
  <tag k="source" v="Bing"/>
 </node>
 <node id="252374931" visible="true" version="5" changeset="133891475" timestamp="2023-03-20T10:01:42Z" user="rene78" uid="257555" lat="9.5192624" lon="99.9333987">
  <tag k="source" v="Bing"/>
 </node>
 <node id="252374932" visible="true" version="5" changeset="133891475" timestamp="2023-03-20T10:01:42Z" user="rene78" uid="257555" lat="9.5189304" lon="99.9332669">
  <tag k="source" v="Bing"/>
 </node>
 <node id="252374933" visible="true" version="5" changeset="133891475" timestamp="2023-03-20T10:01:42Z" user="rene78" uid="257555" lat="9.5176040" lon="99.9326419">
  <tag k="source" v="Bing"/>
 </node>
 <node id="252374935" visible="true" version="5" changeset="133891475" timestamp="2023-03-20T10:01:42Z" user="rene78" uid="257555" lat="9.5148098" lon="99.9329626">
  <tag k="source" v="Bing"/>
 </node>
 <node id="252374936" visible="true" version="5" changeset="133891475" timestamp="2023-03-20T10:01:42Z" user="rene78" uid="257555" lat="9.5139802" lon="99.9331317">
  <tag k="source" v="Bing"/>
 </node>
 <node id="252374937" visible="true" version="7" changeset="133891475" timestamp="2023-03-20T10:01:42Z" user="rene78" uid="257555" lat="9.5120023" lon="99.9341680">
  <tag k="source" v="Bing"/>
 </node>
 <node id="252374939" visible="true" version="6" changeset="133891475" timestamp="2023-03-20T10:01:42Z" user="rene78" uid="257555" lat="9.5098707" lon="99.9347304">
  <tag k="source" v="Bing"/>
 </node>
 <node id="252374940" visible="true" version="6" changeset="133891475" timestamp="2023-03-20T10:01:42Z" user="rene78" uid="257555" lat="9.5066663" lon="99.9349629">
  <tag k="source" v="Bing"/>
 </node>
 <node id="252374941" visible="true" version="5" changeset="52268400" timestamp="2017-09-22T08:36:43Z" user="misht" uid="615059" lat="9.5040587" lon="99.9349666">
  <tag k="source" v="Bing"/>
 </node>
 <node id="252374942" visible="true" version="5" changeset="52268400" timestamp="2017-09-22T08:36:43Z" user="misht" uid="615059" lat="9.5011223" lon="99.9345374">
  <tag k="source" v="Bing"/>
 </node>
 <node id="252374943" visible="true" version="6" changeset="133891475" timestamp="2023-03-20T10:01:42Z" user="rene78" uid="257555" lat="9.4985626" lon="99.9336713">
  <tag k="source" v="Bing"/>
 </node>
 <node id="252374944" visible="true" version="6" changeset="133891475" timestamp="2023-03-20T10:01:42Z" user="rene78" uid="257555" lat="9.4963305" lon="99.9324641">
  <tag k="source" v="Bing"/>
 </node>
 <node id="252374945" visible="true" version="6" changeset="133891475" timestamp="2023-03-20T10:01:42Z" user="rene78" uid="257555" lat="9.4935414" lon="99.9299306">
  <tag k="source" v="Bing"/>
 </node>
 <node id="252374946" visible="true" version="5" changeset="133891475" timestamp="2023-03-20T10:01:42Z" user="rene78" uid="257555" lat="9.4916753" lon="99.9274458">
  <tag k="source" v="Bing"/>
 </node>
 <node id="252374947" visible="true" version="3" changeset="133891475" timestamp="2023-03-20T10:01:42Z" user="rene78" uid="257555" lat="9.4912784" lon="99.9264166"/>
 <node id="252374948" visible="true" version="5" changeset="133891475" timestamp="2023-03-20T10:01:42Z" user="rene78" uid="257555" lat="9.4910858" lon="99.9252557">
  <tag k="source" v="Bing"/>
 </node>
 <node id="252374949" visible="true" version="3" changeset="58862259" timestamp="2018-05-10T21:36:35Z" user="Sal73x" uid="1293386" lat="9.4909991" lon="99.9239272"/>
 <node id="252374950" visible="true" version="5" changeset="133891475" timestamp="2023-03-20T10:01:42Z" user="rene78" uid="257555" lat="9.4917491" lon="99.9214239">
  <tag k="source" v="Bing"/>
 </node>
 <node id="252374951" visible="true" version="4" changeset="58862259" timestamp="2018-05-10T21:36:35Z" user="Sal73x" uid="1293386" lat="9.4924033" lon="99.9212718">
  <tag k="source" v="Bing"/>
 </node>
 <node id="252374952" visible="true" version="4" changeset="58862259" timestamp="2018-05-10T21:36:35Z" user="Sal73x" uid="1293386" lat="9.4937723" lon="99.9211794">
  <tag k="source" v="Bing"/>
 </node>
 <node id="252374953" visible="true" version="5" changeset="58862259" timestamp="2018-05-10T21:36:35Z" user="Sal73x" uid="1293386" lat="9.4941498" lon="99.9209849">
  <tag k="source" v="Bing"/>
 </node>
 <node id="252374954" visible="true" version="5" changeset="58862259" timestamp="2018-05-10T21:36:35Z" user="Sal73x" uid="1293386" lat="9.4926118" lon="99.9193185">
  <tag k="source" v="Bing"/>
 </node>
 <node id="252374955" visible="true" version="4" changeset="46365220" timestamp="2017-02-24T11:57:04Z" user="gezginrocker" uid="1686268" lat="9.4908928" lon="99.9190269">
  <tag k="source" v="Bing"/>
 </node>
 <node id="252374956" visible="true" version="4" changeset="46365220" timestamp="2017-02-24T11:57:04Z" user="gezginrocker" uid="1686268" lat="9.4905061" lon="99.9190927">
  <tag k="source" v="Bing"/>
 </node>
 <node id="252374957" visible="true" version="4" changeset="46365220" timestamp="2017-02-24T11:57:04Z" user="gezginrocker" uid="1686268" lat="9.4890742" lon="99.9193688">
  <tag k="source" v="Bing"/>
 </node>
 <node id="252374958" visible="true" version="4" changeset="46365220" timestamp="2017-02-24T11:57:04Z" user="gezginrocker" uid="1686268" lat="9.4899240" lon="99.9206091">
  <tag k="source" v="Bing"/>
 </node>
 <node id="252374959" visible="true" version="4" changeset="46365220" timestamp="2017-02-24T11:57:04Z" user="gezginrocker" uid="1686268" lat="9.4894842" lon="99.9222847">
  <tag k="source" v="Bing"/>
 </node>
 <node id="252374961" visible="true" version="4" changeset="46365220" timestamp="2017-02-24T11:57:04Z" user="gezginrocker" uid="1686268" lat="9.4855093" lon="99.9256613">
  <tag k="source" v="Bing"/>
 </node>
 <node id="252374962" visible="true" version="4" changeset="46365220" timestamp="2017-02-24T11:57:04Z" user="gezginrocker" uid="1686268" lat="9.4842265" lon="99.9260435">
  <tag k="source" v="Bing"/>
 </node>
 <node id="252374963" visible="true" version="5" changeset="46365220" timestamp="2017-02-24T11:57:04Z" user="gezginrocker" uid="1686268" lat="9.4826202" lon="99.9264899">
  <tag k="source" v="Bing"/>
 </node>
 <node id="252374964" visible="true" version="4" changeset="46365220" timestamp="2017-02-24T11:57:04Z" user="gezginrocker" uid="1686268" lat="9.4808018" lon="99.9267843">
  <tag k="source" v="Bing"/>
 </node>
 <node id="252374965" visible="true" version="5" changeset="48518935" timestamp="2017-05-09T02:37:32Z" user="gezginrocker" uid="1686268" lat="9.4790124" lon="99.9271020">
  <tag k="source" v="Bing"/>
 </node>
 <node id="252374966" visible="true" version="4" changeset="48518935" timestamp="2017-05-09T02:37:32Z" user="gezginrocker" uid="1686268" lat="9.4776405" lon="99.9265232">
  <tag k="source" v="Bing"/>
 </node>
 <node id="252374967" visible="true" version="4" changeset="48518935" timestamp="2017-05-09T02:37:33Z" user="gezginrocker" uid="1686268" lat="9.4772924" lon="99.9265070">
  <tag k="source" v="Bing"/>
 </node>
 <node id="252374968" visible="true" version="3" changeset="11973629" timestamp="2012-06-21T22:24:51Z" user="sturmflut" uid="5862" lat="9.4765943" lon="99.9277313">
  <tag k="source" v="Bing"/>
 </node>
 <node id="252374969" visible="true" version="5" changeset="48518935" timestamp="2017-05-09T02:37:33Z" user="gezginrocker" uid="1686268" lat="9.4772162" lon="99.9286148">
  <tag k="source" v="Bing"/>
 </node>
 <node id="252374970" visible="true" version="4" changeset="48518935" timestamp="2017-05-09T02:37:33Z" user="gezginrocker" uid="1686268" lat="9.4771574" lon="99.9288144">
  <tag k="source" v="Bing"/>
 </node>
 <node id="252374972" visible="true" version="4" changeset="48519007" timestamp="2017-05-09T02:43:23Z" user="gezginrocker" uid="1686268" lat="9.4744950" lon="99.9303585">
  <tag k="source" v="Bing"/>
 </node>
 <node id="252374973" visible="true" version="4" changeset="48519007" timestamp="2017-05-09T02:43:23Z" user="gezginrocker" uid="1686268" lat="9.4718011" lon="99.9314440">
  <tag k="source" v="Bing"/>
 </node>
 <node id="252374974" visible="true" version="2" changeset="48519007" timestamp="2017-05-09T02:43:23Z" user="gezginrocker" uid="1686268" lat="9.4686971" lon="99.9324809"/>
 <node id="252374976" visible="true" version="4" changeset="48519007" timestamp="2017-05-09T02:43:23Z" user="gezginrocker" uid="1686268" lat="9.4674732" lon="99.9329339">
  <tag k="source" v="Bing"/>
 </node>
 <node id="252374978" visible="true" version="2" changeset="48519007" timestamp="2017-05-09T02:43:23Z" user="gezginrocker" uid="1686268" lat="9.4657604" lon="99.9329395"/>
 <node id="252374979" visible="true" version="4" changeset="48519007" timestamp="2017-05-09T02:43:23Z" user="gezginrocker" uid="1686268" lat="9.4641126" lon="99.9330675">
  <tag k="source" v="Bing"/>
 </node>
 <node id="252374980" visible="true" version="2" changeset="48519007" timestamp="2017-05-09T02:43:24Z" user="gezginrocker" uid="1686268" lat="9.4636703" lon="99.9330683"/>
 <node id="252374981" visible="true" version="4" changeset="48519007" timestamp="2017-05-09T02:43:24Z" user="gezginrocker" uid="1686268" lat="9.4622487" lon="99.9331243">
  <tag k="source" v="Bing"/>
 </node>
 <node id="252374982" visible="true" version="4" changeset="48519007" timestamp="2017-05-09T02:43:24Z" user="gezginrocker" uid="1686268" lat="9.4612089" lon="99.9330761">
  <tag k="source" v="Bing"/>
 </node>
 <node id="252374983" visible="true" version="4" changeset="48519007" timestamp="2017-05-09T02:43:24Z" user="gezginrocker" uid="1686268" lat="9.4608119" lon="99.9330996">
  <tag k="source" v="Bing"/>
 </node>
 <node id="252374984" visible="true" version="4" changeset="48519007" timestamp="2017-05-09T02:43:24Z" user="gezginrocker" uid="1686268" lat="9.4591316" lon="99.9338986">
  <tag k="source" v="Bing"/>
 </node>
 <node id="252374986" visible="true" version="3" changeset="12209208" timestamp="2012-07-13T19:15:06Z" user="sturmflut" uid="5862" lat="9.4578934" lon="99.9336240">
  <tag k="source" v="Bing"/>
 </node>
 <node id="252374994" visible="true" version="3" changeset="12209208" timestamp="2012-07-13T19:15:06Z" user="sturmflut" uid="5862" lat="9.4570106" lon="99.9341914">
  <tag k="source" v="Bing"/>
 </node>
 <node id="252374995" visible="true" version="3" changeset="12209208" timestamp="2012-07-13T19:15:06Z" user="sturmflut" uid="5862" lat="9.4524302" lon="99.9343935">
  <tag k="source" v="Bing"/>
 </node>
 <node id="252374996" visible="true" version="4" changeset="12209208" timestamp="2012-07-13T19:15:09Z" user="sturmflut" uid="5862" lat="9.4509289" lon="99.9348014">
  <tag k="source" v="Bing"/>
 </node>
 <node id="252374997" visible="true" version="5" changeset="17767688" timestamp="2013-09-10T13:46:31Z" user="gezginrocker" uid="1686268" lat="9.4467021" lon="99.9354775">
  <tag k="source" v="Bing"/>
 </node>
 <node id="252374998" visible="true" version="4" changeset="12209208" timestamp="2012-07-13T19:15:09Z" user="sturmflut" uid="5862" lat="9.4425856" lon="99.9342158">
  <tag k="source" v="Bing"/>
 </node>
 <node id="252374999" visible="true" version="5" changeset="12209208" timestamp="2012-07-13T19:15:09Z" user="sturmflut" uid="5862" lat="9.4389880" lon="99.9341560">
  <tag k="source" v="Bing"/>
 </node>
 <node id="252375000" visible="true" version="4" changeset="12209208" timestamp="2012-07-13T19:15:09Z" user="sturmflut" uid="5862" lat="9.4376337" lon="99.9340283">
  <tag k="source" v="Bing"/>
 </node>
 <node id="252375001" visible="true" version="2" changeset="257433" timestamp="2008-04-25T23:10:39Z" user="Dimitri_Junker" uid="15686" lat="9.4374465" lon="99.9341743"/>
 <node id="252375002" visible="true" version="4" changeset="12209208" timestamp="2012-07-13T19:15:09Z" user="sturmflut" uid="5862" lat="9.4332016" lon="99.9345727">
  <tag k="source" v="Bing"/>
 </node>
 <node id="252375003" visible="true" version="5" changeset="12209208" timestamp="2012-07-13T19:15:09Z" user="sturmflut" uid="5862" lat="9.4317705" lon="99.9350040">
  <tag k="source" v="Bing"/>
 </node>
 <node id="252375004" visible="true" version="2" changeset="257433" timestamp="2008-04-25T23:10:40Z" user="Dimitri_Junker" uid="15686" lat="9.4304568" lon="99.9369043"/>
 <node id="252375005" visible="true" version="3" changeset="10980227" timestamp="2012-03-14T17:44:02Z" user="herbstman" uid="625474" lat="9.4266119" lon="99.9360070"/>
 <node id="252375006" visible="true" version="5" changeset="11973629" timestamp="2012-06-21T22:24:55Z" user="sturmflut" uid="5862" lat="9.4254630" lon="99.9349184">
  <tag k="source" v="Bing"/>
 </node>
 <node id="252375007" visible="true" version="4" changeset="11973629" timestamp="2012-06-21T22:24:55Z" user="sturmflut" uid="5862" lat="9.4265612" lon="99.9332999">
  <tag k="source" v="Bing"/>
 </node>
 <node id="252375008" visible="true" version="4" changeset="11973629" timestamp="2012-06-21T22:24:55Z" user="sturmflut" uid="5862" lat="9.4276512" lon="99.9315973">
  <tag k="source" v="Bing"/>
 </node>
 <node id="252375009" visible="true" version="4" changeset="11973629" timestamp="2012-06-21T22:24:55Z" user="sturmflut" uid="5862" lat="9.4282747" lon="99.9303032">
  <tag k="source" v="Bing"/>
 </node>
 <node id="252375010" visible="true" version="4" changeset="11973629" timestamp="2012-06-21T22:24:55Z" user="sturmflut" uid="5862" lat="9.4279381" lon="99.9291781">
  <tag k="source" v="Bing"/>
 </node>
 <node id="252375011" visible="true" version="3" changeset="11973629" timestamp="2012-06-21T22:24:55Z" user="sturmflut" uid="5862" lat="9.4271413" lon="99.9289164">
  <tag k="source" v="Bing"/>
 </node>
 <node id="252375012" visible="true" version="3" changeset="11973629" timestamp="2012-06-21T22:24:55Z" user="sturmflut" uid="5862" lat="9.4269346" lon="99.9290193">
  <tag k="source" v="Bing"/>
 </node>
 <node id="252375013" visible="true" version="3" changeset="11973629" timestamp="2012-06-21T22:24:55Z" user="sturmflut" uid="5862" lat="9.4255916" lon="99.9285140">
  <tag k="source" v="Bing"/>
 </node>
 <node id="252375014" visible="true" version="3" changeset="11973629" timestamp="2012-06-21T22:24:55Z" user="sturmflut" uid="5862" lat="9.4241373" lon="99.9283472">
  <tag k="source" v="Bing"/>
 </node>
 <node id="252375015" visible="true" version="4" changeset="11973629" timestamp="2012-06-21T22:24:55Z" user="sturmflut" uid="5862" lat="9.4232046" lon="99.9281993">
  <tag k="source" v="Bing"/>
 </node>
 <node id="252375016" visible="true" version="3" changeset="11973629" timestamp="2012-06-21T22:24:55Z" user="sturmflut" uid="5862" lat="9.4218595" lon="99.9284726">
  <tag k="source" v="Bing"/>
 </node>
 <node id="252375017" visible="true" version="3" changeset="11973629" timestamp="2012-06-21T22:24:55Z" user="sturmflut" uid="5862" lat="9.4199935" lon="99.9287236">
  <tag k="source" v="Bing"/>
 </node>
 <node id="252375018" visible="true" version="3" changeset="11973629" timestamp="2012-06-21T22:24:56Z" user="sturmflut" uid="5862" lat="9.4189749" lon="99.9287228">
  <tag k="source" v="Bing"/>
 </node>
 <node id="252375019" visible="true" version="3" changeset="11973629" timestamp="2012-06-21T22:24:57Z" user="sturmflut" uid="5862" lat="9.4182583" lon="99.9288020">
  <tag k="source" v="Bing"/>
 </node>
 <node id="252375020" visible="true" version="3" changeset="11973629" timestamp="2012-06-21T22:24:57Z" user="sturmflut" uid="5862" lat="9.4174931" lon="99.9290683">
  <tag k="source" v="Bing"/>
 </node>
 <node id="252375021" visible="true" version="1" changeset="331652" timestamp="2008-03-16T10:06:45Z" user="andrewpmk" uid="1679" lat="9.4171372" lon="99.9293212"/>
 <node id="252375022" visible="true" version="3" changeset="11973629" timestamp="2012-06-21T22:24:57Z" user="sturmflut" uid="5862" lat="9.4168166" lon="99.9301765">
  <tag k="source" v="Bing"/>
 </node>
 <node id="252375023" visible="true" version="3" changeset="11973629" timestamp="2012-06-21T22:24:57Z" user="sturmflut" uid="5862" lat="9.4177751" lon="99.9358429">
  <tag k="source" v="Bing"/>
 </node>
 <node id="252375024" visible="true" version="3" changeset="11973629" timestamp="2012-06-21T22:24:57Z" user="sturmflut" uid="5862" lat="9.4185302" lon="99.9372352">
  <tag k="source" v="Bing"/>
 </node>
 <node id="252375025" visible="true" version="3" changeset="11973629" timestamp="2012-06-21T22:24:57Z" user="sturmflut" uid="5862" lat="9.4202042" lon="99.9388229">
  <tag k="source" v="Bing"/>
 </node>
 <node id="252375026" visible="true" version="3" changeset="11973629" timestamp="2012-06-21T22:24:57Z" user="sturmflut" uid="5862" lat="9.4212710" lon="99.9399725">
  <tag k="source" v="Bing"/>
 </node>
 <node id="252375027" visible="true" version="3" changeset="11973629" timestamp="2012-06-21T22:24:57Z" user="sturmflut" uid="5862" lat="9.4218894" lon="99.9414150">
  <tag k="source" v="Bing"/>
 </node>
 <node id="252375028" visible="true" version="3" changeset="11973629" timestamp="2012-06-21T22:24:57Z" user="sturmflut" uid="5862" lat="9.4219459" lon="99.9427093">
  <tag k="source" v="Bing"/>
 </node>
 <node id="252375029" visible="true" version="3" changeset="11973629" timestamp="2012-06-21T22:24:57Z" user="sturmflut" uid="5862" lat="9.4216066" lon="99.9445060">
  <tag k="source" v="Bing"/>
 </node>
 <node id="252375030" visible="true" version="4" changeset="11973629" timestamp="2012-06-21T22:24:57Z" user="sturmflut" uid="5862" lat="9.4208606" lon="99.9459932">
  <tag k="source" v="Bing"/>
 </node>
 <node id="252375031" visible="true" version="4" changeset="11973629" timestamp="2012-06-21T22:24:58Z" user="sturmflut" uid="5862" lat="9.4202190" lon="99.9482701">
  <tag k="source" v="Bing"/>
 </node>
 <node id="252375032" visible="true" version="4" changeset="11973629" timestamp="2012-06-21T22:24:58Z" user="sturmflut" uid="5862" lat="9.4204678" lon="99.9485031">
  <tag k="source" v="Bing"/>
 </node>
 <node id="252375033" visible="true" version="3" changeset="11973629" timestamp="2012-06-21T22:24:58Z" user="sturmflut" uid="5862" lat="9.4207499" lon="99.9489756">
  <tag k="source" v="Bing"/>
 </node>
 <node id="252375034" visible="true" version="3" changeset="11973629" timestamp="2012-06-21T22:24:59Z" user="sturmflut" uid="5862" lat="9.4215812" lon="99.9495148">
  <tag k="source" v="Bing"/>
 </node>
 <node id="252375035" visible="true" version="3" changeset="11973629" timestamp="2012-06-21T22:24:59Z" user="sturmflut" uid="5862" lat="9.4220530" lon="99.9497948">
  <tag k="source" v="Bing"/>
 </node>
 <node id="252375036" visible="true" version="3" changeset="11973629" timestamp="2012-06-21T22:24:59Z" user="sturmflut" uid="5862" lat="9.4220980" lon="99.9506057">
  <tag k="source" v="Bing"/>
 </node>
 <node id="253138709" visible="true" version="6" changeset="61630690" timestamp="2018-08-13T15:26:11Z" user="Xadu" uid="1208299" lat="9.5703968" lon="100.0616361"/>
 <node id="253138710" visible="true" version="4" changeset="61630690" timestamp="2018-08-13T15:26:11Z" user="Xadu" uid="1208299" lat="9.5706734" lon="100.0616446"/>
 <node id="260741057" visible="true" version="5" changeset="27875399" timestamp="2015-01-02T22:42:10Z" user="romge" uid="439883" lat="9.5382722" lon="99.9333969">
  <tag k="source" v="Bing"/>
 </node>
 <node id="261182931" visible="true" version="4" changeset="53070179" timestamp="2017-10-19T14:17:16Z" user="misht" uid="615059" lat="9.5678292" lon="100.0612114"/>
 <node id="261182938" visible="true" version="5" changeset="53070179" timestamp="2017-10-19T14:17:16Z" user="misht" uid="615059" lat="9.5701712" lon="100.0604443"/>
 <node id="416617317" visible="true" version="3" changeset="12209208" timestamp="2012-07-13T19:19:43Z" user="sturmflut" uid="5862" lat="9.5825792" lon="99.9852647">
  <tag k="source" v="Bing"/>
 </node>
 <node id="1201815619" visible="true" version="4" changeset="48519007" timestamp="2017-05-09T02:43:24Z" user="gezginrocker" uid="1686268" lat="9.4618317" lon="99.9331147">
  <tag k="source" v="Bing"/>
 </node>
 <node id="1674783855" visible="true" version="1" changeset="10980227" timestamp="2012-03-14T17:43:34Z" user="herbstman" uid="625474" lat="9.4287599" lon="99.9372145"/>
 <node id="1674784056" visible="true" version="3" changeset="11973629" timestamp="2012-06-21T22:21:21Z" user="sturmflut" uid="5862" lat="9.4208875" lon="99.9457210">
  <tag k="source" v="Bing"/>
 </node>
 <node id="1674784059" visible="true" version="3" changeset="11973629" timestamp="2012-06-21T22:21:21Z" user="sturmflut" uid="5862" lat="9.4195855" lon="99.9456871">
  <tag k="source" v="Bing"/>
 </node>
 <node id="1674784060" visible="true" version="3" changeset="11973629" timestamp="2012-06-21T22:21:21Z" user="sturmflut" uid="5862" lat="9.4195999" lon="99.9459198">
  <tag k="source" v="Bing"/>
 </node>
 <node id="1674784063" visible="true" version="3" changeset="11973629" timestamp="2012-06-21T22:21:22Z" user="sturmflut" uid="5862" lat="9.4194839" lon="99.9454271">
  <tag k="source" v="Bing"/>
 </node>
 <node id="1674784065" visible="true" version="3" changeset="11973629" timestamp="2012-06-21T22:21:22Z" user="sturmflut" uid="5862" lat="9.4193704" lon="99.9461135">
  <tag k="source" v="Bing"/>
 </node>
 <node id="1674784067" visible="true" version="3" changeset="11973629" timestamp="2012-06-21T22:21:22Z" user="sturmflut" uid="5862" lat="9.4188427" lon="99.9453853">
  <tag k="source" v="Bing"/>
 </node>
 <node id="1674784069" visible="true" version="3" changeset="11973629" timestamp="2012-06-21T22:21:22Z" user="sturmflut" uid="5862" lat="9.4189749" lon="99.9462226">
  <tag k="source" v="Bing"/>
 </node>
 <node id="1786765933" visible="true" version="2" changeset="11973629" timestamp="2012-06-21T22:22:36Z" user="sturmflut" uid="5862" lat="9.4168441" lon="99.9308467">
  <tag k="source" v="Bing"/>
 </node>
 <node id="1786765937" visible="true" version="2" changeset="11973629" timestamp="2012-06-21T22:22:37Z" user="sturmflut" uid="5862" lat="9.4169059" lon="99.9297221">
  <tag k="source" v="Bing"/>
 </node>
 <node id="1786765948" visible="true" version="2" changeset="11973629" timestamp="2012-06-21T22:22:38Z" user="sturmflut" uid="5862" lat="9.4170207" lon="99.9315924">
  <tag k="source" v="Bing"/>
 </node>
 <node id="1786765956" visible="true" version="2" changeset="11973629" timestamp="2012-06-21T22:22:39Z" user="sturmflut" uid="5862" lat="9.4171443" lon="99.9332973">
  <tag k="source" v="Bing"/>
 </node>
 <node id="1786765958" visible="true" version="2" changeset="11973629" timestamp="2012-06-21T22:22:39Z" user="sturmflut" uid="5862" lat="9.4171560" lon="99.9321771">
  <tag k="source" v="Bing"/>
 </node>
 <node id="1786765962" visible="true" version="2" changeset="11973629" timestamp="2012-06-21T22:22:40Z" user="sturmflut" uid="5862" lat="9.4172208" lon="99.9326812">
  <tag k="source" v="Bing"/>
 </node>
 <node id="1786765964" visible="true" version="2" changeset="11973629" timestamp="2012-06-21T22:22:40Z" user="sturmflut" uid="5862" lat="9.4173149" lon="99.9291703">
  <tag k="source" v="Bing"/>
 </node>
 <node id="1786765973" visible="true" version="2" changeset="11973629" timestamp="2012-06-21T22:22:41Z" user="sturmflut" uid="5862" lat="9.4174388" lon="99.9345637">
  <tag k="source" v="Bing"/>
 </node>
 <node id="1786765995" visible="true" version="2" changeset="11973629" timestamp="2012-06-21T22:22:43Z" user="sturmflut" uid="5862" lat="9.4175636" lon="99.9352344">
  <tag k="source" v="Bing"/>
 </node>
 <node id="1786766066" visible="true" version="2" changeset="11973629" timestamp="2012-06-21T22:22:45Z" user="sturmflut" uid="5862" lat="9.4181234" lon="99.9365611">
  <tag k="source" v="Bing"/>
 </node>
 <node id="1786766108" visible="true" version="3" changeset="18092286" timestamp="2013-09-29T12:54:25Z" user="gezginrocker" uid="1686268" lat="9.4188038" lon="99.9458084">
  <tag k="source" v="Bing"/>
 </node>
 <node id="1786766113" visible="true" version="2" changeset="11973629" timestamp="2012-06-21T22:22:47Z" user="sturmflut" uid="5862" lat="9.4188151" lon="99.9460676">
  <tag k="source" v="Bing"/>
 </node>
 <node id="1786766118" visible="true" version="2" changeset="11973629" timestamp="2012-06-21T22:22:47Z" user="sturmflut" uid="5862" lat="9.4188210" lon="99.9461720">
  <tag k="source" v="Bing"/>
 </node>
 <node id="1786766123" visible="true" version="2" changeset="11973629" timestamp="2012-06-21T22:22:47Z" user="sturmflut" uid="5862" lat="9.4188710" lon="99.9462063">
  <tag k="source" v="Bing"/>
 </node>
 <node id="1786766126" visible="true" version="2" changeset="11973629" timestamp="2012-06-21T22:22:47Z" user="sturmflut" uid="5862" lat="9.4189092" lon="99.9453502">
  <tag k="source" v="Bing"/>
 </node>
 <node id="1786766135" visible="true" version="2" changeset="11973629" timestamp="2012-06-21T22:22:49Z" user="sturmflut" uid="5862" lat="9.4191139" lon="99.9379089">
  <tag k="source" v="Bing"/>
 </node>
 <node id="1786766150" visible="true" version="2" changeset="11973629" timestamp="2012-06-21T22:22:49Z" user="sturmflut" uid="5862" lat="9.4191417" lon="99.9462302">
  <tag k="source" v="Bing"/>
 </node>
 <node id="1786766152" visible="true" version="2" changeset="11973629" timestamp="2012-06-21T22:22:49Z" user="sturmflut" uid="5862" lat="9.4192079" lon="99.9453457">
  <tag k="source" v="Bing"/>
 </node>
 <node id="1786766157" visible="true" version="2" changeset="11973629" timestamp="2012-06-21T22:22:49Z" user="sturmflut" uid="5862" lat="9.4192329" lon="99.9462093">
  <tag k="source" v="Bing"/>
 </node>
 <node id="1786766162" visible="true" version="2" changeset="11973629" timestamp="2012-06-21T22:22:49Z" user="sturmflut" uid="5862" lat="9.4194301" lon="99.9453696">
  <tag k="source" v="Bing"/>
 </node>
 <node id="1786766164" visible="true" version="2" changeset="11973629" timestamp="2012-06-21T22:22:49Z" user="sturmflut" uid="5862" lat="9.4194484" lon="99.9287467">
  <tag k="source" v="Bing"/>
 </node>
 <node id="1786766173" visible="true" version="2" changeset="11973629" timestamp="2012-06-21T22:22:51Z" user="sturmflut" uid="5862" lat="9.4198026" lon="99.9383941">
  <tag k="source" v="Bing"/>
 </node>
 <node id="1786766193" visible="true" version="2" changeset="11973629" timestamp="2012-06-21T22:22:52Z" user="sturmflut" uid="5862" lat="9.4202114" lon="99.9459692">
  <tag k="source" v="Bing"/>
 </node>
 <node id="1786766194" visible="true" version="2" changeset="11973629" timestamp="2012-06-21T22:22:52Z" user="sturmflut" uid="5862" lat="9.4202606" lon="99.9288243">
  <tag k="source" v="Bing"/>
 </node>
 <node id="1786766195" visible="true" version="2" changeset="11973629" timestamp="2012-06-21T22:22:53Z" user="sturmflut" uid="5862" lat="9.4203026" lon="99.9478574">
  <tag k="source" v="Bing"/>
 </node>
 <node id="1786766198" visible="true" version="2" changeset="11973629" timestamp="2012-06-21T22:22:53Z" user="sturmflut" uid="5862" lat="9.4203276" lon="99.9474233">
  <tag k="source" v="Bing"/>
 </node>
 <node id="1786766199" visible="true" version="2" changeset="11973629" timestamp="2012-06-21T22:22:53Z" user="sturmflut" uid="5862" lat="9.4203423" lon="99.9457156">
  <tag k="source" v="Bing"/>
 </node>
 <node id="1786766201" visible="true" version="3" changeset="12082040" timestamp="2012-07-01T22:58:59Z" user="sturmflut" uid="5862" lat="9.4203094" lon="99.9476394">
  <tag k="source" v="Bing"/>
 </node>
 <node id="1786766203" visible="true" version="2" changeset="11973629" timestamp="2012-06-21T22:22:54Z" user="sturmflut" uid="5862" lat="9.4204601" lon="99.9390226">
  <tag k="source" v="Bing"/>
 </node>
 <node id="1786766207" visible="true" version="2" changeset="11973629" timestamp="2012-06-21T22:22:54Z" user="sturmflut" uid="5862" lat="9.4205410" lon="99.9471325">
  <tag k="source" v="Bing"/>
 </node>
 <node id="1786766210" visible="true" version="2" changeset="11973629" timestamp="2012-06-21T22:22:55Z" user="sturmflut" uid="5862" lat="9.4206616" lon="99.9486732">
  <tag k="source" v="Bing"/>
 </node>
 <node id="1786766211" visible="true" version="2" changeset="11973629" timestamp="2012-06-21T22:22:55Z" user="sturmflut" uid="5862" lat="9.4206793" lon="99.9468760">
  <tag k="source" v="Bing"/>
 </node>
 <node id="1786766213" visible="true" version="2" changeset="11973629" timestamp="2012-06-21T22:22:55Z" user="sturmflut" uid="5862" lat="9.4206881" lon="99.9464986">
  <tag k="source" v="Bing"/>
 </node>
 <node id="1786766217" visible="true" version="2" changeset="11973629" timestamp="2012-06-21T22:22:56Z" user="sturmflut" uid="5862" lat="9.4207138" lon="99.9288541">
  <tag k="source" v="Bing"/>
 </node>
 <node id="1786766235" visible="true" version="2" changeset="11973629" timestamp="2012-06-21T22:22:56Z" user="sturmflut" uid="5862" lat="9.4208191" lon="99.9464509">
  <tag k="source" v="Bing"/>
 </node>
 <node id="1786766238" visible="true" version="2" changeset="11973629" timestamp="2012-06-21T22:22:58Z" user="sturmflut" uid="5862" lat="9.4208882" lon="99.9463510">
  <tag k="source" v="Bing"/>
 </node>
 <node id="1786766239" visible="true" version="2" changeset="11973629" timestamp="2012-06-21T22:22:58Z" user="sturmflut" uid="5862" lat="9.4208897" lon="99.9461988">
  <tag k="source" v="Bing"/>
 </node>
 <node id="1786766241" visible="true" version="2" changeset="11973629" timestamp="2012-06-21T22:22:58Z" user="sturmflut" uid="5862" lat="9.4209397" lon="99.9460512">
  <tag k="source" v="Bing"/>
 </node>
 <node id="1786766243" visible="true" version="2" changeset="11973629" timestamp="2012-06-21T22:22:58Z" user="sturmflut" uid="5862" lat="9.4209551" lon="99.9288183">
  <tag k="source" v="Bing"/>
 </node>
 <node id="1786766244" visible="true" version="2" changeset="11973629" timestamp="2012-06-21T22:22:58Z" user="sturmflut" uid="5862" lat="9.4209677" lon="99.9457231">
  <tag k="source" v="Bing"/>
 </node>
 <node id="1786766245" visible="true" version="2" changeset="11973629" timestamp="2012-06-21T22:22:58Z" user="sturmflut" uid="5862" lat="9.4209706" lon="99.9461392">
  <tag k="source" v="Bing"/>
 </node>
 <node id="1786766246" visible="true" version="2" changeset="11973629" timestamp="2012-06-21T22:22:58Z" user="sturmflut" uid="5862" lat="9.4210412" lon="99.9456932">
  <tag k="source" v="Bing"/>
 </node>
 <node id="1786766247" visible="true" version="2" changeset="11973629" timestamp="2012-06-21T22:22:58Z" user="sturmflut" uid="5862" lat="9.4210449" lon="99.9396196">
  <tag k="source" v="Bing"/>
 </node>
 <node id="1786766250" visible="true" version="2" changeset="11973629" timestamp="2012-06-21T22:23:00Z" user="sturmflut" uid="5862" lat="9.4211369" lon="99.9455978">
  <tag k="source" v="Bing"/>
 </node>
 <node id="1786766256" visible="true" version="2" changeset="11973629" timestamp="2012-06-21T22:23:00Z" user="sturmflut" uid="5862" lat="9.4212266" lon="99.9454964">
  <tag k="source" v="Bing"/>
 </node>
 <node id="1786766258" visible="true" version="2" changeset="11973629" timestamp="2012-06-21T22:23:00Z" user="sturmflut" uid="5862" lat="9.4212494" lon="99.9287944">
  <tag k="source" v="Bing"/>
 </node>
 <node id="1786766259" visible="true" version="2" changeset="11973629" timestamp="2012-06-21T22:23:00Z" user="sturmflut" uid="5862" lat="9.4212561" lon="99.9494115">
  <tag k="source" v="Bing"/>
 </node>
 <node id="1786766264" visible="true" version="2" changeset="11973629" timestamp="2012-06-21T22:23:02Z" user="sturmflut" uid="5862" lat="9.4213429" lon="99.9454486">
  <tag k="source" v="Bing"/>
 </node>
 <node id="1786766268" visible="true" version="2" changeset="11973629" timestamp="2012-06-21T22:23:02Z" user="sturmflut" uid="5862" lat="9.4214841" lon="99.9454486">
  <tag k="source" v="Bing"/>
 </node>
 <node id="1786766270" visible="true" version="2" changeset="11973629" timestamp="2012-06-21T22:23:02Z" user="sturmflut" uid="5862" lat="9.4215621" lon="99.9454054">
  <tag k="source" v="Bing"/>
 </node>
 <node id="1786766271" visible="true" version="2" changeset="11973629" timestamp="2012-06-21T22:23:02Z" user="sturmflut" uid="5862" lat="9.4215789" lon="99.9286453">
  <tag k="source" v="Bing"/>
 </node>
 <node id="1786766272" visible="true" version="2" changeset="11973629" timestamp="2012-06-21T22:23:03Z" user="sturmflut" uid="5862" lat="9.4216048" lon="99.9449907">
  <tag k="source" v="Bing"/>
 </node>
 <node id="1786766273" visible="true" version="2" changeset="11973629" timestamp="2012-06-21T22:23:03Z" user="sturmflut" uid="5862" lat="9.4216162" lon="99.9404597">
  <tag k="source" v="Bing"/>
 </node>
 <node id="1786766274" visible="true" version="2" changeset="11973629" timestamp="2012-06-21T22:23:03Z" user="sturmflut" uid="5862" lat="9.4216165" lon="99.9452488">
  <tag k="source" v="Bing"/>
 </node>
 <node id="1786766284" visible="true" version="2" changeset="11973629" timestamp="2012-06-21T22:23:03Z" user="sturmflut" uid="5862" lat="9.4216268" lon="99.9450937">
  <tag k="source" v="Bing"/>
 </node>
 <node id="1786766289" visible="true" version="2" changeset="11973629" timestamp="2012-06-21T22:23:04Z" user="sturmflut" uid="5862" lat="9.4217269" lon="99.9406610">
  <tag k="source" v="Bing"/>
 </node>
 <node id="1786766290" visible="true" version="2" changeset="11973629" timestamp="2012-06-21T22:23:04Z" user="sturmflut" uid="5862" lat="9.4217298" lon="99.9441063">
  <tag k="source" v="Bing"/>
 </node>
 <node id="1786766293" visible="true" version="2" changeset="11973629" timestamp="2012-06-21T22:23:05Z" user="sturmflut" uid="5862" lat="9.4218139" lon="99.9408963">
  <tag k="source" v="Bing"/>
 </node>
 <node id="1786766294" visible="true" version="2" changeset="11973629" timestamp="2012-06-21T22:23:05Z" user="sturmflut" uid="5862" lat="9.4218578" lon="99.9494667">
  <tag k="source" v="Bing"/>
 </node>
 <node id="1786766295" visible="true" version="2" changeset="11973629" timestamp="2012-06-21T22:23:05Z" user="sturmflut" uid="5862" lat="9.4218917" lon="99.9434322">
  <tag k="source" v="Bing"/>
 </node>
 <node id="1786766297" visible="true" version="2" changeset="11973629" timestamp="2012-06-21T22:23:05Z" user="sturmflut" uid="5862" lat="9.4219491" lon="99.9418437">
  <tag k="source" v="Bing"/>
 </node>
 <node id="1786766300" visible="true" version="2" changeset="11973629" timestamp="2012-06-21T22:23:05Z" user="sturmflut" uid="5862" lat="9.4220153" lon="99.9496203">
  <tag k="source" v="Bing"/>
 </node>
 <node id="1786766301" visible="true" version="2" changeset="11973629" timestamp="2012-06-21T22:23:05Z" user="sturmflut" uid="5862" lat="9.4220345" lon="99.9510711">
  <tag k="source" v="Bing"/>
 </node>
 <node id="1786766304" visible="true" version="2" changeset="11973629" timestamp="2012-06-21T22:23:05Z" user="sturmflut" uid="5862" lat="9.4220771" lon="99.9501990">
  <tag k="source" v="Bing"/>
 </node>
 <node id="1786766326" visible="true" version="2" changeset="11973629" timestamp="2012-06-21T22:23:09Z" user="sturmflut" uid="5862" lat="9.4224176" lon="99.9284007">
  <tag k="source" v="Bing"/>
 </node>
 <node id="1786766330" visible="true" version="2" changeset="11973629" timestamp="2012-06-21T22:23:09Z" user="sturmflut" uid="5862" lat="9.4224971" lon="99.9283321">
  <tag k="source" v="Bing"/>
 </node>
 <node id="1786766340" visible="true" version="2" changeset="11973629" timestamp="2012-06-21T22:23:11Z" user="sturmflut" uid="5862" lat="9.4227148" lon="99.9282903">
  <tag k="source" v="Bing"/>
 </node>
 <node id="1786766341" visible="true" version="2" changeset="11973629" timestamp="2012-06-21T22:23:11Z" user="sturmflut" uid="5862" lat="9.4228855" lon="99.9282724">
  <tag k="source" v="Bing"/>
 </node>
 <node id="1786766364" visible="true" version="2" changeset="11973629" timestamp="2012-06-21T22:23:14Z" user="sturmflut" uid="5862" lat="9.4239933" lon="99.9282754">
  <tag k="source" v="Bing"/>
 </node>
 <node id="1786766388" visible="true" version="2" changeset="11973629" timestamp="2012-06-21T22:23:16Z" user="sturmflut" uid="5862" lat="9.4245259" lon="99.9284290">
  <tag k="source" v="Bing"/>
 </node>
 <node id="1786766412" visible="true" version="2" changeset="11973629" timestamp="2012-06-21T22:23:20Z" user="sturmflut" uid="5862" lat="9.4252321" lon="99.9285379">
  <tag k="source" v="Bing"/>
 </node>
 <node id="1786766414" visible="true" version="2" changeset="11973629" timestamp="2012-06-21T22:23:20Z" user="sturmflut" uid="5862" lat="9.4252895" lon="99.9284723">
  <tag k="source" v="Bing"/>
 </node>
 <node id="1786766432" visible="true" version="2" changeset="11973629" timestamp="2012-06-21T22:23:24Z" user="sturmflut" uid="5862" lat="9.4258164" lon="99.9286274">
  <tag k="source" v="Bing"/>
 </node>
 <node id="1786766455" visible="true" version="2" changeset="11973629" timestamp="2012-06-21T22:23:26Z" user="sturmflut" uid="5862" lat="9.4261313" lon="99.9287407">
  <tag k="source" v="Bing"/>
 </node>
 <node id="1786766462" visible="true" version="2" changeset="11973629" timestamp="2012-06-21T22:23:27Z" user="sturmflut" uid="5862" lat="9.4262549" lon="99.9287706">
  <tag k="source" v="Bing"/>
 </node>
 <node id="1786766472" visible="true" version="2" changeset="11973629" timestamp="2012-06-21T22:23:29Z" user="sturmflut" uid="5862" lat="9.4264726" lon="99.9289078">
  <tag k="source" v="Bing"/>
 </node>
 <node id="1786766478" visible="true" version="2" changeset="11973629" timestamp="2012-06-21T22:23:29Z" user="sturmflut" uid="5862" lat="9.4266198" lon="99.9289167">
  <tag k="source" v="Bing"/>
 </node>
 <node id="1786766481" visible="true" version="2" changeset="11973629" timestamp="2012-06-21T22:23:30Z" user="sturmflut" uid="5862" lat="9.4267492" lon="99.9289257">
  <tag k="source" v="Bing"/>
 </node>
 <node id="1793788097" visible="true" version="3" changeset="48519007" timestamp="2017-05-09T02:43:24Z" user="gezginrocker" uid="1686268" lat="9.4630843" lon="99.9331366">
  <tag k="source" v="Bing"/>
 </node>
 <node id="1793788098" visible="true" version="3" changeset="48519007" timestamp="2017-05-09T02:43:24Z" user="gezginrocker" uid="1686268" lat="9.4649048" lon="99.9330110">
  <tag k="source" v="Bing"/>
 </node>
 <node id="1793788100" visible="true" version="3" changeset="48519007" timestamp="2017-05-09T02:43:24Z" user="gezginrocker" uid="1686268" lat="9.4668645" lon="99.9330287">
  <tag k="source" v="Bing"/>
 </node>
 <node id="1793788103" visible="true" version="3" changeset="48519007" timestamp="2017-05-09T02:43:24Z" user="gezginrocker" uid="1686268" lat="9.4724517" lon="99.9313346">
  <tag k="source" v="Bing"/>
 </node>
 <node id="1793788104" visible="true" version="3" changeset="48519007" timestamp="2017-05-09T02:43:24Z" user="gezginrocker" uid="1686268" lat="9.4732284" lon="99.9312078">
  <tag k="source" v="Bing"/>
 </node>
 <node id="1793788106" visible="true" version="3" changeset="48519007" timestamp="2017-05-09T02:43:24Z" user="gezginrocker" uid="1686268" lat="9.4737533" lon="99.9293563">
  <tag k="source" v="Bing"/>
 </node>
 <node id="1793788107" visible="true" version="3" changeset="48519007" timestamp="2017-05-09T02:43:24Z" user="gezginrocker" uid="1686268" lat="9.4736828" lon="99.9291407">
  <tag k="source" v="Bing"/>
 </node>
 <node id="1793788108" visible="true" version="3" changeset="48519007" timestamp="2017-05-09T02:43:24Z" user="gezginrocker" uid="1686268" lat="9.4739001" lon="99.9308679">
  <tag k="source" v="Bing"/>
 </node>
 <node id="1793788109" visible="true" version="3" changeset="48519007" timestamp="2017-05-09T02:43:24Z" user="gezginrocker" uid="1686268" lat="9.4739622" lon="99.9296491">
  <tag k="source" v="Bing"/>
 </node>
 <node id="1793788110" visible="true" version="3" changeset="48518935" timestamp="2017-05-09T02:37:33Z" user="gezginrocker" uid="1686268" lat="9.4739905" lon="99.9284941">
  <tag k="source" v="Bing"/>
 </node>
 <node id="1793788111" visible="true" version="3" changeset="48519007" timestamp="2017-05-09T02:43:24Z" user="gezginrocker" uid="1686268" lat="9.4739656" lon="99.9295102">
  <tag k="source" v="Bing"/>
 </node>
 <node id="1793788113" visible="true" version="3" changeset="48519007" timestamp="2017-05-09T02:43:24Z" user="gezginrocker" uid="1686268" lat="9.4743124" lon="99.9304463">
  <tag k="source" v="Bing"/>
 </node>
 <node id="1793788114" visible="true" version="3" changeset="48518935" timestamp="2017-05-09T02:37:33Z" user="gezginrocker" uid="1686268" lat="9.4740949" lon="99.9284766">
  <tag k="source" v="Bing"/>
 </node>
 <node id="1793788115" visible="true" version="4" changeset="48518935" timestamp="2017-05-09T02:37:33Z" user="gezginrocker" uid="1686268" lat="9.4741851" lon="99.9288196">
  <tag k="source" v="Bing"/>
 </node>
 <node id="1793788116" visible="true" version="2" changeset="11973629" timestamp="2012-06-21T22:24:03Z" user="sturmflut" uid="5862" lat="9.4743333" lon="99.9302133">
  <tag k="source" v="Bing"/>
 </node>
 <node id="1793788117" visible="true" version="4" changeset="48518935" timestamp="2017-05-09T02:37:33Z" user="gezginrocker" uid="1686268" lat="9.4744490" lon="99.9292263">
  <tag k="source" v="Bing"/>
 </node>
 <node id="1793788118" visible="true" version="3" changeset="48518935" timestamp="2017-05-09T02:37:33Z" user="gezginrocker" uid="1686268" lat="9.4743057" lon="99.9288238">
  <tag k="source" v="Bing"/>
 </node>
 <node id="1793788119" visible="true" version="3" changeset="48518935" timestamp="2017-05-09T02:37:33Z" user="gezginrocker" uid="1686268" lat="9.4746606" lon="99.9293712">
  <tag k="source" v="Bing"/>
 </node>
 <node id="1793788120" visible="true" version="4" changeset="48518935" timestamp="2017-05-09T02:37:33Z" user="gezginrocker" uid="1686268" lat="9.4751457" lon="99.9298664">
  <tag k="source" v="Bing"/>
 </node>
 <node id="1793788121" visible="true" version="3" changeset="48518935" timestamp="2017-05-09T02:37:33Z" user="gezginrocker" uid="1686268" lat="9.4754796" lon="99.9298518">
  <tag k="source" v="Bing"/>
 </node>
 <node id="1793788122" visible="true" version="3" changeset="48518935" timestamp="2017-05-09T02:37:33Z" user="gezginrocker" uid="1686268" lat="9.4757709" lon="99.9298367">
  <tag k="source" v="Bing"/>
 </node>
 <node id="1793788123" visible="true" version="3" changeset="48518935" timestamp="2017-05-09T02:37:33Z" user="gezginrocker" uid="1686268" lat="9.4761848" lon="99.9297202">
  <tag k="source" v="Bing"/>
 </node>
 <node id="1793788125" visible="true" version="5" changeset="48518935" timestamp="2017-05-09T02:37:33Z" user="gezginrocker" uid="1686268" lat="9.4764838" lon="99.9295062">
  <tag k="source" v="Bing"/>
 </node>
 <node id="1793788126" visible="true" version="2" changeset="11973629" timestamp="2012-06-21T22:24:05Z" user="sturmflut" uid="5862" lat="9.4766691" lon="99.9276324">
  <tag k="source" v="Bing"/>
 </node>
 <node id="1793788127" visible="true" version="3" changeset="48518935" timestamp="2017-05-09T02:37:33Z" user="gezginrocker" uid="1686268" lat="9.4768384" lon="99.9268597">
  <tag k="source" v="Bing"/>
 </node>
 <node id="1793788128" visible="true" version="2" changeset="11973629" timestamp="2012-06-21T22:24:05Z" user="sturmflut" uid="5862" lat="9.4768278" lon="99.9275530">
  <tag k="source" v="Bing"/>
 </node>
 <node id="1793788129" visible="true" version="3" changeset="48518935" timestamp="2017-05-09T02:37:33Z" user="gezginrocker" uid="1686268" lat="9.4769639" lon="99.9266386">
  <tag k="source" v="Bing"/>
 </node>
 <node id="1793788130" visible="true" version="3" changeset="48518935" timestamp="2017-05-09T02:37:33Z" user="gezginrocker" uid="1686268" lat="9.4768596" lon="99.9271821">
  <tag k="source" v="Bing"/>
 </node>
 <node id="1793788131" visible="true" version="3" changeset="48518935" timestamp="2017-05-09T02:37:33Z" user="gezginrocker" uid="1686268" lat="9.4768797" lon="99.9274382">
  <tag k="source" v="Bing"/>
 </node>
 <node id="1793788133" visible="true" version="3" changeset="48518935" timestamp="2017-05-09T02:37:33Z" user="gezginrocker" uid="1686268" lat="9.4770634" lon="99.9264883">
  <tag k="source" v="Bing"/>
 </node>
 <node id="1793788135" visible="true" version="3" changeset="48518935" timestamp="2017-05-09T02:37:33Z" user="gezginrocker" uid="1686268" lat="9.4774048" lon="99.9266118">
  <tag k="source" v="Bing"/>
 </node>
 <node id="1793788137" visible="true" version="3" changeset="48518935" timestamp="2017-05-09T02:37:33Z" user="gezginrocker" uid="1686268" lat="9.4778181" lon="99.9264508">
  <tag k="source" v="Bing"/>
 </node>
 <node id="1793788139" visible="true" version="3" changeset="48518935" timestamp="2017-05-09T02:37:33Z" user="gezginrocker" uid="1686268" lat="9.4779986" lon="99.9265334">
  <tag k="source" v="Bing"/>
 </node>
 <node id="1793788140" visible="true" version="3" changeset="48518935" timestamp="2017-05-09T02:37:33Z" user="gezginrocker" uid="1686268" lat="9.4783208" lon="99.9268983">
  <tag k="source" v="Bing"/>
 </node>
 <node id="1793788141" visible="true" version="4" changeset="48518935" timestamp="2017-05-09T02:37:33Z" user="gezginrocker" uid="1686268" lat="9.4784876" lon="99.9269638">
  <tag k="source" v="Bing"/>
 </node>
 <node id="1793788142" visible="true" version="3" changeset="46365220" timestamp="2017-02-24T11:57:04Z" user="gezginrocker" uid="1686268" lat="9.4796194" lon="99.9271110">
  <tag k="source" v="Bing"/>
 </node>
 <node id="1793788143" visible="true" version="3" changeset="46365220" timestamp="2017-02-24T11:57:04Z" user="gezginrocker" uid="1686268" lat="9.4801738" lon="99.9269539">
  <tag k="source" v="Bing"/>
 </node>
 <node id="1793788144" visible="true" version="3" changeset="46365220" timestamp="2017-02-24T11:57:04Z" user="gezginrocker" uid="1686268" lat="9.4812009" lon="99.9265962">
  <tag k="source" v="Bing"/>
 </node>
 <node id="1793788145" visible="true" version="3" changeset="46365220" timestamp="2017-02-24T11:57:04Z" user="gezginrocker" uid="1686268" lat="9.4816451" lon="99.9264766">
  <tag k="source" v="Bing"/>
 </node>
 <node id="1793788146" visible="true" version="4" changeset="46365220" timestamp="2017-02-24T11:57:04Z" user="gezginrocker" uid="1686268" lat="9.4817920" lon="99.9264874">
  <tag k="source" v="Bing"/>
 </node>
 <node id="1793788147" visible="true" version="4" changeset="46365220" timestamp="2017-02-24T11:57:05Z" user="gezginrocker" uid="1686268" lat="9.4835395" lon="99.9263087">
  <tag k="source" v="Bing"/>
 </node>
 <node id="1793788148" visible="true" version="3" changeset="46365220" timestamp="2017-02-24T11:57:05Z" user="gezginrocker" uid="1686268" lat="9.4848632" lon="99.9258615">
  <tag k="source" v="Bing"/>
 </node>
 <node id="1793788149" visible="true" version="3" changeset="46365220" timestamp="2017-02-24T11:57:05Z" user="gezginrocker" uid="1686268" lat="9.4858724" lon="99.9253155">
  <tag k="source" v="Bing"/>
 </node>
 <node id="1793788150" visible="true" version="3" changeset="46365220" timestamp="2017-02-24T11:57:05Z" user="gezginrocker" uid="1686268" lat="9.4861176" lon="99.9250373">
  <tag k="source" v="Bing"/>
 </node>
 <node id="1793788151" visible="true" version="3" changeset="46365220" timestamp="2017-02-24T11:57:05Z" user="gezginrocker" uid="1686268" lat="9.4866891" lon="99.9245373">
  <tag k="source" v="Bing"/>
 </node>
 <node id="1793788153" visible="true" version="3" changeset="46365220" timestamp="2017-02-24T11:57:05Z" user="gezginrocker" uid="1686268" lat="9.4879772" lon="99.9237806">
  <tag k="source" v="Bing"/>
 </node>
 <node id="1793788154" visible="true" version="4" changeset="48518935" timestamp="2017-05-09T02:37:33Z" user="gezginrocker" uid="1686268" lat="9.4882627" lon="99.9235663">
  <tag k="source" v="Bing"/>
 </node>
 <node id="1793788155" visible="true" version="3" changeset="46365220" timestamp="2017-02-24T11:57:05Z" user="gezginrocker" uid="1686268" lat="9.4885995" lon="99.9233048">
  <tag k="source" v="Bing"/>
 </node>
 <node id="1793788156" visible="true" version="3" changeset="46365220" timestamp="2017-02-24T11:57:05Z" user="gezginrocker" uid="1686268" lat="9.4889288" lon="99.9195625">
  <tag k="source" v="Bing"/>
 </node>
 <node id="1793788157" visible="true" version="3" changeset="46365220" timestamp="2017-02-24T11:57:05Z" user="gezginrocker" uid="1686268" lat="9.4889193" lon="99.9198278">
  <tag k="source" v="Bing"/>
 </node>
 <node id="1793788158" visible="true" version="4" changeset="48518935" timestamp="2017-05-09T02:37:33Z" user="gezginrocker" uid="1686268" lat="9.4889987" lon="99.9228725">
  <tag k="source" v="Bing"/>
 </node>
 <node id="1793788159" visible="true" version="3" changeset="46365220" timestamp="2017-02-24T11:57:05Z" user="gezginrocker" uid="1686268" lat="9.4891423" lon="99.9201411">
  <tag k="source" v="Bing"/>
 </node>
 <node id="1793788160" visible="true" version="3" changeset="46365220" timestamp="2017-02-24T11:57:05Z" user="gezginrocker" uid="1686268" lat="9.4893091" lon="99.9192614">
  <tag k="source" v="Bing"/>
 </node>
 <node id="1793788161" visible="true" version="3" changeset="46365220" timestamp="2017-02-24T11:57:05Z" user="gezginrocker" uid="1686268" lat="9.4893838" lon="99.9202857">
  <tag k="source" v="Bing"/>
 </node>
 <node id="1793788162" visible="true" version="4" changeset="48519007" timestamp="2017-05-09T02:43:24Z" user="gezginrocker" uid="1686268" lat="9.4894688" lon="99.9192024">
  <tag k="source" v="Bing"/>
 </node>
 <node id="1793788163" visible="true" version="3" changeset="46365220" timestamp="2017-02-24T11:57:05Z" user="gezginrocker" uid="1686268" lat="9.4898965" lon="99.9216596">
  <tag k="source" v="Bing"/>
 </node>
 <node id="1793788164" visible="true" version="3" changeset="46365220" timestamp="2017-02-24T11:57:05Z" user="gezginrocker" uid="1686268" lat="9.4900092" lon="99.9191373">
  <tag k="source" v="Bing"/>
 </node>
 <node id="1793788165" visible="true" version="3" changeset="48518935" timestamp="2017-05-09T02:37:33Z" user="gezginrocker" uid="1686268" lat="9.4900628" lon="99.9210209">
  <tag k="source" v="Bing"/>
 </node>
 <node id="1793788166" visible="true" version="3" changeset="46365220" timestamp="2017-02-24T11:57:05Z" user="gezginrocker" uid="1686268" lat="9.4900492" lon="99.9207591">
  <tag k="source" v="Bing"/>
 </node>
 <node id="1793788167" visible="true" version="5" changeset="133891475" timestamp="2023-03-20T10:01:42Z" user="rene78" uid="257555" lat="9.4911251" lon="99.9233242">
  <tag k="source" v="Bing"/>
 </node>
 <node id="1793788168" visible="true" version="4" changeset="58862259" timestamp="2018-05-10T21:36:35Z" user="Sal73x" uid="1293386" lat="9.4913293" lon="99.9227062">
  <tag k="source" v="Bing"/>
 </node>
 <node id="1793788169" visible="true" version="4" changeset="58862259" timestamp="2018-05-10T21:36:35Z" user="Sal73x" uid="1293386" lat="9.4910139" lon="99.9244780">
  <tag k="source" v="Bing"/>
 </node>
 <node id="1793788170" visible="true" version="2" changeset="11973629" timestamp="2012-06-21T22:24:12Z" user="sturmflut" uid="5862" lat="9.4911049" lon="99.9188918">
  <tag k="source" v="Bing"/>
 </node>
 <node id="1793788172" visible="true" version="4" changeset="133891475" timestamp="2023-03-20T10:01:42Z" user="rene78" uid="257555" lat="9.4912215" lon="99.9258653">
  <tag k="source" v="Bing"/>
 </node>
 <node id="1793788173" visible="true" version="3" changeset="46365220" timestamp="2017-02-24T11:57:05Z" user="gezginrocker" uid="1686268" lat="9.4912494" lon="99.9188773">
  <tag k="source" v="Bing"/>
 </node>
 <node id="1793788174" visible="true" version="4" changeset="133891475" timestamp="2023-03-20T10:01:42Z" user="rene78" uid="257555" lat="9.4915014" lon="99.9222122">
  <tag k="source" v="Bing"/>
 </node>
 <node id="1793788175" visible="true" version="4" changeset="133891475" timestamp="2023-03-20T10:01:42Z" user="rene78" uid="257555" lat="9.4914250" lon="99.9269301">
  <tag k="source" v="Bing"/>
 </node>
 <node id="1793788176" visible="true" version="3" changeset="46365220" timestamp="2017-02-24T11:57:05Z" user="gezginrocker" uid="1686268" lat="9.4913759" lon="99.9188682">
  <tag k="source" v="Bing"/>
 </node>
 <node id="1793788177" visible="true" version="3" changeset="46365220" timestamp="2017-02-24T11:57:05Z" user="gezginrocker" uid="1686268" lat="9.4916046" lon="99.9189543">
  <tag k="source" v="Bing"/>
 </node>
 <node id="1793788178" visible="true" version="3" changeset="46365220" timestamp="2017-02-24T11:57:05Z" user="gezginrocker" uid="1686268" lat="9.4919131" lon="99.9191376">
  <tag k="source" v="Bing"/>
 </node>
 <node id="1793788179" visible="true" version="4" changeset="133891475" timestamp="2023-03-20T10:01:42Z" user="rene78" uid="257555" lat="9.4918393" lon="99.9213353">
  <tag k="source" v="Bing"/>
 </node>
 <node id="1793788180" visible="true" version="3" changeset="58862259" timestamp="2018-05-10T21:36:35Z" user="Sal73x" uid="1293386" lat="9.4919098" lon="99.9213120">
  <tag k="source" v="Bing"/>
 </node>
 <node id="1793788181" visible="true" version="4" changeset="133891475" timestamp="2023-03-20T10:01:42Z" user="rene78" uid="257555" lat="9.4922477" lon="99.9282705">
  <tag k="source" v="Bing"/>
 </node>
 <node id="1793788182" visible="true" version="3" changeset="58862259" timestamp="2018-05-10T21:36:35Z" user="Sal73x" uid="1293386" lat="9.4922317" lon="99.9212930">
  <tag k="source" v="Bing"/>
 </node>
 <node id="1793788183" visible="true" version="5" changeset="133891475" timestamp="2023-03-20T10:01:42Z" user="rene78" uid="257555" lat="9.4929971" lon="99.9292933">
  <tag k="source" v="Bing"/>
 </node>
 <node id="1793788184" visible="true" version="4" changeset="58862259" timestamp="2018-05-10T21:36:34Z" user="Sal73x" uid="1293386" lat="9.4927588" lon="99.9194970">
  <tag k="source" v="Bing"/>
 </node>
 <node id="1793788185" visible="true" version="4" changeset="58862259" timestamp="2018-05-10T21:36:34Z" user="Sal73x" uid="1293386" lat="9.4929383" lon="99.9197091">
  <tag k="source" v="Bing"/>
 </node>
 <node id="1793788186" visible="true" version="3" changeset="58862259" timestamp="2018-05-10T21:36:35Z" user="Sal73x" uid="1293386" lat="9.4934754" lon="99.9213006">
  <tag k="source" v="Bing"/>
 </node>
 <node id="1793788187" visible="true" version="4" changeset="58862259" timestamp="2018-05-10T21:36:34Z" user="Sal73x" uid="1293386" lat="9.4935548" lon="99.9200905">
  <tag k="source" v="Bing"/>
 </node>
 <node id="1793788188" visible="true" version="3" changeset="58862259" timestamp="2018-05-10T21:36:35Z" user="Sal73x" uid="1293386" lat="9.4936485" lon="99.9211999">
  <tag k="source" v="Bing"/>
 </node>
 <node id="1793788189" visible="true" version="4" changeset="58862259" timestamp="2018-05-10T21:36:35Z" user="Sal73x" uid="1293386" lat="9.4942558" lon="99.9215559">
  <tag k="source" v="Bing"/>
 </node>
 <node id="1793788190" visible="true" version="5" changeset="133891475" timestamp="2023-03-20T10:01:42Z" user="rene78" uid="257555" lat="9.4939208" lon="99.9303495">
  <tag k="source" v="Bing"/>
 </node>
 <node id="1793788191" visible="true" version="5" changeset="133891475" timestamp="2023-03-20T10:01:42Z" user="rene78" uid="257555" lat="9.4945010" lon="99.9308670">
  <tag k="source" v="Bing"/>
 </node>
 <node id="1793788192" visible="true" version="5" changeset="133891475" timestamp="2023-03-20T10:01:42Z" user="rene78" uid="257555" lat="9.4957815" lon="99.9320105">
  <tag k="source" v="Bing"/>
 </node>
 <node id="1793788193" visible="true" version="5" changeset="133891475" timestamp="2023-03-20T10:01:42Z" user="rene78" uid="257555" lat="9.4970388" lon="99.9329574">
  <tag k="source" v="Bing"/>
 </node>
 <node id="1793788194" visible="true" version="4" changeset="52268400" timestamp="2017-09-22T08:36:46Z" user="misht" uid="615059" lat="9.4977255" lon="99.9333250">
  <tag k="source" v="Bing"/>
 </node>
 <node id="1793788195" visible="true" version="4" changeset="52268400" timestamp="2017-09-22T08:36:46Z" user="misht" uid="615059" lat="9.4994715" lon="99.9340278">
  <tag k="source" v="Bing"/>
 </node>
 <node id="1793788197" visible="true" version="4" changeset="52268400" timestamp="2017-09-22T08:36:46Z" user="misht" uid="615059" lat="9.5025825" lon="99.9348003">
  <tag k="source" v="Bing"/>
 </node>
 <node id="1793788199" visible="true" version="5" changeset="133891475" timestamp="2023-03-20T10:01:42Z" user="rene78" uid="257555" lat="9.5071377" lon="99.9350155">
  <tag k="source" v="Bing"/>
 </node>
 <node id="1793788200" visible="true" version="4" changeset="52268400" timestamp="2017-09-22T08:36:46Z" user="misht" uid="615059" lat="9.5073720" lon="99.9350980">
  <tag k="source" v="Bing"/>
 </node>
 <node id="1793788202" visible="true" version="5" changeset="133891475" timestamp="2023-03-20T10:01:42Z" user="rene78" uid="257555" lat="9.5082252" lon="99.9349720">
  <tag k="source" v="Bing"/>
 </node>
 <node id="1793788203" visible="true" version="5" changeset="133891475" timestamp="2023-03-20T10:01:42Z" user="rene78" uid="257555" lat="9.5090437" lon="99.9348305">
  <tag k="source" v="Bing"/>
 </node>
 <node id="1793788204" visible="true" version="5" changeset="52268400" timestamp="2017-09-22T08:36:46Z" user="misht" uid="615059" lat="9.5106985" lon="99.9346179">
  <tag k="source" v="Bing"/>
 </node>
 <node id="1793794113" visible="true" version="3" changeset="27875399" timestamp="2015-01-02T22:42:07Z" user="romge" uid="439883" lat="9.5354458" lon="99.9343986">
  <tag k="source" v="Bing"/>
 </node>
 <node id="1793794141" visible="true" version="3" changeset="12081557" timestamp="2012-07-01T21:50:01Z" user="sturmflut" uid="5862" lat="9.5379215" lon="99.9337380">
  <tag k="source" v="Bing"/>
 </node>
 <node id="1793794144" visible="true" version="5" changeset="53260513" timestamp="2017-10-26T11:17:56Z" user="misht" uid="615059" lat="9.5386031" lon="99.9337327">
  <tag k="source" v="Bing"/>
 </node>
 <node id="1793794147" visible="true" version="5" changeset="53260513" timestamp="2017-10-26T11:17:56Z" user="misht" uid="615059" lat="9.5401055" lon="99.9334753">
  <tag k="source" v="Bing"/>
 </node>
 <node id="1793794149" visible="true" version="5" changeset="53260513" timestamp="2017-10-26T11:17:56Z" user="misht" uid="615059" lat="9.5405287" lon="99.9332687">
  <tag k="source" v="Bing"/>
 </node>
 <node id="1793794169" visible="true" version="5" changeset="53260513" timestamp="2017-10-26T11:17:56Z" user="misht" uid="615059" lat="9.5407959" lon="99.9330944">
  <tag k="source" v="Bing"/>
 </node>
 <node id="1793794171" visible="true" version="5" changeset="53260513" timestamp="2017-10-26T11:17:56Z" user="misht" uid="615059" lat="9.5413593" lon="99.9326518">
  <tag k="source" v="Bing"/>
 </node>
 <node id="1793794173" visible="true" version="5" changeset="53260513" timestamp="2017-10-26T11:17:56Z" user="misht" uid="615059" lat="9.5416609" lon="99.9325472">
  <tag k="source" v="Bing"/>
 </node>
 <node id="1793794175" visible="true" version="4" changeset="53260513" timestamp="2017-10-26T11:17:56Z" user="misht" uid="615059" lat="9.5419121" lon="99.9325606">
  <tag k="source" v="Bing"/>
 </node>
 <node id="1793794177" visible="true" version="3" changeset="46364973" timestamp="2017-02-24T11:43:25Z" user="gezginrocker" uid="1686268" lat="9.5434317" lon="99.9319234">
  <tag k="source" v="Bing"/>
 </node>
 <node id="1793794178" visible="true" version="3" changeset="46364973" timestamp="2017-02-24T11:43:25Z" user="gezginrocker" uid="1686268" lat="9.5439624" lon="99.9317202">
  <tag k="source" v="Bing"/>
 </node>
 <node id="1793794179" visible="true" version="3" changeset="46364973" timestamp="2017-02-24T11:43:25Z" user="gezginrocker" uid="1686268" lat="9.5457316" lon="99.9312421">
  <tag k="source" v="Bing"/>
 </node>
 <node id="1793794181" visible="true" version="3" changeset="46364973" timestamp="2017-02-24T11:43:25Z" user="gezginrocker" uid="1686268" lat="9.5488306" lon="99.9306486">
  <tag k="source" v="Bing"/>
 </node>
 <node id="1793794183" visible="true" version="3" changeset="46364973" timestamp="2017-02-24T11:43:25Z" user="gezginrocker" uid="1686268" lat="9.5503600" lon="99.9303982">
  <tag k="source" v="Bing"/>
 </node>
 <node id="1793794185" visible="true" version="2" changeset="11973629" timestamp="2012-06-21T22:24:24Z" user="sturmflut" uid="5862" lat="9.5521838" lon="99.9299409">
  <tag k="source" v="Bing"/>
 </node>
 <node id="1793794187" visible="true" version="2" changeset="11973629" timestamp="2012-06-21T22:24:25Z" user="sturmflut" uid="5862" lat="9.5530639" lon="99.9296799">
  <tag k="source" v="Bing"/>
 </node>
 <node id="1796188217" visible="true" version="6" changeset="133891475" timestamp="2023-03-20T10:01:42Z" user="rene78" uid="257555" lat="9.5123097" lon="99.9339154">
  <tag k="source" v="Bing"/>
 </node>
 <node id="1796188219" visible="true" version="5" changeset="133891475" timestamp="2023-03-20T10:01:42Z" user="rene78" uid="257555" lat="9.5129424" lon="99.9334761">
  <tag k="source" v="Bing"/>
 </node>
 <node id="1796188225" visible="true" version="5" changeset="133891475" timestamp="2023-03-20T10:01:42Z" user="rene78" uid="257555" lat="9.5133750" lon="99.9333221">
  <tag k="source" v="Bing"/>
 </node>
 <node id="1796188707" visible="true" version="5" changeset="133891475" timestamp="2023-03-20T10:01:42Z" user="rene78" uid="257555" lat="9.5160863" lon="99.9325752">
  <tag k="source" v="Bing"/>
 </node>
 <node id="1796188716" visible="true" version="5" changeset="133891475" timestamp="2023-03-20T10:01:42Z" user="rene78" uid="257555" lat="9.5166494" lon="99.9324861">
  <tag k="source" v="Bing"/>
 </node>
 <node id="1796188734" visible="true" version="5" changeset="133891475" timestamp="2023-03-20T10:01:42Z" user="rene78" uid="257555" lat="9.5171507" lon="99.9325103">
  <tag k="source" v="Bing"/>
 </node>
 <node id="1796188783" visible="true" version="5" changeset="133891475" timestamp="2023-03-20T10:01:42Z" user="rene78" uid="257555" lat="9.5182085" lon="99.9328873">
  <tag k="source" v="Bing"/>
 </node>
 <node id="1796188829" visible="true" version="5" changeset="133891475" timestamp="2023-03-20T10:01:42Z" user="rene78" uid="257555" lat="9.5197059" lon="99.9335550">
  <tag k="source" v="Bing"/>
 </node>
 <node id="1796188892" visible="true" version="5" changeset="133891475" timestamp="2023-03-20T10:01:42Z" user="rene78" uid="257555" lat="9.5201158" lon="99.9337134">
  <tag k="source" v="Bing"/>
 </node>
 <node id="1796188965" visible="true" version="5" changeset="133891475" timestamp="2023-03-20T10:01:42Z" user="rene78" uid="257555" lat="9.5203079" lon="99.9338354">
  <tag k="source" v="Bing"/>
 </node>
 <node id="1796188979" visible="true" version="5" changeset="133891475" timestamp="2023-03-20T10:01:42Z" user="rene78" uid="257555" lat="9.5207736" lon="99.9340087">
  <tag k="source" v="Bing"/>
 </node>
 <node id="1796189047" visible="true" version="5" changeset="133891475" timestamp="2023-03-20T10:01:42Z" user="rene78" uid="257555" lat="9.5208923" lon="99.9338714">
  <tag k="source" v="Bing"/>
 </node>
 <node id="1796189145" visible="true" version="5" changeset="133891475" timestamp="2023-03-20T10:01:42Z" user="rene78" uid="257555" lat="9.5221479" lon="99.9343829">
  <tag k="source" v="Bing"/>
 </node>
 <node id="1796189229" visible="true" version="5" changeset="133891475" timestamp="2023-03-20T10:01:42Z" user="rene78" uid="257555" lat="9.5229978" lon="99.9347182">
  <tag k="source" v="Bing"/>
 </node>
 <node id="1796189319" visible="true" version="4" changeset="133891475" timestamp="2023-03-20T10:01:42Z" user="rene78" uid="257555" lat="9.5237292" lon="99.9348820">
  <tag k="source" v="Bing"/>
 </node>
 <node id="1796189327" visible="true" version="3" changeset="11964123" timestamp="2012-06-20T23:20:13Z" user="sturmflut" uid="5862" lat="9.5238041" lon="99.9348336">
  <tag k="source" v="Bing"/>
 </node>
 <node id="1796190115" visible="true" version="3" changeset="11964123" timestamp="2012-06-20T23:20:49Z" user="sturmflut" uid="5862" lat="9.5580529" lon="99.9274987">
  <tag k="source" v="Bing"/>
 </node>
 <node id="1796190118" visible="true" version="3" changeset="11964123" timestamp="2012-06-20T23:20:49Z" user="sturmflut" uid="5862" lat="9.5583193" lon="99.9273287">
  <tag k="source" v="Bing"/>
 </node>
 <node id="1796190120" visible="true" version="3" changeset="11964123" timestamp="2012-06-20T23:20:49Z" user="sturmflut" uid="5862" lat="9.5588715" lon="99.9269220">
  <tag k="source" v="Bing"/>
 </node>
 <node id="1796190126" visible="true" version="4" changeset="46364973" timestamp="2017-02-24T11:43:25Z" user="gezginrocker" uid="1686268" lat="9.5606579" lon="99.9256777">
  <tag k="source" v="Bing"/>
 </node>
 <node id="1796190130" visible="true" version="3" changeset="11964123" timestamp="2012-06-20T23:20:50Z" user="sturmflut" uid="5862" lat="9.5612834" lon="99.9251733">
  <tag k="source" v="Bing"/>
 </node>
 <node id="1796190133" visible="true" version="3" changeset="11964123" timestamp="2012-06-20T23:20:50Z" user="sturmflut" uid="5862" lat="9.5620792" lon="99.9245702">
  <tag k="source" v="Bing"/>
 </node>
 <node id="1796190140" visible="true" version="3" changeset="11964123" timestamp="2012-06-20T23:20:51Z" user="sturmflut" uid="5862" lat="9.5629344" lon="99.9237449">
  <tag k="source" v="Bing"/>
 </node>
 <node id="1796190145" visible="true" version="3" changeset="11964123" timestamp="2012-06-20T23:20:51Z" user="sturmflut" uid="5862" lat="9.5632996" lon="99.9233503">
  <tag k="source" v="Bing"/>
 </node>
 <node id="1796190151" visible="true" version="3" changeset="11964123" timestamp="2012-06-20T23:20:52Z" user="sturmflut" uid="5862" lat="9.5636747" lon="99.9228974">
  <tag k="source" v="Bing"/>
 </node>
 <node id="1796190154" visible="true" version="3" changeset="11964123" timestamp="2012-06-20T23:20:52Z" user="sturmflut" uid="5862" lat="9.5637673" lon="99.9229230">
  <tag k="source" v="Bing"/>
 </node>
 <node id="1796190161" visible="true" version="3" changeset="11964123" timestamp="2012-06-20T23:20:53Z" user="sturmflut" uid="5862" lat="9.5642394" lon="99.9217360">
  <tag k="source" v="Bing"/>
 </node>
 <node id="1796190162" visible="true" version="3" changeset="11964123" timestamp="2012-06-20T23:20:53Z" user="sturmflut" uid="5862" lat="9.5641639" lon="99.9222582">
  <tag k="source" v="Bing"/>
 </node>
 <node id="1796190164" visible="true" version="3" changeset="11964123" timestamp="2012-06-20T23:20:53Z" user="sturmflut" uid="5862" lat="9.5642103" lon="99.9225071">
  <tag k="source" v="Bing"/>
 </node>
 <node id="1796190167" visible="true" version="4" changeset="144279600" timestamp="2023-11-21T09:52:40Z" user="rbondare" uid="17890392" lat="9.5642486" lon="99.9223731">
  <tag k="source" v="Bing"/>
 </node>
 <node id="1796190168" visible="true" version="3" changeset="11964123" timestamp="2012-06-20T23:20:53Z" user="sturmflut" uid="5862" lat="9.5643266" lon="99.9218243">
  <tag k="source" v="Bing"/>
 </node>
 <node id="1796190169" visible="true" version="3" changeset="11964123" timestamp="2012-06-20T23:20:53Z" user="sturmflut" uid="5862" lat="9.5643393" lon="99.9220947">
  <tag k="source" v="Bing"/>
 </node>
 <node id="1796190170" visible="true" version="3" changeset="11964123" timestamp="2012-06-20T23:20:53Z" user="sturmflut" uid="5862" lat="9.5643585" lon="99.9219228">
  <tag k="source" v="Bing"/>
 </node>
 <node id="1796190184" visible="true" version="3" changeset="11964123" timestamp="2012-06-20T23:20:55Z" user="sturmflut" uid="5862" lat="9.5649018" lon="99.9208695">
  <tag k="source" v="Bing"/>
 </node>
 <node id="1796190274" visible="true" version="3" changeset="11964123" timestamp="2012-06-20T23:21:02Z" user="sturmflut" uid="5862" lat="9.5697276" lon="100.0073038">
  <tag k="source" v="Bing"/>
 </node>
 <node id="1796190275" visible="true" version="3" changeset="11964123" timestamp="2012-06-20T23:21:02Z" user="sturmflut" uid="5862" lat="9.5697366" lon="100.0068728">
  <tag k="source" v="Bing"/>
 </node>
 <node id="1796190276" visible="true" version="3" changeset="11964123" timestamp="2012-06-20T23:21:02Z" user="sturmflut" uid="5862" lat="9.5697469" lon="100.0034116">
  <tag k="source" v="Bing"/>
 </node>
 <node id="1796190277" visible="true" version="4" changeset="12219290" timestamp="2012-07-14T16:44:36Z" user="sturmflut" uid="5862" lat="9.5697697" lon="100.0027174">
  <tag k="source" v="Bing"/>
 </node>
 <node id="1796190279" visible="true" version="3" changeset="11964123" timestamp="2012-06-20T23:21:02Z" user="sturmflut" uid="5862" lat="9.5698202" lon="100.0042600">
  <tag k="source" v="Bing"/>
 </node>
 <node id="1796190280" visible="true" version="3" changeset="11964123" timestamp="2012-06-20T23:21:03Z" user="sturmflut" uid="5862" lat="9.5699102" lon="100.0086576">
  <tag k="source" v="Bing"/>
 </node>
 <node id="1796190281" visible="true" version="3" changeset="11964123" timestamp="2012-06-20T23:21:03Z" user="sturmflut" uid="5862" lat="9.5699730" lon="100.0094984">
  <tag k="source" v="Bing"/>
 </node>
 <node id="1796190282" visible="true" version="3" changeset="11964123" timestamp="2012-06-20T23:21:03Z" user="sturmflut" uid="5862" lat="9.5700119" lon="100.0089672">
  <tag k="source" v="Bing"/>
 </node>
 <node id="1796190283" visible="true" version="3" changeset="11964123" timestamp="2012-06-20T23:21:03Z" user="sturmflut" uid="5862" lat="9.5700329" lon="100.0091858">
  <tag k="source" v="Bing"/>
 </node>
 <node id="1796190285" visible="true" version="3" changeset="11964123" timestamp="2012-06-20T23:21:03Z" user="sturmflut" uid="5862" lat="9.5701016" lon="100.0182080">
  <tag k="source" v="Bing"/>
 </node>
 <node id="1796190286" visible="true" version="3" changeset="11964123" timestamp="2012-06-20T23:21:03Z" user="sturmflut" uid="5862" lat="9.5701968" lon="100.0183304">
  <tag k="source" v="Bing"/>
 </node>
 <node id="1796190287" visible="true" version="3" changeset="11964123" timestamp="2012-06-20T23:21:03Z" user="sturmflut" uid="5862" lat="9.5702074" lon="100.0185536">
  <tag k="source" v="Bing"/>
 </node>
 <node id="1796190288" visible="true" version="3" changeset="11964123" timestamp="2012-06-20T23:21:03Z" user="sturmflut" uid="5862" lat="9.5702751" lon="100.0189936">
  <tag k="source" v="Bing"/>
 </node>
 <node id="1796190290" visible="true" version="3" changeset="11964123" timestamp="2012-06-20T23:21:03Z" user="sturmflut" uid="5862" lat="9.5704339" lon="100.0193435">
  <tag k="source" v="Bing"/>
 </node>
 <node id="1796190292" visible="true" version="3" changeset="11964123" timestamp="2012-06-20T23:21:04Z" user="sturmflut" uid="5862" lat="9.5705862" lon="100.0196096">
  <tag k="source" v="Bing"/>
 </node>
 <node id="1796190293" visible="true" version="3" changeset="11964123" timestamp="2012-06-20T23:21:04Z" user="sturmflut" uid="5862" lat="9.5706794" lon="100.0117811">
  <tag k="source" v="Bing"/>
 </node>
 <node id="1796190296" visible="true" version="3" changeset="11964123" timestamp="2012-06-20T23:21:04Z" user="sturmflut" uid="5862" lat="9.5708042" lon="100.0197019">
  <tag k="source" v="Bing"/>
 </node>
 <node id="1796190298" visible="true" version="3" changeset="11964123" timestamp="2012-06-20T23:21:04Z" user="sturmflut" uid="5862" lat="9.5710625" lon="100.0126704">
  <tag k="source" v="Bing"/>
 </node>
 <node id="1796190299" visible="true" version="3" changeset="11964123" timestamp="2012-06-20T23:21:04Z" user="sturmflut" uid="5862" lat="9.5711577" lon="100.0195645">
  <tag k="source" v="Bing"/>
 </node>
 <node id="1796190301" visible="true" version="3" changeset="11964123" timestamp="2012-06-20T23:21:04Z" user="sturmflut" uid="5862" lat="9.5712402" lon="100.0194272">
  <tag k="source" v="Bing"/>
 </node>
 <node id="1796190302" visible="true" version="3" changeset="11964123" timestamp="2012-06-20T23:21:05Z" user="sturmflut" uid="5862" lat="9.5713058" lon="100.0191868">
  <tag k="source" v="Bing"/>
 </node>
 <node id="1796190306" visible="true" version="3" changeset="11964123" timestamp="2012-06-20T23:21:05Z" user="sturmflut" uid="5862" lat="9.5714117" lon="100.0190623">
  <tag k="source" v="Bing"/>
 </node>
 <node id="1796190308" visible="true" version="3" changeset="11964123" timestamp="2012-06-20T23:21:05Z" user="sturmflut" uid="5862" lat="9.5715281" lon="100.0189829">
  <tag k="source" v="Bing"/>
 </node>
 <node id="1796190312" visible="true" version="3" changeset="11964123" timestamp="2012-06-20T23:21:05Z" user="sturmflut" uid="5862" lat="9.5717545" lon="100.0190344">
  <tag k="source" v="Bing"/>
 </node>
 <node id="1796190314" visible="true" version="3" changeset="11964123" timestamp="2012-06-20T23:21:06Z" user="sturmflut" uid="5862" lat="9.5718647" lon="100.0140303">
  <tag k="source" v="Bing"/>
 </node>
 <node id="1796190315" visible="true" version="3" changeset="11964123" timestamp="2012-06-20T23:21:06Z" user="sturmflut" uid="5862" lat="9.5718688" lon="100.0189142">
  <tag k="source" v="Bing"/>
 </node>
 <node id="1796190317" visible="true" version="3" changeset="11964123" timestamp="2012-06-20T23:21:06Z" user="sturmflut" uid="5862" lat="9.5720000" lon="100.0188176">
  <tag k="source" v="Bing"/>
 </node>
 <node id="1796190318" visible="true" version="3" changeset="11964123" timestamp="2012-06-20T23:21:06Z" user="sturmflut" uid="5862" lat="9.5720383" lon="100.0143672">
  <tag k="source" v="Bing"/>
 </node>
 <node id="1796190321" visible="true" version="3" changeset="11964123" timestamp="2012-06-20T23:21:06Z" user="sturmflut" uid="5862" lat="9.5721588" lon="100.0188283">
  <tag k="source" v="Bing"/>
 </node>
 <node id="1796190322" visible="true" version="3" changeset="11964123" timestamp="2012-06-20T23:21:06Z" user="sturmflut" uid="5862" lat="9.5721905" lon="100.0189185">
  <tag k="source" v="Bing"/>
 </node>
 <node id="1796190325" visible="true" version="3" changeset="11964123" timestamp="2012-06-20T23:21:07Z" user="sturmflut" uid="5862" lat="9.5723302" lon="100.0188927">
  <tag k="source" v="Bing"/>
 </node>
 <node id="1796190326" visible="true" version="3" changeset="11964123" timestamp="2012-06-20T23:21:07Z" user="sturmflut" uid="5862" lat="9.5724095" lon="100.0147740">
  <tag k="source" v="Bing"/>
 </node>
 <node id="1796190327" visible="true" version="3" changeset="11964123" timestamp="2012-06-20T23:21:07Z" user="sturmflut" uid="5862" lat="9.5724530" lon="100.0188734">
  <tag k="source" v="Bing"/>
 </node>
 <node id="1796190330" visible="true" version="3" changeset="11964123" timestamp="2012-06-20T23:21:07Z" user="sturmflut" uid="5862" lat="9.5725313" lon="100.0188820">
  <tag k="source" v="Bing"/>
 </node>
 <node id="1796190331" visible="true" version="3" changeset="11964123" timestamp="2012-06-20T23:21:07Z" user="sturmflut" uid="5862" lat="9.5725524" lon="100.0187682">
  <tag k="source" v="Bing"/>
 </node>
 <node id="1796190335" visible="true" version="3" changeset="11964123" timestamp="2012-06-20T23:21:07Z" user="sturmflut" uid="5862" lat="9.5726223" lon="100.0186738">
  <tag k="source" v="Bing"/>
 </node>
 <node id="1796190340" visible="true" version="4" changeset="54460064" timestamp="2017-12-08T14:08:06Z" user="misht" uid="615059" lat="9.5728055" lon="100.0153255">
  <tag k="source" v="Bing"/>
 </node>
 <node id="1796190341" visible="true" version="4" changeset="54460064" timestamp="2017-12-08T14:08:06Z" user="misht" uid="615059" lat="9.5731890" lon="100.0157091">
  <tag k="source" v="Bing"/>
 </node>
 <node id="1796190342" visible="true" version="3" changeset="11964123" timestamp="2012-06-20T23:21:08Z" user="sturmflut" uid="5862" lat="9.5734930" lon="100.0178367">
  <tag k="source" v="Bing"/>
 </node>
 <node id="1796190348" visible="true" version="4" changeset="54460064" timestamp="2017-12-08T14:08:07Z" user="misht" uid="615059" lat="9.5745707" lon="100.0170118">
  <tag k="source" v="Bing"/>
 </node>
 <node id="1796190349" visible="true" version="4" changeset="12070092" timestamp="2012-06-30T21:08:22Z" user="sturmflut" uid="5862" lat="9.5747592" lon="99.9247709">
  <tag k="source" v="Bing"/>
 </node>
 <node id="1796190350" visible="true" version="5" changeset="54460064" timestamp="2017-12-08T14:08:07Z" user="misht" uid="615059" lat="9.5747574" lon="100.0169049">
  <tag k="source" v="Bing"/>
 </node>
 <node id="1796190351" visible="true" version="5" changeset="54460064" timestamp="2017-12-08T14:08:07Z" user="misht" uid="615059" lat="9.5746771" lon="100.0169470">
  <tag k="source" v="Bing"/>
 </node>
 <node id="1796190352" visible="true" version="5" changeset="54460064" timestamp="2017-12-08T14:08:07Z" user="misht" uid="615059" lat="9.5748253" lon="100.0169055">
  <tag k="source" v="Bing"/>
 </node>
 <node id="1796190353" visible="true" version="5" changeset="54460064" timestamp="2017-12-08T14:08:07Z" user="misht" uid="615059" lat="9.5748967" lon="100.0168995">
  <tag k="source" v="Bing"/>
 </node>
 <node id="1796190354" visible="true" version="4" changeset="54460064" timestamp="2017-12-08T14:08:07Z" user="misht" uid="615059" lat="9.5749240" lon="100.0166747">
  <tag k="source" v="Bing"/>
 </node>
 <node id="1796190355" visible="true" version="4" changeset="54460064" timestamp="2017-12-08T14:08:07Z" user="misht" uid="615059" lat="9.5749867" lon="100.0169447">
  <tag k="source" v="Bing"/>
 </node>
 <node id="1796190357" visible="true" version="5" changeset="46364894" timestamp="2017-02-24T11:38:13Z" user="gezginrocker" uid="1686268" lat="9.5751556" lon="99.9259504">
  <tag k="source" v="Bing"/>
 </node>
 <node id="1796190358" visible="true" version="6" changeset="54460064" timestamp="2017-12-08T14:08:07Z" user="misht" uid="615059" lat="9.5750332" lon="100.0169308">
  <tag k="source" v="Bing"/>
 </node>
 <node id="1796190363" visible="true" version="5" changeset="46364894" timestamp="2017-02-24T11:38:13Z" user="gezginrocker" uid="1686268" lat="9.5753180" lon="99.9263905">
  <tag k="source" v="Bing"/>
 </node>
 <node id="1796190365" visible="true" version="4" changeset="46364894" timestamp="2017-02-24T11:38:13Z" user="gezginrocker" uid="1686268" lat="9.5755776" lon="99.9287705">
  <tag k="source" v="Bing"/>
 </node>
 <node id="1796190367" visible="true" version="4" changeset="46364894" timestamp="2017-02-24T11:38:13Z" user="gezginrocker" uid="1686268" lat="9.5756045" lon="99.9284245">
  <tag k="source" v="Bing"/>
 </node>
 <node id="1796190371" visible="true" version="4" changeset="46364894" timestamp="2017-02-24T11:38:13Z" user="gezginrocker" uid="1686268" lat="9.5762373" lon="99.9321421">
  <tag k="source" v="Bing"/>
 </node>
 <node id="1796190376" visible="true" version="4" changeset="46364894" timestamp="2017-02-24T11:38:13Z" user="gezginrocker" uid="1686268" lat="9.5764401" lon="99.9326084">
  <tag k="source" v="Bing"/>
 </node>
 <node id="1796190378" visible="true" version="4" changeset="46364894" timestamp="2017-02-24T11:38:13Z" user="gezginrocker" uid="1686268" lat="9.5766371" lon="99.9329260">
  <tag k="source" v="Bing"/>
 </node>
 <node id="1796190390" visible="true" version="3" changeset="11964123" timestamp="2012-06-20T23:21:12Z" user="sturmflut" uid="5862" lat="9.5772602" lon="99.9330042">
  <tag k="source" v="Bing"/>
 </node>
 <node id="1796190395" visible="true" version="3" changeset="11964123" timestamp="2012-06-20T23:21:13Z" user="sturmflut" uid="5862" lat="9.5774069" lon="99.9329253">
  <tag k="source" v="Bing"/>
 </node>
 <node id="1796190396" visible="true" version="3" changeset="11964123" timestamp="2012-06-20T23:21:13Z" user="sturmflut" uid="5862" lat="9.5774458" lon="99.9327796">
  <tag k="source" v="Bing"/>
 </node>
 <node id="1796190409" visible="true" version="3" changeset="11964123" timestamp="2012-06-20T23:21:14Z" user="sturmflut" uid="5862" lat="9.5777032" lon="99.9326248">
  <tag k="source" v="Bing"/>
 </node>
 <node id="1796190416" visible="true" version="5" changeset="46364794" timestamp="2017-02-24T11:33:20Z" user="gezginrocker" uid="1686268" lat="9.5777191" lon="99.9357110">
  <tag k="source" v="Bing"/>
 </node>
 <node id="1796190417" visible="true" version="4" changeset="46364794" timestamp="2017-02-24T11:33:21Z" user="gezginrocker" uid="1686268" lat="9.5777780" lon="99.9353614">
  <tag k="source" v="Bing"/>
 </node>
 <node id="1796190423" visible="true" version="5" changeset="46364794" timestamp="2017-02-24T11:33:21Z" user="gezginrocker" uid="1686268" lat="9.5778597" lon="99.9361341">
  <tag k="source" v="Bing"/>
 </node>
 <node id="1796190426" visible="true" version="4" changeset="46364794" timestamp="2017-02-24T11:33:21Z" user="gezginrocker" uid="1686268" lat="9.5781166" lon="99.9334290">
  <tag k="source" v="Bing"/>
 </node>
 <node id="1796190428" visible="true" version="3" changeset="11964123" timestamp="2012-06-20T23:21:15Z" user="sturmflut" uid="5862" lat="9.5780640" lon="99.9350055">
  <tag k="source" v="Bing"/>
 </node>
 <node id="1796190430" visible="true" version="4" changeset="46364794" timestamp="2017-02-24T11:33:21Z" user="gezginrocker" uid="1686268" lat="9.5780426" lon="99.9334951">
  <tag k="source" v="Bing"/>
 </node>
 <node id="1796190432" visible="true" version="3" changeset="11964123" timestamp="2012-06-20T23:21:16Z" user="sturmflut" uid="5862" lat="9.5781059" lon="99.9332814">
  <tag k="source" v="Bing"/>
 </node>
 <node id="1796190434" visible="true" version="5" changeset="46364794" timestamp="2017-02-24T11:33:21Z" user="gezginrocker" uid="1686268" lat="9.5780795" lon="99.9372312">
  <tag k="source" v="Bing"/>
 </node>
 <node id="1796190435" visible="true" version="3" changeset="11964123" timestamp="2012-06-20T23:21:16Z" user="sturmflut" uid="5862" lat="9.5781687" lon="99.9350146">
  <tag k="source" v="Bing"/>
 </node>
 <node id="1796190436" visible="true" version="4" changeset="46364794" timestamp="2017-02-24T11:33:21Z" user="gezginrocker" uid="1686268" lat="9.5781289" lon="99.9383414">
  <tag k="source" v="Bing"/>
 </node>
 <node id="1796190437" visible="true" version="4" changeset="46364794" timestamp="2017-02-24T11:33:21Z" user="gezginrocker" uid="1686268" lat="9.5781408" lon="99.9391092">
  <tag k="source" v="Bing"/>
 </node>
 <node id="1796190439" visible="true" version="4" changeset="46364794" timestamp="2017-02-24T11:33:21Z" user="gezginrocker" uid="1686268" lat="9.5782875" lon="99.9350451">
  <tag k="source" v="Bing"/>
 </node>
 <node id="1796190440" visible="true" version="4" changeset="46364794" timestamp="2017-02-24T11:33:21Z" user="gezginrocker" uid="1686268" lat="9.5782942" lon="99.9398786">
  <tag k="source" v="Bing"/>
 </node>
 <node id="1796190442" visible="true" version="4" changeset="46364794" timestamp="2017-02-24T11:33:21Z" user="gezginrocker" uid="1686268" lat="9.5781677" lon="99.9340311">
  <tag k="source" v="Bing"/>
 </node>
 <node id="1796190443" visible="true" version="4" changeset="46364794" timestamp="2017-02-24T11:33:21Z" user="gezginrocker" uid="1686268" lat="9.5782867" lon="99.9342431">
  <tag k="source" v="Bing"/>
 </node>
 <node id="1796190444" visible="true" version="4" changeset="46364794" timestamp="2017-02-24T11:33:21Z" user="gezginrocker" uid="1686268" lat="9.5783082" lon="99.9347429">
  <tag k="source" v="Bing"/>
 </node>
 <node id="1796190445" visible="true" version="4" changeset="46364794" timestamp="2017-02-24T11:33:21Z" user="gezginrocker" uid="1686268" lat="9.5783130" lon="99.9349977">
  <tag k="source" v="Bing"/>
 </node>
 <node id="1796190446" visible="true" version="5" changeset="46364794" timestamp="2017-02-24T11:33:21Z" user="gezginrocker" uid="1686268" lat="9.5783576" lon="99.9422589">
  <tag k="source" v="Bing"/>
 </node>
 <node id="1796190447" visible="true" version="4" changeset="46364794" timestamp="2017-02-24T11:33:21Z" user="gezginrocker" uid="1686268" lat="9.5783986" lon="99.9402101">
  <tag k="source" v="Bing"/>
 </node>
 <node id="1796190448" visible="true" version="5" changeset="46364794" timestamp="2017-02-24T11:33:21Z" user="gezginrocker" uid="1686268" lat="9.5784551" lon="99.9405849">
  <tag k="source" v="Bing"/>
 </node>
 <node id="1796190451" visible="true" version="4" changeset="46364794" timestamp="2017-02-24T11:33:21Z" user="gezginrocker" uid="1686268" lat="9.5784411" lon="99.9456688">
  <tag k="source" v="Bing"/>
 </node>
 <node id="1796190452" visible="true" version="4" changeset="46364794" timestamp="2017-02-24T11:33:21Z" user="gezginrocker" uid="1686268" lat="9.5784411" lon="99.9462000">
  <tag k="source" v="Bing"/>
 </node>
 <node id="1796190453" visible="true" version="4" changeset="46364794" timestamp="2017-02-24T11:33:21Z" user="gezginrocker" uid="1686268" lat="9.5785130" lon="99.9467434">
  <tag k="source" v="Bing"/>
 </node>
 <node id="1796190455" visible="true" version="4" changeset="46364794" timestamp="2017-02-24T11:33:21Z" user="gezginrocker" uid="1686268" lat="9.5785833" lon="99.9479620">
  <tag k="source" v="Bing"/>
 </node>
 <node id="1796190457" visible="true" version="4" changeset="46364794" timestamp="2017-02-24T11:33:21Z" user="gezginrocker" uid="1686268" lat="9.5785270" lon="99.9476599">
  <tag k="source" v="Bing"/>
 </node>
 <node id="1796190459" visible="true" version="4" changeset="46364794" timestamp="2017-02-24T11:33:21Z" user="gezginrocker" uid="1686268" lat="9.5787894" lon="99.9499309">
  <tag k="source" v="Bing"/>
 </node>
 <node id="1796190464" visible="true" version="4" changeset="46364794" timestamp="2017-02-24T11:33:21Z" user="gezginrocker" uid="1686268" lat="9.5788361" lon="99.9503914">
  <tag k="source" v="Bing"/>
 </node>
 <node id="1796190469" visible="true" version="4" changeset="46364794" timestamp="2017-02-24T11:33:21Z" user="gezginrocker" uid="1686268" lat="9.5789855" lon="99.9515110">
  <tag k="source" v="Bing"/>
 </node>
 <node id="1796190471" visible="true" version="5" changeset="46364794" timestamp="2017-02-24T11:33:21Z" user="gezginrocker" uid="1686268" lat="9.5789989" lon="99.9519814">
  <tag k="source" v="Bing"/>
 </node>
 <node id="1796190473" visible="true" version="4" changeset="46364794" timestamp="2017-02-24T11:33:21Z" user="gezginrocker" uid="1686268" lat="9.5789659" lon="99.9512165">
  <tag k="source" v="Bing"/>
 </node>
 <node id="1796190484" visible="true" version="5" changeset="46364794" timestamp="2017-02-24T11:33:21Z" user="gezginrocker" uid="1686268" lat="9.5793560" lon="99.9535322">
  <tag k="source" v="Bing"/>
 </node>
 <node id="1796190486" visible="true" version="4" changeset="46364794" timestamp="2017-02-24T11:33:21Z" user="gezginrocker" uid="1686268" lat="9.5794484" lon="99.9538277">
  <tag k="source" v="Bing"/>
 </node>
 <node id="1796190489" visible="true" version="4" changeset="46364794" timestamp="2017-02-24T11:33:21Z" user="gezginrocker" uid="1686268" lat="9.5795296" lon="99.9545331">
  <tag k="source" v="Bing"/>
 </node>
 <node id="1796190491" visible="true" version="4" changeset="46364794" timestamp="2017-02-24T11:33:21Z" user="gezginrocker" uid="1686268" lat="9.5797583" lon="99.9551723">
  <tag k="source" v="Bing"/>
 </node>
 <node id="1796190492" visible="true" version="4" changeset="46364794" timestamp="2017-02-24T11:33:21Z" user="gezginrocker" uid="1686268" lat="9.5797608" lon="99.9555095">
  <tag k="source" v="Bing"/>
 </node>
 <node id="1796190493" visible="true" version="4" changeset="46364794" timestamp="2017-02-24T11:33:21Z" user="gezginrocker" uid="1686268" lat="9.5798323" lon="99.9557630">
  <tag k="source" v="Bing"/>
 </node>
 <node id="1796250603" visible="true" version="3" changeset="11964123" timestamp="2012-06-20T23:21:41Z" user="sturmflut" uid="5862" lat="9.4255292" lon="99.9347619">
  <tag k="source" v="Bing"/>
 </node>
 <node id="1796250606" visible="true" version="3" changeset="11964123" timestamp="2012-06-20T23:21:42Z" user="sturmflut" uid="5862" lat="9.4256571" lon="99.9344595">
  <tag k="source" v="Bing"/>
 </node>
 <node id="1796250610" visible="true" version="3" changeset="11964123" timestamp="2012-06-20T23:21:42Z" user="sturmflut" uid="5862" lat="9.4259476" lon="99.9343775">
  <tag k="source" v="Bing"/>
 </node>
 <node id="1796250614" visible="true" version="3" changeset="11964123" timestamp="2012-06-20T23:21:42Z" user="sturmflut" uid="5862" lat="9.4260464" lon="99.9344018">
  <tag k="source" v="Bing"/>
 </node>
 <node id="1796250616" visible="true" version="3" changeset="11964123" timestamp="2012-06-20T23:21:42Z" user="sturmflut" uid="5862" lat="9.4261152" lon="99.9343381">
  <tag k="source" v="Bing"/>
 </node>
 <node id="1796250621" visible="true" version="3" changeset="11964123" timestamp="2012-06-20T23:21:42Z" user="sturmflut" uid="5862" lat="9.4263907" lon="99.9337644">
  <tag k="source" v="Bing"/>
 </node>
 <node id="1796250633" visible="true" version="3" changeset="11964123" timestamp="2012-06-20T23:21:43Z" user="sturmflut" uid="5862" lat="9.4266363" lon="99.9329266">
  <tag k="source" v="Bing"/>
 </node>
 <node id="1796250641" visible="true" version="3" changeset="11964123" timestamp="2012-06-20T23:21:43Z" user="sturmflut" uid="5862" lat="9.4272381" lon="99.9324804">
  <tag k="source" v="Bing"/>
 </node>
 <node id="1796250648" visible="true" version="3" changeset="11964123" timestamp="2012-06-20T23:21:44Z" user="sturmflut" uid="5862" lat="9.4275645" lon="99.9319553">
  <tag k="source" v="Bing"/>
 </node>
 <node id="1796250651" visible="true" version="3" changeset="11964123" timestamp="2012-06-20T23:21:44Z" user="sturmflut" uid="5862" lat="9.4276095" lon="99.9290595">
  <tag k="source" v="Bing"/>
 </node>
 <node id="1796250655" visible="true" version="3" changeset="11964123" timestamp="2012-06-20T23:21:44Z" user="sturmflut" uid="5862" lat="9.4277891" lon="99.9290049">
  <tag k="source" v="Bing"/>
 </node>
 <node id="1796250657" visible="true" version="3" changeset="11964123" timestamp="2012-06-20T23:21:44Z" user="sturmflut" uid="5862" lat="9.4279838" lon="99.9312116">
  <tag k="source" v="Bing"/>
 </node>
 <node id="1796250671" visible="true" version="3" changeset="11964123" timestamp="2012-06-20T23:21:45Z" user="sturmflut" uid="5862" lat="9.4280736" lon="99.9294814">
  <tag k="source" v="Bing"/>
 </node>
 <node id="1796250673" visible="true" version="3" changeset="11964123" timestamp="2012-06-20T23:21:45Z" user="sturmflut" uid="5862" lat="9.4281215" lon="99.9298396">
  <tag k="source" v="Bing"/>
 </node>
 <node id="1796250675" visible="true" version="3" changeset="11964123" timestamp="2012-06-20T23:21:45Z" user="sturmflut" uid="5862" lat="9.4281395" lon="99.9306865">
  <tag k="source" v="Bing"/>
 </node>
 <node id="1796411040" visible="true" version="5" changeset="53260513" timestamp="2017-10-26T11:17:56Z" user="misht" uid="615059" lat="9.5411186" lon="99.9328530">
  <tag k="source" v="Bing"/>
 </node>
 <node id="1796412567" visible="true" version="3" changeset="11964123" timestamp="2012-06-20T23:24:32Z" user="sturmflut" uid="5862" lat="9.5598997" lon="100.0318621">
  <tag k="source" v="Bing"/>
 </node>
 <node id="1796412700" visible="true" version="3" changeset="47460283" timestamp="2017-04-05T01:21:03Z" user="gezginrocker" uid="1686268" lat="9.5611148" lon="100.0283854">
  <tag k="source" v="Bing"/>
 </node>
 <node id="1796413269" visible="true" version="2" changeset="11964123" timestamp="2012-06-20T23:25:14Z" user="sturmflut" uid="5862" lat="9.5639076" lon="100.0226933">
  <tag k="source" v="Bing"/>
 </node>
 <node id="1796413342" visible="true" version="2" changeset="11964123" timestamp="2012-06-20T23:25:21Z" user="sturmflut" uid="5862" lat="9.5650675" lon="100.0207572">
  <tag k="source" v="Bing"/>
 </node>
 <node id="1796413601" visible="true" version="2" changeset="11964123" timestamp="2012-06-20T23:25:30Z" user="sturmflut" uid="5862" lat="9.5665152" lon="100.0187955">
  <tag k="source" v="Bing"/>
 </node>
 <node id="1796413664" visible="true" version="4" changeset="54645630" timestamp="2017-12-15T08:18:03Z" user="Ropino" uid="42123" lat="9.5667416" lon="100.0186254">
  <tag k="source" v="Bing"/>
 </node>
 <node id="1796413773" visible="true" version="2" changeset="11964123" timestamp="2012-06-20T23:25:45Z" user="sturmflut" uid="5862" lat="9.5682562" lon="99.9179941">
  <tag k="source" v="Bing"/>
 </node>
 <node id="1796413785" visible="true" version="3" changeset="46364894" timestamp="2017-02-24T11:38:13Z" user="gezginrocker" uid="1686268" lat="9.5686206" lon="99.9175911">
  <tag k="source" v="Bing"/>
 </node>
 <node id="1796413817" visible="true" version="2" changeset="11964123" timestamp="2012-06-20T23:25:50Z" user="sturmflut" uid="5862" lat="9.5691843" lon="99.9138912">
  <tag k="source" v="Bing"/>
 </node>
 <node id="1796413818" visible="true" version="2" changeset="11964123" timestamp="2012-06-20T23:25:50Z" user="sturmflut" uid="5862" lat="9.5691904" lon="99.9135779">
  <tag k="source" v="Bing"/>
 </node>
 <node id="1796413849" visible="true" version="3" changeset="11976686" timestamp="2012-06-22T09:18:15Z" user="sturmflut" uid="5862" lat="9.5692565" lon="99.9141965">
  <tag k="source" v="Bing"/>
 </node>
 <node id="1796413886" visible="true" version="3" changeset="46364894" timestamp="2017-02-24T11:38:13Z" user="gezginrocker" uid="1686268" lat="9.5696055" lon="99.9122812">
  <tag k="source" v="Bing"/>
 </node>
 <node id="1796413889" visible="true" version="3" changeset="11976686" timestamp="2012-06-22T09:18:16Z" user="sturmflut" uid="5862" lat="9.5694789" lon="99.9144632">
  <tag k="source" v="Bing"/>
 </node>
 <node id="1796413895" visible="true" version="4" changeset="52355923" timestamp="2017-09-25T13:22:52Z" user="misht" uid="615059" lat="9.5696449" lon="99.9163266">
  <tag k="source" v="Bing"/>
 </node>
 <node id="1796413900" visible="true" version="3" changeset="11976686" timestamp="2012-06-22T09:18:16Z" user="sturmflut" uid="5862" lat="9.5696039" lon="99.9147050">
  <tag k="source" v="Bing"/>
 </node>
 <node id="1796413903" visible="true" version="3" changeset="11976686" timestamp="2012-06-22T09:18:16Z" user="sturmflut" uid="5862" lat="9.5697000" lon="99.9149851">
  <tag k="source" v="Bing"/>
 </node>
 <node id="1796413904" visible="true" version="2" changeset="11964123" timestamp="2012-06-20T23:25:57Z" user="sturmflut" uid="5862" lat="9.5698113" lon="99.9153459">
  <tag k="source" v="Bing"/>
 </node>
 <node id="1796413906" visible="true" version="2" changeset="11964123" timestamp="2012-06-20T23:25:57Z" user="sturmflut" uid="5862" lat="9.5698541" lon="99.9155103">
  <tag k="source" v="Bing"/>
 </node>
 <node id="1796413912" visible="true" version="2" changeset="11964123" timestamp="2012-06-20T23:25:58Z" user="sturmflut" uid="5862" lat="9.5699184" lon="99.9159414">
  <tag k="source" v="Bing"/>
 </node>
 <node id="1796413919" visible="true" version="2" changeset="11964123" timestamp="2012-06-20T23:25:59Z" user="sturmflut" uid="5862" lat="9.5699887" lon="99.9157677">
  <tag k="source" v="Bing"/>
 </node>
 <node id="1796413948" visible="true" version="4" changeset="46364894" timestamp="2017-02-24T11:38:13Z" user="gezginrocker" uid="1686268" lat="9.5702550" lon="99.9121407">
  <tag k="source" v="Bing"/>
 </node>
 <node id="1796413964" visible="true" version="3" changeset="46364894" timestamp="2017-02-24T11:38:13Z" user="gezginrocker" uid="1686268" lat="9.5704864" lon="99.9145059">
  <tag k="source" v="Bing"/>
 </node>
 <node id="1796413967" visible="true" version="5" changeset="46364894" timestamp="2017-02-24T11:38:13Z" user="gezginrocker" uid="1686268" lat="9.5705259" lon="99.9142109">
  <tag k="source" v="Bing"/>
 </node>
 <node id="1796413974" visible="true" version="3" changeset="46364894" timestamp="2017-02-24T11:38:13Z" user="gezginrocker" uid="1686268" lat="9.5705416" lon="99.9148843">
  <tag k="source" v="Bing"/>
 </node>
 <node id="1796413977" visible="true" version="3" changeset="46364894" timestamp="2017-02-24T11:38:13Z" user="gezginrocker" uid="1686268" lat="9.5706678" lon="99.9124225">
  <tag k="source" v="Bing"/>
 </node>
 <node id="1796413984" visible="true" version="4" changeset="46364894" timestamp="2017-02-24T11:38:13Z" user="gezginrocker" uid="1686268" lat="9.5706745" lon="99.9151828">
  <tag k="source" v="Bing"/>
 </node>
 <node id="1796413990" visible="true" version="4" changeset="46364894" timestamp="2017-02-24T11:38:13Z" user="gezginrocker" uid="1686268" lat="9.5707180" lon="99.9139967">
  <tag k="source" v="Bing"/>
 </node>
 <node id="1796414000" visible="true" version="3" changeset="46364894" timestamp="2017-02-24T11:38:13Z" user="gezginrocker" uid="1686268" lat="9.5708068" lon="99.9153798">
  <tag k="source" v="Bing"/>
 </node>
 <node id="1796414027" visible="true" version="4" changeset="46364894" timestamp="2017-02-24T11:38:13Z" user="gezginrocker" uid="1686268" lat="9.5708620" lon="99.9128621">
  <tag k="source" v="Bing"/>
 </node>
 <node id="1796414029" visible="true" version="3" changeset="46364894" timestamp="2017-02-24T11:38:13Z" user="gezginrocker" uid="1686268" lat="9.5709765" lon="99.9155407">
  <tag k="source" v="Bing"/>
 </node>
 <node id="1796414066" visible="true" version="3" changeset="11976686" timestamp="2012-06-22T09:18:16Z" user="sturmflut" uid="5862" lat="9.5711606" lon="99.9136617">
  <tag k="source" v="Bing"/>
 </node>
 <node id="1796414072" visible="true" version="4" changeset="47460783" timestamp="2017-04-05T02:13:00Z" user="gezginrocker" uid="1686268" lat="9.5712679" lon="99.9976474">
  <tag k="source" v="Bing"/>
 </node>
 <node id="1796414085" visible="true" version="3" changeset="46364894" timestamp="2017-02-24T11:38:13Z" user="gezginrocker" uid="1686268" lat="9.5713286" lon="99.9156259">
  <tag k="source" v="Bing"/>
 </node>
 <node id="1796414198" visible="true" version="2" changeset="11964123" timestamp="2012-06-20T23:26:11Z" user="sturmflut" uid="5862" lat="9.5716434" lon="99.9155103">
  <tag k="source" v="Bing"/>
 </node>
 <node id="1796414396" visible="true" version="2" changeset="11964123" timestamp="2012-06-20T23:26:22Z" user="sturmflut" uid="5862" lat="9.5725609" lon="99.9156809">
  <tag k="source" v="Bing"/>
 </node>
 <node id="1796414427" visible="true" version="4" changeset="46364794" timestamp="2017-02-24T11:33:21Z" user="gezginrocker" uid="1686268" lat="9.5728953" lon="99.9951764">
  <tag k="source" v="Bing"/>
 </node>
 <node id="1796414441" visible="true" version="2" changeset="11964123" timestamp="2012-06-20T23:26:25Z" user="sturmflut" uid="5862" lat="9.5729432" lon="99.9158608">
  <tag k="source" v="Bing"/>
 </node>
 <node id="1796414449" visible="true" version="2" changeset="11964123" timestamp="2012-06-20T23:26:25Z" user="sturmflut" uid="5862" lat="9.5733164" lon="99.9159787">
  <tag k="source" v="Bing"/>
 </node>
 <node id="1796414455" visible="true" version="2" changeset="11964123" timestamp="2012-06-20T23:26:26Z" user="sturmflut" uid="5862" lat="9.5739556" lon="99.9164935">
  <tag k="source" v="Bing"/>
 </node>
 <node id="1796414457" visible="true" version="2" changeset="11964123" timestamp="2012-06-20T23:26:26Z" user="sturmflut" uid="5862" lat="9.5740257" lon="99.9938500">
  <tag k="source" v="Bing"/>
 </node>
 <node id="1796414459" visible="true" version="3" changeset="47460783" timestamp="2017-04-05T02:13:00Z" user="gezginrocker" uid="1686268" lat="9.5743118" lon="99.9934162">
  <tag k="source" v="Bing"/>
 </node>
 <node id="1796414461" visible="true" version="4" changeset="46364894" timestamp="2017-02-24T11:38:14Z" user="gezginrocker" uid="1686268" lat="9.5743914" lon="99.9233335">
  <tag k="source" v="Bing"/>
 </node>
 <node id="1796414463" visible="true" version="4" changeset="46364894" timestamp="2017-02-24T11:38:14Z" user="gezginrocker" uid="1686268" lat="9.5744778" lon="99.9238004">
  <tag k="source" v="Bing"/>
 </node>
 <node id="1796414468" visible="true" version="3" changeset="46364894" timestamp="2017-02-24T11:38:14Z" user="gezginrocker" uid="1686268" lat="9.5746806" lon="99.9224246">
  <tag k="source" v="Bing"/>
 </node>
 <node id="1796414469" visible="true" version="3" changeset="46364894" timestamp="2017-02-24T11:38:14Z" user="gezginrocker" uid="1686268" lat="9.5747957" lon="99.9220583">
  <tag k="source" v="Bing"/>
 </node>
 <node id="1796414470" visible="true" version="3" changeset="46364894" timestamp="2017-02-24T11:38:14Z" user="gezginrocker" uid="1686268" lat="9.5748155" lon="99.9222964">
  <tag k="source" v="Bing"/>
 </node>
 <node id="1796414472" visible="true" version="3" changeset="46364894" timestamp="2017-02-24T11:38:14Z" user="gezginrocker" uid="1686268" lat="9.5749406" lon="99.9220363">
  <tag k="source" v="Bing"/>
 </node>
 <node id="1796414476" visible="true" version="3" changeset="46364894" timestamp="2017-02-24T11:38:14Z" user="gezginrocker" uid="1686268" lat="9.5751050" lon="99.9220724">
  <tag k="source" v="Bing"/>
 </node>
 <node id="1796414481" visible="true" version="2" changeset="11964123" timestamp="2012-06-20T23:26:29Z" user="sturmflut" uid="5862" lat="9.5753054" lon="99.9216926">
  <tag k="source" v="Bing"/>
 </node>
 <node id="1796414484" visible="true" version="3" changeset="46364894" timestamp="2017-02-24T11:38:14Z" user="gezginrocker" uid="1686268" lat="9.5751911" lon="99.9218828">
  <tag k="source" v="Bing"/>
 </node>
 <node id="1796414491" visible="true" version="2" changeset="11964123" timestamp="2012-06-20T23:26:30Z" user="sturmflut" uid="5862" lat="9.5754087" lon="99.9215894">
  <tag k="source" v="Bing"/>
 </node>
 <node id="1796414495" visible="true" version="3" changeset="47460783" timestamp="2017-04-05T02:13:00Z" user="gezginrocker" uid="1686268" lat="9.5753938" lon="99.9920240">
  <tag k="source" v="Bing"/>
 </node>
 <node id="1796414497" visible="true" version="3" changeset="46364894" timestamp="2017-02-24T11:38:14Z" user="gezginrocker" uid="1686268" lat="9.5754265" lon="99.9210401">
  <tag k="source" v="Bing"/>
 </node>
 <node id="1796414498" visible="true" version="3" changeset="46364894" timestamp="2017-02-24T11:38:14Z" user="gezginrocker" uid="1686268" lat="9.5753883" lon="99.9215436">
  <tag k="source" v="Bing"/>
 </node>
 <node id="1796414499" visible="true" version="3" changeset="46364894" timestamp="2017-02-24T11:38:14Z" user="gezginrocker" uid="1686268" lat="9.5754169" lon="99.9212678">
  <tag k="source" v="Bing"/>
 </node>
 <node id="1796414501" visible="true" version="2" changeset="11964123" timestamp="2012-06-20T23:26:32Z" user="sturmflut" uid="5862" lat="9.5756481" lon="99.9207365">
  <tag k="source" v="Bing"/>
 </node>
 <node id="1796414502" visible="true" version="3" changeset="46364894" timestamp="2017-02-24T11:38:14Z" user="gezginrocker" uid="1686268" lat="9.5756263" lon="99.9292671">
  <tag k="source" v="Bing"/>
 </node>
 <node id="1796414503" visible="true" version="3" changeset="46364894" timestamp="2017-02-24T11:38:14Z" user="gezginrocker" uid="1686268" lat="9.5756831" lon="99.9206631">
  <tag k="source" v="Bing"/>
 </node>
 <node id="1796414505" visible="true" version="2" changeset="11964123" timestamp="2012-06-20T23:26:32Z" user="sturmflut" uid="5862" lat="9.5757873" lon="99.9206226">
  <tag k="source" v="Bing"/>
 </node>
 <node id="1796414513" visible="true" version="2" changeset="11964123" timestamp="2012-06-20T23:26:33Z" user="sturmflut" uid="5862" lat="9.5759220" lon="99.9204223">
  <tag k="source" v="Bing"/>
 </node>
 <node id="1796414525" visible="true" version="2" changeset="11964123" timestamp="2012-06-20T23:26:35Z" user="sturmflut" uid="5862" lat="9.5761375" lon="99.9204466">
  <tag k="source" v="Bing"/>
 </node>
 <node id="1796414534" visible="true" version="2" changeset="11964123" timestamp="2012-06-20T23:26:35Z" user="sturmflut" uid="5862" lat="9.5763620" lon="99.9204041">
  <tag k="source" v="Bing"/>
 </node>
 <node id="1796414536" visible="true" version="3" changeset="46364794" timestamp="2017-02-24T11:33:21Z" user="gezginrocker" uid="1686268" lat="9.5762870" lon="99.9911133">
  <tag k="source" v="Bing"/>
 </node>
 <node id="1796414564" visible="true" version="2" changeset="11964123" timestamp="2012-06-20T23:26:36Z" user="sturmflut" uid="5862" lat="9.5765670" lon="99.9180775">
  <tag k="source" v="Bing"/>
 </node>
 <node id="1796414567" visible="true" version="2" changeset="11964123" timestamp="2012-06-20T23:26:36Z" user="sturmflut" uid="5862" lat="9.5765835" lon="99.9201294">
  <tag k="source" v="Bing"/>
 </node>
 <node id="1796414570" visible="true" version="2" changeset="11964123" timestamp="2012-06-20T23:26:36Z" user="sturmflut" uid="5862" lat="9.5766793" lon="99.9199882">
  <tag k="source" v="Bing"/>
 </node>
 <node id="1796414575" visible="true" version="2" changeset="11964123" timestamp="2012-06-20T23:26:36Z" user="sturmflut" uid="5862" lat="9.5767661" lon="99.9198092">
  <tag k="source" v="Bing"/>
 </node>
 <node id="1796414584" visible="true" version="2" changeset="11964123" timestamp="2012-06-20T23:26:37Z" user="sturmflut" uid="5862" lat="9.5768169" lon="99.9196437">
  <tag k="source" v="Bing"/>
 </node>
 <node id="1796414586" visible="true" version="2" changeset="11964123" timestamp="2012-06-20T23:26:37Z" user="sturmflut" uid="5862" lat="9.5768841" lon="99.9906689">
  <tag k="source" v="Bing"/>
 </node>
 <node id="1796414590" visible="true" version="3" changeset="11976686" timestamp="2012-06-22T09:18:16Z" user="sturmflut" uid="5862" lat="9.5769673" lon="99.9189780">
  <tag k="source" v="Bing"/>
 </node>
 <node id="1796414612" visible="true" version="2" changeset="11964123" timestamp="2012-06-20T23:26:38Z" user="sturmflut" uid="5862" lat="9.5772373" lon="99.9900679">
  <tag k="source" v="Bing"/>
 </node>
 <node id="1796414615" visible="true" version="2" changeset="11964123" timestamp="2012-06-20T23:26:38Z" user="sturmflut" uid="5862" lat="9.5777880" lon="99.9895307">
  <tag k="source" v="Bing"/>
 </node>
 <node id="1796414620" visible="true" version="5" changeset="46364794" timestamp="2017-02-24T11:33:22Z" user="gezginrocker" uid="1686268" lat="9.5783508" lon="99.9429990">
  <tag k="source" v="Bing"/>
 </node>
 <node id="1796414622" visible="true" version="5" changeset="46364794" timestamp="2017-02-24T11:33:22Z" user="gezginrocker" uid="1686268" lat="9.5784000" lon="99.9447530">
  <tag k="source" v="Bing"/>
 </node>
 <node id="1796414625" visible="true" version="3" changeset="47460783" timestamp="2017-04-05T02:13:00Z" user="gezginrocker" uid="1686268" lat="9.5788520" lon="99.9884230">
  <tag k="source" v="Bing"/>
 </node>
 <node id="1796414628" visible="true" version="3" changeset="46364794" timestamp="2017-02-24T11:33:22Z" user="gezginrocker" uid="1686268" lat="9.5796617" lon="99.9549228">
  <tag k="source" v="Bing"/>
 </node>
 <node id="1796414630" visible="true" version="3" changeset="46364794" timestamp="2017-02-24T11:33:22Z" user="gezginrocker" uid="1686268" lat="9.5797495" lon="99.9554143">
  <tag k="source" v="Bing"/>
 </node>
 <node id="1796414633" visible="true" version="3" changeset="46364794" timestamp="2017-02-24T11:33:22Z" user="gezginrocker" uid="1686268" lat="9.5799165" lon="99.9560272">
  <tag k="source" v="Bing"/>
 </node>
 <node id="1796414649" visible="true" version="3" changeset="46364794" timestamp="2017-02-24T11:33:22Z" user="gezginrocker" uid="1686268" lat="9.5801181" lon="99.9568079">
  <tag k="source" v="Bing"/>
 </node>
 <node id="1796414651" visible="true" version="3" changeset="46364794" timestamp="2017-02-24T11:33:22Z" user="gezginrocker" uid="1686268" lat="9.5801234" lon="99.9572158">
  <tag k="source" v="Bing"/>
 </node>
 <node id="1796414654" visible="true" version="3" changeset="46364794" timestamp="2017-02-24T11:33:22Z" user="gezginrocker" uid="1686268" lat="9.5801102" lon="99.9574390">
  <tag k="source" v="Bing"/>
 </node>
 <node id="1796414657" visible="true" version="3" changeset="46364794" timestamp="2017-02-24T11:33:22Z" user="gezginrocker" uid="1686268" lat="9.5801076" lon="99.9581667">
  <tag k="source" v="Bing"/>
 </node>
 <node id="1796414660" visible="true" version="3" changeset="46364794" timestamp="2017-02-24T11:33:22Z" user="gezginrocker" uid="1686268" lat="9.5801463" lon="99.9579756">
  <tag k="source" v="Bing"/>
 </node>
 <node id="1796414663" visible="true" version="4" changeset="46364794" timestamp="2017-02-24T11:33:22Z" user="gezginrocker" uid="1686268" lat="9.5802177" lon="99.9577116">
  <tag k="source" v="Bing"/>
 </node>
 <node id="1796414665" visible="true" version="3" changeset="46364794" timestamp="2017-02-24T11:33:22Z" user="gezginrocker" uid="1686268" lat="9.5801775" lon="99.9578951">
  <tag k="source" v="Bing"/>
 </node>
 <node id="1796414668" visible="true" version="3" changeset="46364794" timestamp="2017-02-24T11:33:22Z" user="gezginrocker" uid="1686268" lat="9.5803225" lon="99.9588160">
  <tag k="source" v="Bing"/>
 </node>
 <node id="1796414673" visible="true" version="3" changeset="46364794" timestamp="2017-02-24T11:33:22Z" user="gezginrocker" uid="1686268" lat="9.5809203" lon="99.9626054">
  <tag k="source" v="Bing"/>
 </node>
 <node id="1796414675" visible="true" version="3" changeset="46364794" timestamp="2017-02-24T11:33:22Z" user="gezginrocker" uid="1686268" lat="9.5814658" lon="99.9637591">
  <tag k="source" v="Bing"/>
 </node>
 <node id="1796414676" visible="true" version="3" changeset="46364794" timestamp="2017-02-24T11:33:22Z" user="gezginrocker" uid="1686268" lat="9.5816552" lon="99.9647088">
  <tag k="source" v="Bing"/>
 </node>
 <node id="1796414702" visible="true" version="2" changeset="11964123" timestamp="2012-06-20T23:26:42Z" user="sturmflut" uid="5862" lat="9.5820007" lon="99.9651509">
  <tag k="source" v="Bing"/>
 </node>
 <node id="1796414703" visible="true" version="2" changeset="11964123" timestamp="2012-06-20T23:26:42Z" user="sturmflut" uid="5862" lat="9.5820092" lon="99.9654300">
  <tag k="source" v="Bing"/>
 </node>
 <node id="1796414705" visible="true" version="2" changeset="11964123" timestamp="2012-06-20T23:26:42Z" user="sturmflut" uid="5862" lat="9.5820685" lon="99.9651209">
  <tag k="source" v="Bing"/>
 </node>
 <node id="1796414707" visible="true" version="2" changeset="11964123" timestamp="2012-06-20T23:26:42Z" user="sturmflut" uid="5862" lat="9.5821193" lon="99.9652282">
  <tag k="source" v="Bing"/>
 </node>
 <node id="1796414710" visible="true" version="2" changeset="11964123" timestamp="2012-06-20T23:26:42Z" user="sturmflut" uid="5862" lat="9.5822928" lon="99.9659065">
  <tag k="source" v="Bing"/>
 </node>
 <node id="1796414714" visible="true" version="2" changeset="11964123" timestamp="2012-06-20T23:26:42Z" user="sturmflut" uid="5862" lat="9.5826060" lon="99.9661554">
  <tag k="source" v="Bing"/>
 </node>
 <node id="1796414717" visible="true" version="2" changeset="11964123" timestamp="2012-06-20T23:26:42Z" user="sturmflut" uid="5862" lat="9.5826949" lon="99.9662628">
  <tag k="source" v="Bing"/>
 </node>
 <node id="1796414739" visible="true" version="2" changeset="11964123" timestamp="2012-06-20T23:26:43Z" user="sturmflut" uid="5862" lat="9.5833637" lon="99.9672801">
  <tag k="source" v="Bing"/>
 </node>
 <node id="1796414752" visible="true" version="3" changeset="46364794" timestamp="2017-02-24T11:33:22Z" user="gezginrocker" uid="1686268" lat="9.5840959" lon="99.9701798">
  <tag k="source" v="Bing"/>
 </node>
 <node id="1796414753" visible="true" version="4" changeset="46364794" timestamp="2017-02-24T11:33:22Z" user="gezginrocker" uid="1686268" lat="9.5840702" lon="99.9712132">
  <tag k="source" v="Bing"/>
 </node>
 <node id="1796455724" visible="true" version="4" changeset="47460783" timestamp="2017-04-05T02:13:01Z" user="gezginrocker" uid="1686268" lat="9.5601330" lon="100.0338451">
  <tag k="source" v="Bing"/>
 </node>
 <node id="1796455726" visible="true" version="2" changeset="11964123" timestamp="2012-06-20T23:28:41Z" user="sturmflut" uid="5862" lat="9.5599744" lon="100.0327878">
  <tag k="source" v="Bing"/>
 </node>
 <node id="1796455729" visible="true" version="4" changeset="47460283" timestamp="2017-04-05T01:21:03Z" user="gezginrocker" uid="1686268" lat="9.5600928" lon="100.0344876">
  <tag k="source" v="Bing"/>
 </node>
 <node id="1796455730" visible="true" version="3" changeset="47460283" timestamp="2017-04-05T01:21:03Z" user="gezginrocker" uid="1686268" lat="9.5600858" lon="100.0311560">
  <tag k="source" v="Bing"/>
 </node>
 <node id="1796455733" visible="true" version="3" changeset="11973629" timestamp="2012-06-21T22:24:31Z" user="sturmflut" uid="5862" lat="9.5602096" lon="100.0353215">
  <tag k="source" v="Bing"/>
 </node>
 <node id="1796455738" visible="true" version="3" changeset="11973629" timestamp="2012-06-21T22:24:31Z" user="sturmflut" uid="5862" lat="9.5604412" lon="100.0365443">
  <tag k="source" v="Bing"/>
 </node>
 <node id="1796455745" visible="true" version="3" changeset="47460283" timestamp="2017-04-05T01:21:03Z" user="gezginrocker" uid="1686268" lat="9.5607171" lon="100.0294078">
  <tag k="source" v="Bing"/>
 </node>
 <node id="1796455748" visible="true" version="2" changeset="11964123" timestamp="2012-06-20T23:28:44Z" user="sturmflut" uid="5862" lat="9.5608037" lon="100.0375879">
  <tag k="source" v="Bing"/>
 </node>
 <node id="1796455755" visible="true" version="2" changeset="11964123" timestamp="2012-06-20T23:28:46Z" user="sturmflut" uid="5862" lat="9.5610654" lon="100.0382711">
  <tag k="source" v="Bing"/>
 </node>
 <node id="1796455760" visible="true" version="2" changeset="11964123" timestamp="2012-06-20T23:28:46Z" user="sturmflut" uid="5862" lat="9.5613076" lon="100.0390331">
  <tag k="source" v="Bing"/>
 </node>
 <node id="1796455768" visible="true" version="2" changeset="11964123" timestamp="2012-06-20T23:28:47Z" user="sturmflut" uid="5862" lat="9.5616012" lon="100.0397809">
  <tag k="source" v="Bing"/>
 </node>
 <node id="1796455772" visible="true" version="2" changeset="11964123" timestamp="2012-06-20T23:28:47Z" user="sturmflut" uid="5862" lat="9.5617957" lon="100.0402166">
  <tag k="source" v="Bing"/>
 </node>
 <node id="1796455774" visible="true" version="2" changeset="11964123" timestamp="2012-06-20T23:28:47Z" user="sturmflut" uid="5862" lat="9.5619124" lon="100.0403869">
  <tag k="source" v="Bing"/>
 </node>
 <node id="1796455775" visible="true" version="2" changeset="11964123" timestamp="2012-06-20T23:28:48Z" user="sturmflut" uid="5862" lat="9.5622006" lon="100.0406613">
  <tag k="source" v="Bing"/>
 </node>
 <node id="1796455779" visible="true" version="3" changeset="47460248" timestamp="2017-04-05T01:16:47Z" user="gezginrocker" uid="1686268" lat="9.5626868" lon="100.0407130">
  <tag k="source" v="Bing"/>
 </node>
 <node id="1796455781" visible="true" version="2" changeset="11964123" timestamp="2012-06-20T23:28:49Z" user="sturmflut" uid="5862" lat="9.5629273" lon="100.0244715">
  <tag k="source" v="Bing"/>
 </node>
 <node id="1796455782" visible="true" version="4" changeset="148596097" timestamp="2024-03-13T14:15:15Z" user="Sal73x" uid="1293386" lat="9.5630038" lon="100.0406786">
  <tag k="source" v="Bing"/>
 </node>
 <node id="1796455784" visible="true" version="4" changeset="148596097" timestamp="2024-03-13T14:15:15Z" user="Sal73x" uid="1293386" lat="9.5637336" lon="100.0406506">
  <tag k="source" v="Bing"/>
 </node>
 <node id="1796455788" visible="true" version="2" changeset="11964123" timestamp="2012-06-20T23:28:50Z" user="sturmflut" uid="5862" lat="9.5645169" lon="100.0407886">
  <tag k="source" v="Bing"/>
 </node>
 <node id="1797683283" visible="true" version="1" changeset="11973629" timestamp="2012-06-21T22:09:20Z" user="sturmflut" uid="5862" lat="9.4291780" lon="99.9373082">
  <tag k="source" v="Bing"/>
 </node>
 <node id="1797683288" visible="true" version="1" changeset="11973629" timestamp="2012-06-21T22:09:20Z" user="sturmflut" uid="5862" lat="9.4300518" lon="99.9371791">
  <tag k="source" v="Bing"/>
 </node>
 <node id="1797683291" visible="true" version="2" changeset="12082040" timestamp="2012-07-01T22:58:59Z" user="sturmflut" uid="5862" lat="9.4303767" lon="99.9370393">
  <tag k="source" v="Bing"/>
 </node>
 <node id="1797683293" visible="true" version="1" changeset="11973629" timestamp="2012-06-21T22:09:20Z" user="sturmflut" uid="5862" lat="9.4308796" lon="99.9361104">
  <tag k="source" v="Bing"/>
 </node>
 <node id="1797683296" visible="true" version="1" changeset="11973629" timestamp="2012-06-21T22:09:20Z" user="sturmflut" uid="5862" lat="9.4313431" lon="99.9354039">
  <tag k="source" v="Bing"/>
 </node>
 <node id="1797683299" visible="true" version="3" changeset="17767688" timestamp="2013-09-10T13:46:30Z" user="gezginrocker" uid="1686268" lat="9.4349193" lon="99.9347606">
  <tag k="source" v="Bing"/>
 </node>
 <node id="1797683301" visible="true" version="4" changeset="17767688" timestamp="2013-09-10T13:46:30Z" user="gezginrocker" uid="1686268" lat="9.4369180" lon="99.9345555">
  <tag k="source" v="Bing"/>
 </node>
 <node id="1797683302" visible="true" version="2" changeset="12082040" timestamp="2012-07-01T22:58:59Z" user="sturmflut" uid="5862" lat="9.4395732" lon="99.9340607">
  <tag k="source" v="Bing"/>
 </node>
 <node id="1797683308" visible="true" version="2" changeset="17767688" timestamp="2013-09-10T13:46:30Z" user="gezginrocker" uid="1686268" lat="9.4401973" lon="99.9341511">
  <tag k="source" v="Bing"/>
 </node>
 <node id="1797683312" visible="true" version="2" changeset="17767688" timestamp="2013-09-10T13:46:30Z" user="gezginrocker" uid="1686268" lat="9.4410235" lon="99.9343458">
  <tag k="source" v="Bing"/>
 </node>
 <node id="1797683315" visible="true" version="1" changeset="11973629" timestamp="2012-06-21T22:09:21Z" user="sturmflut" uid="5862" lat="9.4420227" lon="99.9343121">
  <tag k="source" v="Bing"/>
 </node>
 <node id="1797683319" visible="true" version="2" changeset="17767688" timestamp="2013-09-10T13:46:30Z" user="gezginrocker" uid="1686268" lat="9.4446884" lon="99.9350437">
  <tag k="source" v="Bing"/>
 </node>
 <node id="1797683330" visible="true" version="2" changeset="17767688" timestamp="2013-09-10T13:46:30Z" user="gezginrocker" uid="1686268" lat="9.4453829" lon="99.9351579">
  <tag k="source" v="Bing"/>
 </node>
 <node id="1797683392" visible="true" version="2" changeset="12082040" timestamp="2012-07-01T22:58:59Z" user="sturmflut" uid="5862" lat="9.4480736" lon="99.9353933">
  <tag k="source" v="Bing"/>
 </node>
 <node id="1797683393" visible="true" version="1" changeset="11973629" timestamp="2012-06-21T22:09:22Z" user="sturmflut" uid="5862" lat="9.4482205" lon="99.9352374">
  <tag k="source" v="Bing"/>
 </node>
 <node id="1797683398" visible="true" version="1" changeset="11973629" timestamp="2012-06-21T22:09:23Z" user="sturmflut" uid="5862" lat="9.4484469" lon="99.9351585">
  <tag k="source" v="Bing"/>
 </node>
 <node id="1797683422" visible="true" version="1" changeset="11973629" timestamp="2012-06-21T22:09:24Z" user="sturmflut" uid="5862" lat="9.4497629" lon="99.9349505">
  <tag k="source" v="Bing"/>
 </node>
 <node id="1797683734" visible="true" version="1" changeset="11973629" timestamp="2012-06-21T22:09:40Z" user="sturmflut" uid="5862" lat="9.4749408" lon="99.9300476">
  <tag k="source" v="Bing"/>
 </node>
 <node id="1797684762" visible="true" version="3" changeset="58862259" timestamp="2018-05-10T21:36:34Z" user="Sal73x" uid="1293386" lat="9.4939567" lon="99.9203427">
  <tag k="source" v="Bing"/>
 </node>
 <node id="1797687610" visible="true" version="3" changeset="47460783" timestamp="2017-04-05T02:13:01Z" user="gezginrocker" uid="1686268" lat="9.5601304" lon="100.0338707">
  <tag k="source" v="Bing"/>
 </node>
 <node id="1797688466" visible="true" version="2" changeset="148596097" timestamp="2024-03-13T14:15:15Z" user="Sal73x" uid="1293386" lat="9.5650327" lon="100.0412901">
  <tag k="source" v="Bing"/>
 </node>
 <node id="1797689038" visible="true" version="2" changeset="47460783" timestamp="2017-04-05T02:13:01Z" user="gezginrocker" uid="1686268" lat="9.5673908" lon="100.0184448">
  <tag k="source" v="Bing"/>
 </node>
 <node id="1797689160" visible="true" version="1" changeset="11973629" timestamp="2012-06-21T22:13:12Z" user="sturmflut" uid="5862" lat="9.5679728" lon="100.0183092">
  <tag k="source" v="Bing"/>
 </node>
 <node id="1797689319" visible="true" version="1" changeset="11973629" timestamp="2012-06-21T22:13:18Z" user="sturmflut" uid="5862" lat="9.5684696" lon="100.0181658">
  <tag k="source" v="Bing"/>
 </node>
 <node id="1797691036" visible="true" version="1" changeset="11973629" timestamp="2012-06-21T22:14:56Z" user="sturmflut" uid="5862" lat="9.5764974" lon="99.9910394">
  <tag k="source" v="Bing"/>
 </node>
 <node id="1797691058" visible="true" version="2" changeset="46364794" timestamp="2017-02-24T11:33:22Z" user="gezginrocker" uid="1686268" lat="9.5766404" lon="99.9909352">
  <tag k="source" v="Bing"/>
 </node>
 <node id="1797691097" visible="true" version="1" changeset="11973629" timestamp="2012-06-21T22:14:58Z" user="sturmflut" uid="5862" lat="9.5767378" lon="99.9907955">
  <tag k="source" v="Bing"/>
 </node>
 <node id="1797691329" visible="true" version="2" changeset="46364794" timestamp="2017-02-24T11:33:22Z" user="gezginrocker" uid="1686268" lat="9.5788899" lon="99.9507719">
  <tag k="source" v="Bing"/>
 </node>
 <node id="1797691368" visible="true" version="1" changeset="11973629" timestamp="2012-06-21T22:15:18Z" user="sturmflut" uid="5862" lat="9.5793475" lon="99.9879302">
  <tag k="source" v="Bing"/>
 </node>
 <node id="1797691676" visible="true" version="1" changeset="11973629" timestamp="2012-06-21T22:15:38Z" user="sturmflut" uid="5862" lat="9.5807443" lon="99.9866248">
  <tag k="source" v="Bing"/>
 </node>
 <node id="1797691876" visible="true" version="1" changeset="11973629" timestamp="2012-06-21T22:15:51Z" user="sturmflut" uid="5862" lat="9.5820527" lon="99.9856099">
  <tag k="source" v="Bing"/>
 </node>
 <node id="1797691990" visible="true" version="1" changeset="11973629" timestamp="2012-06-21T22:16:03Z" user="sturmflut" uid="5862" lat="9.5834707" lon="99.9846560">
  <tag k="source" v="Bing"/>
 </node>
 <node id="1797692073" visible="true" version="1" changeset="11973629" timestamp="2012-06-21T22:16:11Z" user="sturmflut" uid="5862" lat="9.5843783" lon="99.9728335">
  <tag k="source" v="Bing"/>
 </node>
 <node id="1797692089" visible="true" version="2" changeset="46364794" timestamp="2017-02-24T11:33:22Z" user="gezginrocker" uid="1686268" lat="9.5847262" lon="99.9737136">
  <tag k="source" v="Bing"/>
 </node>
 <node id="1797692090" visible="true" version="1" changeset="11973629" timestamp="2012-06-21T22:16:12Z" user="sturmflut" uid="5862" lat="9.5845884" lon="99.9734066">
  <tag k="source" v="Bing"/>
 </node>
 <node id="1797692103" visible="true" version="3" changeset="47460783" timestamp="2017-04-05T02:13:01Z" user="gezginrocker" uid="1686268" lat="9.5849601" lon="99.9741826">
  <tag k="source" v="Bing"/>
 </node>
 <node id="1797692112" visible="true" version="2" changeset="47460783" timestamp="2017-04-05T02:13:01Z" user="gezginrocker" uid="1686268" lat="9.5852026" lon="99.9747431">
  <tag k="source" v="Bing"/>
 </node>
 <node id="1797692133" visible="true" version="1" changeset="11973629" timestamp="2012-06-21T22:16:16Z" user="sturmflut" uid="5862" lat="9.5856135" lon="99.9831893">
  <tag k="source" v="Bing"/>
 </node>
 <node id="1797692134" visible="true" version="1" changeset="11973629" timestamp="2012-06-21T22:16:16Z" user="sturmflut" uid="5862" lat="9.5856435" lon="99.9757496">
  <tag k="source" v="Bing"/>
 </node>
 <node id="1797692143" visible="true" version="2" changeset="47460783" timestamp="2017-04-05T02:13:01Z" user="gezginrocker" uid="1686268" lat="9.5861291" lon="99.9779326">
  <tag k="source" v="Bing"/>
 </node>
 <node id="1797692144" visible="true" version="2" changeset="47460783" timestamp="2017-04-05T02:13:01Z" user="gezginrocker" uid="1686268" lat="9.5861512" lon="99.9783314">
  <tag k="source" v="Bing"/>
 </node>
 <node id="1797692145" visible="true" version="1" changeset="11973629" timestamp="2012-06-21T22:16:18Z" user="sturmflut" uid="5862" lat="9.5861263" lon="99.9829060">
  <tag k="source" v="Bing"/>
 </node>
 <node id="1797692146" visible="true" version="2" changeset="47460783" timestamp="2017-04-05T02:13:01Z" user="gezginrocker" uid="1686268" lat="9.5863200" lon="99.9786220">
  <tag k="source" v="Bing"/>
 </node>
 <node id="1797692147" visible="true" version="2" changeset="47460783" timestamp="2017-04-05T02:13:01Z" user="gezginrocker" uid="1686268" lat="9.5866176" lon="99.9798176">
  <tag k="source" v="Bing"/>
 </node>
 <node id="1797692148" visible="true" version="2" changeset="47460783" timestamp="2017-04-05T02:13:01Z" user="gezginrocker" uid="1686268" lat="9.5866864" lon="99.9804652">
  <tag k="source" v="Bing"/>
 </node>
 <node id="1797692149" visible="true" version="1" changeset="11973629" timestamp="2012-06-21T22:16:18Z" user="sturmflut" uid="5862" lat="9.5868688" lon="99.9826908">
  <tag k="source" v="Bing"/>
 </node>
 <node id="1797692150" visible="true" version="1" changeset="11973629" timestamp="2012-06-21T22:16:18Z" user="sturmflut" uid="5862" lat="9.5869988" lon="99.9812777">
  <tag k="source" v="Bing"/>
 </node>
 <node id="1797692151" visible="true" version="1" changeset="11973629" timestamp="2012-06-21T22:16:18Z" user="sturmflut" uid="5862" lat="9.5871765" lon="99.9829741">
  <tag k="source" v="Bing"/>
 </node>
 <node id="1797692152" visible="true" version="1" changeset="11973629" timestamp="2012-06-21T22:16:18Z" user="sturmflut" uid="5862" lat="9.5872388" lon="99.9816682">
  <tag k="source" v="Bing"/>
 </node>
 <node id="1797692153" visible="true" version="2" changeset="47460783" timestamp="2017-04-05T02:13:01Z" user="gezginrocker" uid="1686268" lat="9.5873259" lon="99.9821173">
  <tag k="source" v="Bing"/>
 </node>
 <node id="1797692154" visible="true" version="1" changeset="11973629" timestamp="2012-06-21T22:16:18Z" user="sturmflut" uid="5862" lat="9.5873391" lon="99.9831068">
  <tag k="source" v="Bing"/>
 </node>
 <node id="1797991418" visible="true" version="3" changeset="133891475" timestamp="2023-03-20T10:01:42Z" user="rene78" uid="257555" lat="9.5234895" lon="99.9347739">
  <tag k="source" v="Bing"/>
 </node>
 <node id="1797991424" visible="true" version="4" changeset="133891475" timestamp="2023-03-20T10:01:42Z" user="rene78" uid="257555" lat="9.5236457" lon="99.9348263">
  <tag k="source" v="Bing"/>
 </node>
 <node id="1797992022" visible="true" version="2" changeset="12209208" timestamp="2012-07-13T17:59:43Z" user="sturmflut" uid="5862" lat="9.5691996" lon="99.9140485">
  <tag k="source" v="Bing"/>
 </node>
 <node id="1797992023" visible="true" version="2" changeset="12209208" timestamp="2012-07-13T17:59:43Z" user="sturmflut" uid="5862" lat="9.5693796" lon="99.9129626">
  <tag k="source" v="Bing"/>
 </node>
 <node id="1797992024" visible="true" version="2" changeset="12209208" timestamp="2012-07-13T17:59:43Z" user="sturmflut" uid="5862" lat="9.5694406" lon="99.9125123">
  <tag k="source" v="Bing"/>
 </node>
 <node id="1797992025" visible="true" version="3" changeset="46364894" timestamp="2017-02-24T11:38:14Z" user="gezginrocker" uid="1686268" lat="9.5694813" lon="99.9124542">
  <tag k="source" v="Bing"/>
 </node>
 <node id="1797992027" visible="true" version="3" changeset="46364894" timestamp="2017-02-24T11:38:14Z" user="gezginrocker" uid="1686268" lat="9.5699721" lon="99.9121122">
  <tag k="source" v="Bing"/>
 </node>
 <node id="1797992030" visible="true" version="3" changeset="46364894" timestamp="2017-02-24T11:38:14Z" user="gezginrocker" uid="1686268" lat="9.5704673" lon="99.9122395">
  <tag k="source" v="Bing"/>
 </node>
 <node id="1797992032" visible="true" version="3" changeset="46364894" timestamp="2017-02-24T11:38:14Z" user="gezginrocker" uid="1686268" lat="9.5707901" lon="99.9126760">
  <tag k="source" v="Bing"/>
 </node>
 <node id="1797992034" visible="true" version="3" changeset="46364894" timestamp="2017-02-24T11:38:14Z" user="gezginrocker" uid="1686268" lat="9.5709502" lon="99.9138297">
  <tag k="source" v="Bing"/>
 </node>
 <node id="1797992037" visible="true" version="3" changeset="46364894" timestamp="2017-02-24T11:38:14Z" user="gezginrocker" uid="1686268" lat="9.5710684" lon="99.9136964">
  <tag k="source" v="Bing"/>
 </node>
 <node id="1797992063" visible="true" version="3" changeset="46364894" timestamp="2017-02-24T11:38:14Z" user="gezginrocker" uid="1686268" lat="9.5709348" lon="99.9131597">
  <tag k="source" v="Bing"/>
 </node>
 <node id="1797992067" visible="true" version="3" changeset="46364894" timestamp="2017-02-24T11:38:14Z" user="gezginrocker" uid="1686268" lat="9.5712629" lon="99.9136553">
  <tag k="source" v="Bing"/>
 </node>
 <node id="1797992180" visible="true" version="2" changeset="12209208" timestamp="2012-07-13T17:59:59Z" user="sturmflut" uid="5862" lat="9.5768120" lon="99.9185808">
  <tag k="source" v="Bing"/>
 </node>
 <node id="1797992182" visible="true" version="2" changeset="12209208" timestamp="2012-07-13T17:59:59Z" user="sturmflut" uid="5862" lat="9.5768276" lon="99.9186913">
  <tag k="source" v="Bing"/>
 </node>
 <node id="1797992184" visible="true" version="2" changeset="12209208" timestamp="2012-07-13T17:59:59Z" user="sturmflut" uid="5862" lat="9.5768576" lon="99.9184682">
  <tag k="source" v="Bing"/>
 </node>
 <node id="1797992186" visible="true" version="2" changeset="12209208" timestamp="2012-07-13T17:59:59Z" user="sturmflut" uid="5862" lat="9.5768635" lon="99.9188363">
  <tag k="source" v="Bing"/>
 </node>
 <node id="1797992187" visible="true" version="2" changeset="12209208" timestamp="2012-07-13T17:59:59Z" user="sturmflut" uid="5862" lat="9.5769223" lon="99.9188568">
  <tag k="source" v="Bing"/>
 </node>
 <node id="1802062023" visible="true" version="2" changeset="12209208" timestamp="2012-07-13T18:05:53Z" user="sturmflut" uid="5862" lat="9.4766386" lon="99.9278849">
  <tag k="source" v="Bing"/>
 </node>
 <node id="1802137576" visible="true" version="3" changeset="12209208" timestamp="2012-07-13T18:08:01Z" user="sturmflut" uid="5862" lat="9.5379043" lon="99.9334083">
  <tag k="source" v="Bing"/>
 </node>
 <node id="1802137590" visible="true" version="2" changeset="12209208" timestamp="2012-07-13T18:08:03Z" user="sturmflut" uid="5862" lat="9.5382208" lon="99.9333999">
  <tag k="source" v="Bing"/>
 </node>
 <node id="1802137610" visible="true" version="3" changeset="27875399" timestamp="2015-01-02T22:42:08Z" user="romge" uid="439883" lat="9.5383235" lon="99.9333940">
  <tag k="source" v="Bing"/>
 </node>
 <node id="1808086785" visible="true" version="3" changeset="46365220" timestamp="2017-02-24T11:57:07Z" user="gezginrocker" uid="1686268" lat="9.4816856" lon="99.9264839">
  <tag k="source" v="Bing"/>
 </node>
 <node id="1808086798" visible="true" version="4" changeset="48518804" timestamp="2017-05-09T02:23:43Z" user="gezginrocker" uid="1686268" lat="9.4819089" lon="99.9264963">
  <tag k="source" v="Bing"/>
 </node>
 <node id="1808086799" visible="true" version="3" changeset="46365220" timestamp="2017-02-24T11:57:07Z" user="gezginrocker" uid="1686268" lat="9.4822405" lon="99.9265269">
  <tag k="source" v="Bing"/>
 </node>
 <node id="1808086800" visible="true" version="3" changeset="46365220" timestamp="2017-02-24T11:57:07Z" user="gezginrocker" uid="1686268" lat="9.4830764" lon="99.9264147">
  <tag k="source" v="Bing"/>
 </node>
 <node id="1808087009" visible="true" version="3" changeset="46364894" timestamp="2017-02-24T11:38:14Z" user="gezginrocker" uid="1686268" lat="9.5747500" lon="99.9246424">
  <tag k="source" v="Bing"/>
 </node>
 <node id="1808087010" visible="true" version="3" changeset="46364894" timestamp="2017-02-24T11:38:14Z" user="gezginrocker" uid="1686268" lat="9.5747234" lon="99.9251088">
  <tag k="source" v="Bing"/>
 </node>
 <node id="1808087015" visible="true" version="3" changeset="46364894" timestamp="2017-02-24T11:38:14Z" user="gezginrocker" uid="1686268" lat="9.5749172" lon="99.9254640">
  <tag k="source" v="Bing"/>
 </node>
 <node id="1808772406" visible="true" version="2" changeset="12209208" timestamp="2012-07-13T18:14:29Z" user="sturmflut" uid="5862" lat="9.4273213" lon="99.9323785">
  <tag k="source" v="Bing"/>
 </node>
 <node id="1808772407" visible="true" version="2" changeset="12209208" timestamp="2012-07-13T18:14:29Z" user="sturmflut" uid="5862" lat="9.4273405" lon="99.9323467">
  <tag k="source" v="Bing"/>
 </node>
 <node id="1808772443" visible="true" version="2" changeset="12209208" timestamp="2012-07-13T18:14:35Z" user="sturmflut" uid="5862" lat="9.4275933" lon="99.9325732">
  <tag k="source" v="Bing"/>
 </node>
 <node id="1808772445" visible="true" version="2" changeset="12209208" timestamp="2012-07-13T18:14:35Z" user="sturmflut" uid="5862" lat="9.4275941" lon="99.9326431">
  <tag k="source" v="Bing"/>
 </node>
 <node id="1808772448" visible="true" version="2" changeset="12209208" timestamp="2012-07-13T18:14:35Z" user="sturmflut" uid="5862" lat="9.4276116" lon="99.9325489">
  <tag k="source" v="Bing"/>
 </node>
 <node id="1808772452" visible="true" version="2" changeset="12209208" timestamp="2012-07-13T18:14:35Z" user="sturmflut" uid="5862" lat="9.4276234" lon="99.9325944">
  <tag k="source" v="Bing"/>
 </node>
 <node id="1808772466" visible="true" version="2" changeset="12209208" timestamp="2012-07-13T18:14:38Z" user="sturmflut" uid="5862" lat="9.4276260" lon="99.9325188">
  <tag k="source" v="Bing"/>
 </node>
 <node id="1808772476" visible="true" version="2" changeset="12209208" timestamp="2012-07-13T18:14:38Z" user="sturmflut" uid="5862" lat="9.4276443" lon="99.9324922">
  <tag k="source" v="Bing"/>
 </node>
 <node id="1808772482" visible="true" version="2" changeset="12209208" timestamp="2012-07-13T18:14:38Z" user="sturmflut" uid="5862" lat="9.4276574" lon="99.9326798">
  <tag k="source" v="Bing"/>
 </node>
 <node id="1808772489" visible="true" version="2" changeset="12209208" timestamp="2012-07-13T18:14:38Z" user="sturmflut" uid="5862" lat="9.4276731" lon="99.9325108">
  <tag k="source" v="Bing"/>
 </node>
 <node id="1808772494" visible="true" version="2" changeset="12209208" timestamp="2012-07-13T18:14:41Z" user="sturmflut" uid="5862" lat="9.4277002" lon="99.9324590">
  <tag k="source" v="Bing"/>
 </node>
 <node id="1808772534" visible="true" version="2" changeset="12209208" timestamp="2012-07-13T18:14:45Z" user="sturmflut" uid="5862" lat="9.4277644" lon="99.9324984">
  <tag k="source" v="Bing"/>
 </node>
 <node id="1808774805" visible="true" version="3" changeset="46364794" timestamp="2017-02-24T11:33:22Z" user="gezginrocker" uid="1686268" lat="9.5782234" lon="99.9395158">
  <tag k="source" v="Bing"/>
 </node>
 <node id="1808774806" visible="true" version="3" changeset="46364794" timestamp="2017-02-24T11:33:22Z" user="gezginrocker" uid="1686268" lat="9.5784166" lon="99.9413969">
  <tag k="source" v="Bing"/>
 </node>
 <node id="1808774810" visible="true" version="3" changeset="46364794" timestamp="2017-02-24T11:33:22Z" user="gezginrocker" uid="1686268" lat="9.5793336" lon="99.9531385">
  <tag k="source" v="Bing"/>
 </node>
 <node id="1808949784" visible="true" version="2" changeset="12209208" timestamp="2012-07-13T18:34:06Z" user="sturmflut" uid="5862" lat="9.5696717" lon="100.0052073">
  <tag k="source" v="Bing"/>
 </node>
 <node id="1809093978" visible="true" version="4" changeset="133891475" timestamp="2023-03-20T10:01:42Z" user="rene78" uid="257555" lat="9.5253094" lon="99.9345443">
  <tag k="source" v="Bing"/>
 </node>
 <node id="1809094063" visible="true" version="4" changeset="133408353" timestamp="2023-03-07T15:45:28Z" user="axel007" uid="85007" lat="9.5267731" lon="99.9343033">
  <tag k="source" v="Bing"/>
 </node>
 <node id="1809094098" visible="true" version="4" changeset="133408353" timestamp="2023-03-07T15:45:28Z" user="axel007" uid="85007" lat="9.5280596" lon="99.9346552">
  <tag k="source" v="Bing"/>
 </node>
 <node id="1809094126" visible="true" version="4" changeset="52355339" timestamp="2017-09-25T12:59:42Z" user="misht" uid="615059" lat="9.5289403" lon="99.9346259">
  <tag k="source" v="Bing"/>
 </node>
 <node id="1809094196" visible="true" version="4" changeset="52355339" timestamp="2017-09-25T12:59:42Z" user="misht" uid="615059" lat="9.5295778" lon="99.9344435">
  <tag k="source" v="Bing"/>
 </node>
 <node id="1809094238" visible="true" version="4" changeset="52355339" timestamp="2017-09-25T12:59:42Z" user="misht" uid="615059" lat="9.5313580" lon="99.9343792">
  <tag k="source" v="Bing"/>
 </node>
 <node id="1809094239" visible="true" version="4" changeset="52355339" timestamp="2017-09-25T12:59:42Z" user="misht" uid="615059" lat="9.5318924" lon="99.9344945">
  <tag k="source" v="Bing"/>
 </node>
 <node id="1809094241" visible="true" version="4" changeset="52355339" timestamp="2017-09-25T12:59:42Z" user="misht" uid="615059" lat="9.5322984" lon="99.9344958">
  <tag k="source" v="Bing"/>
 </node>
 <node id="1809094243" visible="true" version="5" changeset="52355339" timestamp="2017-09-25T12:59:42Z" user="misht" uid="615059" lat="9.5333260" lon="99.9346635">
  <tag k="source" v="Bing"/>
 </node>
 <node id="1809094245" visible="true" version="4" changeset="52355339" timestamp="2017-09-25T12:59:42Z" user="misht" uid="615059" lat="9.5343206" lon="99.9348244">
  <tag k="source" v="Bing"/>
 </node>
 <node id="1809094247" visible="true" version="3" changeset="188264908" timestamp="2026-08-30T18:30:46Z" user="norD79" uid="1965008" lat="9.5351784" lon="99.9347114">
  <tag k="source" v="Bing"/>
 </node>
 <node id="1809094249" visible="true" version="2" changeset="12209208" timestamp="2012-07-13T18:39:39Z" user="sturmflut" uid="5862" lat="9.5352345" lon="99.9346503">
  <tag k="source" v="Bing"/>
 </node>
 <node id="1809094262" visible="true" version="2" changeset="12209208" timestamp="2012-07-13T18:39:39Z" user="sturmflut" uid="5862" lat="9.5353496" lon="99.9346515">
  <tag k="source" v="Bing"/>
 </node>
 <node id="1809094264" visible="true" version="2" changeset="12209208" timestamp="2012-07-13T18:39:39Z" user="sturmflut" uid="5862" lat="9.5353748" lon="99.9344339">
  <tag k="source" v="Bing"/>
 </node>
 <node id="1809388755" visible="true" version="4" changeset="44784266" timestamp="2016-12-30T13:21:41Z" user="misht" uid="615059" lat="9.4288380" lon="99.9372316">
  <tag k="source" v="Bing"/>
 </node>
 <node id="1809388949" visible="true" version="3" changeset="17767688" timestamp="2013-09-10T13:46:30Z" user="gezginrocker" uid="1686268" lat="9.4336336" lon="99.9346013">
  <tag k="source" v="Bing"/>
 </node>
 <node id="1809388983" visible="true" version="3" changeset="12209208" timestamp="2012-07-13T18:49:37Z" user="sturmflut" uid="5862" lat="9.4353727" lon="99.9346370">
  <tag k="source" v="Bing"/>
 </node>
 <node id="1809388999" visible="true" version="3" changeset="12209208" timestamp="2012-07-13T18:49:45Z" user="sturmflut" uid="5862" lat="9.4357510" lon="99.9346876">
  <tag k="source" v="Bing"/>
 </node>
 <node id="1809389019" visible="true" version="2" changeset="12209208" timestamp="2012-07-13T18:49:50Z" user="sturmflut" uid="5862" lat="9.4360705" lon="99.9346321">
  <tag k="source" v="Bing"/>
 </node>
 <node id="1809389039" visible="true" version="3" changeset="17767688" timestamp="2013-09-10T13:46:30Z" user="gezginrocker" uid="1686268" lat="9.4364412" lon="99.9345892">
  <tag k="source" v="Bing"/>
 </node>
 <node id="1809389339" visible="true" version="2" changeset="12209208" timestamp="2012-07-13T18:51:27Z" user="sturmflut" uid="5862" lat="9.4536534" lon="99.9343869">
  <tag k="source" v="Bing"/>
 </node>
 <node id="1809389340" visible="true" version="2" changeset="12209208" timestamp="2012-07-13T18:51:27Z" user="sturmflut" uid="5862" lat="9.4538048" lon="99.9346005">
  <tag k="source" v="Bing"/>
 </node>
 <node id="1809389376" visible="true" version="2" changeset="12209208" timestamp="2012-07-13T18:51:38Z" user="sturmflut" uid="5862" lat="9.4551181" lon="99.9347173">
  <tag k="source" v="Bing"/>
 </node>
 <node id="1809389381" visible="true" version="2" changeset="12209208" timestamp="2012-07-13T18:51:39Z" user="sturmflut" uid="5862" lat="9.4556414" lon="99.9346906">
  <tag k="source" v="Bing"/>
 </node>
 <node id="1809389410" visible="true" version="2" changeset="12209208" timestamp="2012-07-13T18:51:47Z" user="sturmflut" uid="5862" lat="9.4564083" lon="99.9344437">
  <tag k="source" v="Bing"/>
 </node>
 <node id="1809389448" visible="true" version="2" changeset="12209208" timestamp="2012-07-13T18:51:59Z" user="sturmflut" uid="5862" lat="9.4571620" lon="99.9339265">
  <tag k="source" v="Bing"/>
 </node>
 <node id="1809389451" visible="true" version="2" changeset="12209208" timestamp="2012-07-13T18:52:03Z" user="sturmflut" uid="5862" lat="9.4574221" lon="99.9337797">
  <tag k="source" v="Bing"/>
 </node>
 <node id="1809389455" visible="true" version="2" changeset="12209208" timestamp="2012-07-13T18:52:03Z" user="sturmflut" uid="5862" lat="9.4575504" lon="99.9337196">
  <tag k="source" v="Bing"/>
 </node>
 <node id="1809389457" visible="true" version="2" changeset="12209208" timestamp="2012-07-13T18:52:04Z" user="sturmflut" uid="5862" lat="9.4577117" lon="99.9337363">
  <tag k="source" v="Bing"/>
 </node>
 <node id="1809389459" visible="true" version="2" changeset="12209208" timestamp="2012-07-13T18:52:04Z" user="sturmflut" uid="5862" lat="9.4578302" lon="99.9336262">
  <tag k="source" v="Bing"/>
 </node>
 <node id="1809389462" visible="true" version="2" changeset="12209208" timestamp="2012-07-13T18:52:04Z" user="sturmflut" uid="5862" lat="9.4579651" lon="99.9337530">
  <tag k="source" v="Bing"/>
 </node>
 <node id="1809389465" visible="true" version="3" changeset="48519007" timestamp="2017-05-09T02:43:25Z" user="gezginrocker" uid="1686268" lat="9.4583054" lon="99.9340475">
  <tag k="source" v="Bing"/>
 </node>
 <node id="1809389490" visible="true" version="3" changeset="48519007" timestamp="2017-05-09T02:43:25Z" user="gezginrocker" uid="1686268" lat="9.4598695" lon="99.9337037">
  <tag k="source" v="Bing"/>
 </node>
 <node id="1809389492" visible="true" version="3" changeset="48519007" timestamp="2017-05-09T02:43:25Z" user="gezginrocker" uid="1686268" lat="9.4602268" lon="99.9337112">
  <tag k="source" v="Bing"/>
 </node>
 <node id="1809389990" visible="true" version="4" changeset="53260513" timestamp="2017-10-26T11:17:56Z" user="misht" uid="615059" lat="9.5377805" lon="99.9338803">
  <tag k="source" v="Bing"/>
 </node>
 <node id="1809390031" visible="true" version="4" changeset="53260513" timestamp="2017-10-26T11:17:56Z" user="misht" uid="615059" lat="9.5388306" lon="99.9336898">
  <tag k="source" v="Bing"/>
 </node>
 <node id="1809390071" visible="true" version="4" changeset="53260513" timestamp="2017-10-26T11:17:57Z" user="misht" uid="615059" lat="9.5393279" lon="99.9336067">
  <tag k="source" v="Bing"/>
 </node>
 <node id="1809437868" visible="true" version="3" changeset="17767688" timestamp="2013-09-10T13:46:30Z" user="gezginrocker" uid="1686268" lat="9.4323788" lon="99.9348294">
  <tag k="source" v="Bing"/>
 </node>
 <node id="1809437869" visible="true" version="2" changeset="12209208" timestamp="2012-07-13T18:56:56Z" user="sturmflut" uid="5862" lat="9.4371653" lon="99.9344200">
  <tag k="source" v="Bing"/>
 </node>
 <node id="1809437870" visible="true" version="2" changeset="12209208" timestamp="2012-07-13T18:56:56Z" user="sturmflut" uid="5862" lat="9.4373032" lon="99.9343246">
  <tag k="source" v="Bing"/>
 </node>
 <node id="1809437871" visible="true" version="3" changeset="17767688" timestamp="2013-09-10T13:46:30Z" user="gezginrocker" uid="1686268" lat="9.4379267" lon="99.9341070">
  <tag k="source" v="Bing"/>
 </node>
 <node id="1809437872" visible="true" version="3" changeset="17767688" timestamp="2013-09-10T13:46:30Z" user="gezginrocker" uid="1686268" lat="9.4382132" lon="99.9342460">
  <tag k="source" v="Bing"/>
 </node>
 <node id="1809437874" visible="true" version="3" changeset="17767688" timestamp="2013-09-10T13:46:30Z" user="gezginrocker" uid="1686268" lat="9.4385703" lon="99.9343336">
  <tag k="source" v="Bing"/>
 </node>
 <node id="1809437876" visible="true" version="3" changeset="17767688" timestamp="2013-09-10T13:46:30Z" user="gezginrocker" uid="1686268" lat="9.4389673" lon="99.9343671">
  <tag k="source" v="Bing"/>
 </node>
 <node id="1809437878" visible="true" version="2" changeset="12209208" timestamp="2012-07-13T18:56:56Z" user="sturmflut" uid="5862" lat="9.4390040" lon="99.9342326">
  <tag k="source" v="Bing"/>
 </node>
 <node id="1809437880" visible="true" version="2" changeset="12209208" timestamp="2012-07-13T18:56:56Z" user="sturmflut" uid="5862" lat="9.4390645" lon="99.9340724">
  <tag k="source" v="Bing"/>
 </node>
 <node id="1809437882" visible="true" version="3" changeset="17767688" timestamp="2013-09-10T13:46:31Z" user="gezginrocker" uid="1686268" lat="9.4399176" lon="99.9341155">
  <tag k="source" v="Bing"/>
 </node>
 <node id="1809437888" visible="true" version="2" changeset="12209208" timestamp="2012-07-13T18:57:00Z" user="sturmflut" uid="5862" lat="9.4472777" lon="99.9354048">
  <tag k="source" v="Bing"/>
 </node>
 <node id="1809437890" visible="true" version="2" changeset="12209208" timestamp="2012-07-13T18:57:00Z" user="sturmflut" uid="5862" lat="9.4479954" lon="99.9354559">
  <tag k="source" v="Bing"/>
 </node>
 <node id="1825121975" visible="true" version="3" changeset="46364794" timestamp="2017-02-24T11:33:22Z" user="gezginrocker" uid="1686268" lat="9.5702248" lon="100.0010321">
  <tag k="source" v="Bing"/>
 </node>
 <node id="1825122001" visible="true" version="3" changeset="46364794" timestamp="2017-02-24T11:33:22Z" user="gezginrocker" uid="1686268" lat="9.5704075" lon="100.0006351">
  <tag k="source" v="Bing"/>
 </node>
 <node id="1825122049" visible="true" version="3" changeset="46364794" timestamp="2017-02-24T11:33:23Z" user="gezginrocker" uid="1686268" lat="9.5704264" lon="100.0003921">
  <tag k="source" v="Bing"/>
 </node>
 <node id="1825122065" visible="true" version="2" changeset="46364794" timestamp="2017-02-24T11:33:23Z" user="gezginrocker" uid="1686268" lat="9.5704748" lon="100.0001290">
  <tag k="source" v="Bing"/>
 </node>
 <node id="1825122106" visible="true" version="2" changeset="46364794" timestamp="2017-02-24T11:33:23Z" user="gezginrocker" uid="1686268" lat="9.5705710" lon="99.9998126">
  <tag k="source" v="Bing"/>
 </node>
 <node id="1825415260" visible="true" version="1" changeset="12218224" timestamp="2012-07-14T14:47:36Z" user="sturmflut" uid="5862" lat="9.5239300" lon="99.9346437"/>
 <node id="1825415771" visible="true" version="1" changeset="12218224" timestamp="2012-07-14T14:47:47Z" user="sturmflut" uid="5862" lat="9.5534758" lon="99.9295770"/>
 <node id="1825415778" visible="true" version="1" changeset="12218224" timestamp="2012-07-14T14:47:47Z" user="sturmflut" uid="5862" lat="9.5536594" lon="99.9295419"/>
 <node id="1825415788" visible="true" version="1" changeset="12218224" timestamp="2012-07-14T14:47:47Z" user="sturmflut" uid="5862" lat="9.5549164" lon="99.9290359"/>
 <node id="1825415791" visible="true" version="2" changeset="46364973" timestamp="2017-02-24T11:43:25Z" user="gezginrocker" uid="1686268" lat="9.5554800" lon="99.9288248"/>
 <node id="1825415810" visible="true" version="2" changeset="46364973" timestamp="2017-02-24T11:43:25Z" user="gezginrocker" uid="1686268" lat="9.5559954" lon="99.9285161"/>
 <node id="1825416350" visible="true" version="1" changeset="12218224" timestamp="2012-07-14T14:48:00Z" user="sturmflut" uid="5862" lat="9.5665487" lon="99.9196446"/>
 <node id="1825416384" visible="true" version="2" changeset="46364894" timestamp="2017-02-24T11:38:14Z" user="gezginrocker" uid="1686268" lat="9.5666265" lon="99.9195758"/>
 <node id="1825416565" visible="true" version="2" changeset="46364894" timestamp="2017-02-24T11:38:14Z" user="gezginrocker" uid="1686268" lat="9.5668885" lon="99.9193390"/>
 <node id="1825416794" visible="true" version="1" changeset="12218224" timestamp="2012-07-14T14:48:09Z" user="sturmflut" uid="5862" lat="9.5672655" lon="99.9189493"/>
 <node id="1825416861" visible="true" version="1" changeset="12218224" timestamp="2012-07-14T14:48:10Z" user="sturmflut" uid="5862" lat="9.5679151" lon="99.9183155"/>
 <node id="1825417585" visible="true" version="2" changeset="46364894" timestamp="2017-02-24T11:38:14Z" user="gezginrocker" uid="1686268" lat="9.5755920" lon="99.9282755"/>
 <node id="1825440916" visible="true" version="1" changeset="12218550" timestamp="2012-07-14T15:25:29Z" user="sturmflut" uid="5862" lat="9.5645021" lon="99.9211436">
  <tag k="source" v="Bing"/>
 </node>
 <node id="1825441327" visible="true" version="2" changeset="188265179" timestamp="2026-08-30T18:37:00Z" user="norD79" uid="1965008" lat="9.5711483" lon="99.9156308">
  <tag k="source" v="Bing"/>
 </node>
 <node id="1825499592" visible="true" version="1" changeset="12219290" timestamp="2012-07-14T16:44:12Z" user="sturmflut" uid="5862" lat="9.5697354" lon="100.0030709"/>
 <node id="1825499595" visible="true" version="1" changeset="12219290" timestamp="2012-07-14T16:44:12Z" user="sturmflut" uid="5862" lat="9.5698139" lon="100.0022348"/>
 <node id="1825499632" visible="true" version="1" changeset="12219290" timestamp="2012-07-14T16:44:13Z" user="sturmflut" uid="5862" lat="9.5701253" lon="100.0011979"/>
 <node id="1825499641" visible="true" version="1" changeset="12219290" timestamp="2012-07-14T16:44:13Z" user="sturmflut" uid="5862" lat="9.5706442" lon="99.9993623"/>
 <node id="1825499643" visible="true" version="2" changeset="47460783" timestamp="2017-04-05T02:13:01Z" user="gezginrocker" uid="1686268" lat="9.5706862" lon="99.9991997"/>
 <node id="1825499644" visible="true" version="2" changeset="46364794" timestamp="2017-02-24T11:33:23Z" user="gezginrocker" uid="1686268" lat="9.5706198" lon="99.9994294"/>
 <node id="1825499646" visible="true" version="2" changeset="47460783" timestamp="2017-04-05T02:13:01Z" user="gezginrocker" uid="1686268" lat="9.5707217" lon="99.9990540"/>
 <node id="1825499648" visible="true" version="2" changeset="46364794" timestamp="2017-02-24T11:33:23Z" user="gezginrocker" uid="1686268" lat="9.5705745" lon="99.9995558"/>
 <node id="1825499650" visible="true" version="1" changeset="12219290" timestamp="2012-07-14T16:44:13Z" user="sturmflut" uid="5862" lat="9.5707882" lon="99.9989012"/>
 <node id="1825499652" visible="true" version="2" changeset="46364794" timestamp="2017-02-24T11:33:23Z" user="gezginrocker" uid="1686268" lat="9.5704367" lon="100.0002306"/>
 <node id="1825499656" visible="true" version="2" changeset="47460783" timestamp="2017-04-05T02:13:01Z" user="gezginrocker" uid="1686268" lat="9.5708887" lon="99.9986660"/>
 <node id="1896107245" visible="true" version="1" changeset="12966069" timestamp="2012-09-03T11:32:00Z" user="sturmflut" uid="5862" lat="9.5713508" lon="99.9975344"/>
 <node id="1896107247" visible="true" version="1" changeset="12966069" timestamp="2012-09-03T11:32:00Z" user="sturmflut" uid="5862" lat="9.5714665" lon="99.9973054"/>
 <node id="1896107251" visible="true" version="1" changeset="12966069" timestamp="2012-09-03T11:32:00Z" user="sturmflut" uid="5862" lat="9.5715326" lon="99.9971001"/>
 <node id="1906698720" visible="true" version="3" changeset="53070179" timestamp="2017-10-19T14:17:17Z" user="misht" uid="615059" lat="9.5685499" lon="100.0613777"/>
 <node id="1906698721" visible="true" version="3" changeset="53070179" timestamp="2017-10-19T14:17:17Z" user="misht" uid="615059" lat="9.5701267" lon="100.0607975"/>
 <node id="1906698732" visible="true" version="3" changeset="46363760" timestamp="2017-02-24T10:46:09Z" user="gezginrocker" uid="1686268" lat="9.5708723" lon="100.0609607"/>
 <node id="1906698733" visible="true" version="1" changeset="13043149" timestamp="2012-09-09T11:18:42Z" user="sturmflut" uid="5862" lat="9.5715700" lon="100.0633404"/>
 <node id="2092939734" visible="true" version="1" changeset="14507381" timestamp="2013-01-03T00:40:16Z" user="715371" uid="715371" lat="9.5722969" lon="99.9959352"/>
 <node id="2092939742" visible="true" version="1" changeset="14507381" timestamp="2013-01-03T00:40:16Z" user="715371" uid="715371" lat="9.5724138" lon="99.9955920"/>
 <node id="2092939760" visible="true" version="2" changeset="46364794" timestamp="2017-02-24T11:33:23Z" user="gezginrocker" uid="1686268" lat="9.5725260" lon="99.9954654"/>
 <node id="2092939779" visible="true" version="2" changeset="46364794" timestamp="2017-02-24T11:33:23Z" user="gezginrocker" uid="1686268" lat="9.5728713" lon="99.9952082"/>
 <node id="2092939835" visible="true" version="1" changeset="14507381" timestamp="2013-01-03T00:40:19Z" user="715371" uid="715371" lat="9.5734425" lon="99.9944681"/>
 <node id="2092940266" visible="true" version="2" changeset="46364794" timestamp="2017-02-24T11:33:24Z" user="gezginrocker" uid="1686268" lat="9.5812833" lon="99.9635082"/>
 <node id="2129316654" visible="true" version="3" changeset="53070179" timestamp="2017-10-19T14:17:17Z" user="misht" uid="615059" lat="9.5705336" lon="100.0593674"/>
 <node id="2452886268" visible="true" version="1" changeset="17767688" timestamp="2013-09-10T13:46:20Z" user="gezginrocker" uid="1686268" lat="9.4328320" lon="99.9347449"/>
 <node id="2452886293" visible="true" version="1" changeset="17767688" timestamp="2013-09-10T13:46:20Z" user="gezginrocker" uid="1686268" lat="9.4419437" lon="99.9344515"/>
 <node id="2452886307" visible="true" version="1" changeset="17767688" timestamp="2013-09-10T13:46:20Z" user="gezginrocker" uid="1686268" lat="9.4436502" lon="99.9346909"/>
 <node id="2452886318" visible="true" version="1" changeset="17767688" timestamp="2013-09-10T13:46:21Z" user="gezginrocker" uid="1686268" lat="9.4460424" lon="99.9353628"/>
 <node id="2501265789" visible="true" version="2" changeset="53070179" timestamp="2017-10-19T14:17:17Z" user="misht" uid="615059" lat="9.5681373" lon="100.0613683"/>
 <node id="2501265790" visible="true" version="2" changeset="46363760" timestamp="2017-02-24T10:46:09Z" user="gezginrocker" uid="1686268" lat="9.5702960" lon="100.0610114"/>
 <node id="2534574359" visible="true" version="2" changeset="46363760" timestamp="2017-02-24T10:46:10Z" user="gezginrocker" uid="1686268" lat="9.5768678" lon="100.0665474"/>
 <node id="3148342025" visible="true" version="4" changeset="133891475" timestamp="2023-03-20T10:01:42Z" user="rene78" uid="257555" lat="9.5111274" lon="99.9344731"/>
 <node id="3266087675" visible="true" version="1" changeset="27875399" timestamp="2015-01-02T22:37:40Z" user="romge" uid="439883" lat="9.5354229" lon="99.9344006"/>
 <node id="3266087816" visible="true" version="2" changeset="53260513" timestamp="2017-10-26T11:17:58Z" user="misht" uid="615059" lat="9.5383571" lon="99.9336818"/>
 <node id="3266087829" visible="true" version="5" changeset="88272079" timestamp="2020-07-21T03:23:52Z" user="axline" uid="183576" lat="9.5842253" lon="99.9841060"/>
 <node id="3281175107" visible="true" version="2" changeset="46364894" timestamp="2017-02-24T11:38:15Z" user="gezginrocker" uid="1686268" lat="9.5755565" lon="99.9275582"/>
 <node id="3281175108" visible="true" version="2" changeset="46364894" timestamp="2017-02-24T11:38:15Z" user="gezginrocker" uid="1686268" lat="9.5755509" lon="99.9277990"/>
 <node id="4703294055" visible="true" version="1" changeset="46363760" timestamp="2017-02-24T10:46:06Z" user="gezginrocker" uid="1686268" lat="9.5935233" lon="100.0683448"/>
 <node id="4703294093" visible="true" version="1" changeset="46363760" timestamp="2017-02-24T10:46:06Z" user="gezginrocker" uid="1686268" lat="9.5936027" lon="100.0690099"/>
 <node id="4703294094" visible="true" version="1" changeset="46363760" timestamp="2017-02-24T10:46:06Z" user="gezginrocker" uid="1686268" lat="9.5930632" lon="100.0679102"/>
 <node id="4703294096" visible="true" version="1" changeset="46363760" timestamp="2017-02-24T10:46:06Z" user="gezginrocker" uid="1686268" lat="9.5849597" lon="100.0685379"/>
 <node id="4703294097" visible="true" version="1" changeset="46363760" timestamp="2017-02-24T10:46:06Z" user="gezginrocker" uid="1686268" lat="9.5887893" lon="100.0659308"/>
 <node id="4703294098" visible="true" version="2" changeset="47460248" timestamp="2017-04-05T01:16:48Z" user="gezginrocker" uid="1686268" lat="9.5715796" lon="100.0595900"/>
 <node id="4703294099" visible="true" version="2" changeset="47460248" timestamp="2017-04-05T01:16:48Z" user="gezginrocker" uid="1686268" lat="9.5715240" lon="100.0593862"/>
 <node id="4703294100" visible="true" version="1" changeset="46363760" timestamp="2017-02-24T10:46:07Z" user="gezginrocker" uid="1686268" lat="9.5713415" lon="100.0593272"/>
 <node id="4703294101" visible="true" version="3" changeset="61630715" timestamp="2018-08-13T15:27:05Z" user="Xadu" uid="1208299" lat="9.5708721" lon="100.0592653"/>
 <node id="4703294102" visible="true" version="1" changeset="46363760" timestamp="2017-02-24T10:46:07Z" user="gezginrocker" uid="1686268" lat="9.5711035" lon="100.0593218"/>
 <node id="4703294103" visible="true" version="1" changeset="46363760" timestamp="2017-02-24T10:46:07Z" user="gezginrocker" uid="1686268" lat="9.5702148" lon="100.0615668"/>
 <node id="4703294104" visible="true" version="3" changeset="61630690" timestamp="2018-08-13T15:26:11Z" user="Xadu" uid="1208299" lat="9.5701783" lon="100.0613610"/>
 <node id="4703294105" visible="true" version="1" changeset="46363760" timestamp="2017-02-24T10:46:07Z" user="gezginrocker" uid="1686268" lat="9.5703100" lon="100.0612342"/>
 <node id="4703294106" visible="true" version="2" changeset="133969854" timestamp="2023-03-22T09:30:37Z" user="rene78" uid="257555" lat="9.5759066" lon="100.0611135"/>
 <node id="4703294107" visible="true" version="2" changeset="133969854" timestamp="2023-03-22T09:30:37Z" user="rene78" uid="257555" lat="9.5750906" lon="100.0654292"/>
 <node id="4703294108" visible="true" version="2" changeset="133969854" timestamp="2023-03-22T09:30:37Z" user="rene78" uid="257555" lat="9.5753049" lon="100.0658771"/>
 <node id="4703294109" visible="true" version="1" changeset="46363760" timestamp="2017-02-24T10:46:07Z" user="gezginrocker" uid="1686268" lat="9.5744030" lon="100.0641954"/>
 <node id="4703294110" visible="true" version="2" changeset="133969854" timestamp="2023-03-22T09:30:37Z" user="rene78" uid="257555" lat="9.5753207" lon="100.0634927"/>
 <node id="4703294111" visible="true" version="2" changeset="133969854" timestamp="2023-03-22T09:30:37Z" user="rene78" uid="257555" lat="9.5755164" lon="100.0629910"/>
 <node id="4703294112" visible="true" version="1" changeset="46363760" timestamp="2017-02-24T10:46:07Z" user="gezginrocker" uid="1686268" lat="9.5763231" lon="100.0611216"/>
 <node id="4703294113" visible="true" version="1" changeset="46363760" timestamp="2017-02-24T10:46:07Z" user="gezginrocker" uid="1686268" lat="9.5762596" lon="100.0611806"/>
 <node id="4703294114" visible="true" version="2" changeset="133969854" timestamp="2023-03-22T09:30:37Z" user="rene78" uid="257555" lat="9.5759714" lon="100.0618806"/>
 <node id="4703294115" visible="true" version="2" changeset="133969854" timestamp="2023-03-22T09:30:37Z" user="rene78" uid="257555" lat="9.5756328" lon="100.0629133"/>
 <node id="4703294116" visible="true" version="2" changeset="133969854" timestamp="2023-03-22T09:30:37Z" user="rene78" uid="257555" lat="9.5751938" lon="100.0639540"/>
 <node id="4703294117" visible="true" version="2" changeset="133969854" timestamp="2023-03-22T09:30:37Z" user="rene78" uid="257555" lat="9.5750377" lon="100.0644100"/>
 <node id="4703294118" visible="true" version="2" changeset="133969854" timestamp="2023-03-22T09:30:37Z" user="rene78" uid="257555" lat="9.5749293" lon="100.0646889"/>
 <node id="4703294119" visible="true" version="2" changeset="133969854" timestamp="2023-03-22T09:30:37Z" user="rene78" uid="257555" lat="9.5748711" lon="100.0648901"/>
 <node id="4703294120" visible="true" version="1" changeset="46363760" timestamp="2017-02-24T10:46:07Z" user="gezginrocker" uid="1686268" lat="9.5748182" lon="100.0650376"/>
 <node id="4703294121" visible="true" version="1" changeset="46363760" timestamp="2017-02-24T10:46:07Z" user="gezginrocker" uid="1686268" lat="9.5746886" lon="100.0654185"/>
 <node id="4703294122" visible="true" version="2" changeset="133969854" timestamp="2023-03-22T09:30:37Z" user="rene78" uid="257555" lat="9.5742443" lon="100.0653353"/>
 <node id="4703294123" visible="true" version="2" changeset="133969854" timestamp="2023-03-22T09:30:37Z" user="rene78" uid="257555" lat="9.5739877" lon="100.0651690"/>
 <node id="4703294124" visible="true" version="2" changeset="133969854" timestamp="2023-03-22T09:30:37Z" user="rene78" uid="257555" lat="9.5741147" lon="100.0646728"/>
 <node id="4703294125" visible="true" version="1" changeset="46363760" timestamp="2017-02-24T10:46:07Z" user="gezginrocker" uid="1686268" lat="9.5746833" lon="100.0637823"/>
 <node id="4703294126" visible="true" version="2" changeset="133969854" timestamp="2023-03-22T09:30:37Z" user="rene78" uid="257555" lat="9.5758867" lon="100.0612611"/>
 <node id="4703294127" visible="true" version="2" changeset="133969854" timestamp="2023-03-22T09:30:37Z" user="rene78" uid="257555" lat="9.5758233" lon="100.0610894"/>
 <node id="4703294128" visible="true" version="1" changeset="46363760" timestamp="2017-02-24T10:46:07Z" user="gezginrocker" uid="1686268" lat="9.5757783" lon="100.0612879"/>
 <node id="4703294129" visible="true" version="2" changeset="133969854" timestamp="2023-03-22T09:30:37Z" user="rene78" uid="257555" lat="9.5740432" lon="100.0645226"/>
 <node id="4703294130" visible="true" version="1" changeset="46363760" timestamp="2017-02-24T10:46:07Z" user="gezginrocker" uid="1686268" lat="9.5738211" lon="100.0647426"/>
 <node id="4703294131" visible="true" version="1" changeset="46363760" timestamp="2017-02-24T10:46:07Z" user="gezginrocker" uid="1686268" lat="9.5734336" lon="100.0647763"/>
 <node id="4703294133" visible="true" version="2" changeset="133969854" timestamp="2023-03-22T09:30:37Z" user="rene78" uid="257555" lat="9.5752017" lon="100.0647908"/>
 <node id="4703294134" visible="true" version="2" changeset="133969854" timestamp="2023-03-22T09:30:37Z" user="rene78" uid="257555" lat="9.5753340" lon="100.0641686"/>
 <node id="4703294135" visible="true" version="2" changeset="133969854" timestamp="2023-03-22T09:30:37Z" user="rene78" uid="257555" lat="9.5756592" lon="100.0632191"/>
 <node id="4703294136" visible="true" version="2" changeset="133969854" timestamp="2023-03-22T09:30:37Z" user="rene78" uid="257555" lat="9.5759000" lon="100.0625619"/>
 <node id="4703294137" visible="true" version="2" changeset="133969854" timestamp="2023-03-22T09:30:37Z" user="rene78" uid="257555" lat="9.5763734" lon="100.0611484"/>
 <node id="4703372534" visible="true" version="1" changeset="46364794" timestamp="2017-02-24T11:33:18Z" user="gezginrocker" uid="1686268" lat="9.5770027" lon="99.9329820"/>
 <node id="4703372535" visible="true" version="1" changeset="46364794" timestamp="2017-02-24T11:33:18Z" user="gezginrocker" uid="1686268" lat="9.5778914" lon="99.9337036"/>
 <node id="4703372536" visible="true" version="1" changeset="46364794" timestamp="2017-02-24T11:33:18Z" user="gezginrocker" uid="1686268" lat="9.5779495" lon="99.9335078"/>
 <node id="4703372551" visible="true" version="1" changeset="46364794" timestamp="2017-02-24T11:33:18Z" user="gezginrocker" uid="1686268" lat="9.5800118" lon="99.9561805"/>
 <node id="4703372556" visible="true" version="1" changeset="46364794" timestamp="2017-02-24T11:33:19Z" user="gezginrocker" uid="1686268" lat="9.5804403" lon="99.9592597"/>
 <node id="4703372557" visible="true" version="1" changeset="46364794" timestamp="2017-02-24T11:33:19Z" user="gezginrocker" uid="1686268" lat="9.5807656" lon="99.9613384"/>
 <node id="4703372559" visible="true" version="1" changeset="46364794" timestamp="2017-02-24T11:33:19Z" user="gezginrocker" uid="1686268" lat="9.5792581" lon="99.9527955"/>
 <node id="4703372560" visible="true" version="1" changeset="46364794" timestamp="2017-02-24T11:33:19Z" user="gezginrocker" uid="1686268" lat="9.5789751" lon="99.9517280"/>
 <node id="4703372561" visible="true" version="1" changeset="46364794" timestamp="2017-02-24T11:33:19Z" user="gezginrocker" uid="1686268" lat="9.5788058" lon="99.9495608"/>
 <node id="4703372562" visible="true" version="1" changeset="46364794" timestamp="2017-02-24T11:33:19Z" user="gezginrocker" uid="1686268" lat="9.5787027" lon="99.9485281"/>
 <node id="4703372563" visible="true" version="1" changeset="46364794" timestamp="2017-02-24T11:33:19Z" user="gezginrocker" uid="1686268" lat="9.5786101" lon="99.9484316"/>
 <node id="4703372564" visible="true" version="1" changeset="46364794" timestamp="2017-02-24T11:33:19Z" user="gezginrocker" uid="1686268" lat="9.5785122" lon="99.9471066"/>
 <node id="4703372565" visible="true" version="1" changeset="46364794" timestamp="2017-02-24T11:33:19Z" user="gezginrocker" uid="1686268" lat="9.5778616" lon="99.9351680"/>
 <node id="4703372566" visible="true" version="1" changeset="46364794" timestamp="2017-02-24T11:33:19Z" user="gezginrocker" uid="1686268" lat="9.5779542" lon="99.9362624"/>
 <node id="4703372567" visible="true" version="1" changeset="46364794" timestamp="2017-02-24T11:33:19Z" user="gezginrocker" uid="1686268" lat="9.5788309" lon="99.9493677"/>
 <node id="4703372583" visible="true" version="1" changeset="46364794" timestamp="2017-02-24T11:33:19Z" user="gezginrocker" uid="1686268" lat="9.5841008" lon="99.9707922"/>
 <node id="4703373600" visible="true" version="1" changeset="46364794" timestamp="2017-02-24T11:33:19Z" user="gezginrocker" uid="1686268" lat="9.5841292" lon="99.9714353"/>
 <node id="4703373602" visible="true" version="1" changeset="46364794" timestamp="2017-02-24T11:33:19Z" user="gezginrocker" uid="1686268" lat="9.5840667" lon="99.9710584"/>
 <node id="4703373615" visible="true" version="1" changeset="46364794" timestamp="2017-02-24T11:33:19Z" user="gezginrocker" uid="1686268" lat="9.5840828" lon="99.9701189"/>
 <node id="4703373616" visible="true" version="1" changeset="46364794" timestamp="2017-02-24T11:33:19Z" user="gezginrocker" uid="1686268" lat="9.5840630" lon="99.9708978"/>
 <node id="4703373617" visible="true" version="1" changeset="46364794" timestamp="2017-02-24T11:33:19Z" user="gezginrocker" uid="1686268" lat="9.5841688" lon="99.9715844"/>
 <node id="4703373618" visible="true" version="1" changeset="46364794" timestamp="2017-02-24T11:33:19Z" user="gezginrocker" uid="1686268" lat="9.5847824" lon="99.9837589"/>
 <node id="4703373619" visible="true" version="2" changeset="47460783" timestamp="2017-04-05T02:13:01Z" user="gezginrocker" uid="1686268" lat="9.5737681" lon="99.9939594"/>
 <node id="4703373622" visible="true" version="1" changeset="46364794" timestamp="2017-02-24T11:33:19Z" user="gezginrocker" uid="1686268" lat="9.5726916" lon="99.9952281"/>
 <node id="4703373623" visible="true" version="1" changeset="46364794" timestamp="2017-02-24T11:33:19Z" user="gezginrocker" uid="1686268" lat="9.5703079" lon="100.0009197"/>
 <node id="4703373624" visible="true" version="1" changeset="46364794" timestamp="2017-02-24T11:33:19Z" user="gezginrocker" uid="1686268" lat="9.5705367" lon="100.0001271"/>
 <node id="4703373625" visible="true" version="1" changeset="46364794" timestamp="2017-02-24T11:33:19Z" user="gezginrocker" uid="1686268" lat="9.5705922" lon="100.0000131"/>
 <node id="4703373626" visible="true" version="1" changeset="46364794" timestamp="2017-02-24T11:33:19Z" user="gezginrocker" uid="1686268" lat="9.5705625" lon="100.0000949"/>
 <node id="4703373627" visible="true" version="1" changeset="46364794" timestamp="2017-02-24T11:33:19Z" user="gezginrocker" uid="1686268" lat="9.5705916" lon="99.9999260"/>
 <node id="4703373628" visible="true" version="1" changeset="46364794" timestamp="2017-02-24T11:33:19Z" user="gezginrocker" uid="1686268" lat="9.5698181" lon="100.0045323"/>
 <node id="4703373629" visible="true" version="1" changeset="46364794" timestamp="2017-02-24T11:33:19Z" user="gezginrocker" uid="1686268" lat="9.5717727" lon="100.0137698"/>
 <node id="4703373630" visible="true" version="1" changeset="46364794" timestamp="2017-02-24T11:33:19Z" user="gezginrocker" uid="1686268" lat="9.5697373" lon="100.0031272"/>
 <node id="4703377922" visible="true" version="1" changeset="46364894" timestamp="2017-02-24T11:38:12Z" user="gezginrocker" uid="1686268" lat="9.5693591" lon="99.9143890"/>
 <node id="4703377925" visible="true" version="1" changeset="46364894" timestamp="2017-02-24T11:38:12Z" user="gezginrocker" uid="1686268" lat="9.5758985" lon="99.9307585"/>
 <node id="4703381347" visible="true" version="3" changeset="52355339" timestamp="2017-09-25T12:59:45Z" user="misht" uid="615059" lat="9.5347412" lon="99.9348780"/>
 <node id="4703381348" visible="true" version="2" changeset="53260513" timestamp="2017-10-26T11:17:58Z" user="misht" uid="615059" lat="9.5397114" lon="99.9334994"/>
 <node id="4703381349" visible="true" version="1" changeset="46364973" timestamp="2017-02-24T11:43:24Z" user="gezginrocker" uid="1686268" lat="9.5598489" lon="99.9263000"/>
 <node id="4703381350" visible="true" version="1" changeset="46364973" timestamp="2017-02-24T11:43:24Z" user="gezginrocker" uid="1686268" lat="9.5569448" lon="99.9281453"/>
 <node id="4703381351" visible="true" version="1" changeset="46364973" timestamp="2017-02-24T11:43:24Z" user="gezginrocker" uid="1686268" lat="9.5464863" lon="99.9310743"/>
 <node id="4703381352" visible="true" version="1" changeset="46364973" timestamp="2017-02-24T11:43:24Z" user="gezginrocker" uid="1686268" lat="9.5429102" lon="99.9323135"/>
 <node id="4703381353" visible="true" version="2" changeset="53260513" timestamp="2017-10-26T11:17:58Z" user="misht" uid="615059" lat="9.5420973" lon="99.9325204"/>
 <node id="4703384435" visible="true" version="2" changeset="133891475" timestamp="2023-03-20T10:01:42Z" user="rene78" uid="257555" lat="9.5218273" lon="99.9342316"/>
 <node id="4703384436" visible="true" version="2" changeset="133891475" timestamp="2023-03-20T10:01:42Z" user="rene78" uid="257555" lat="9.5227585" lon="99.9346701"/>
 <node id="4703384437" visible="true" version="1" changeset="46365050" timestamp="2017-02-24T11:47:37Z" user="gezginrocker" uid="1686268" lat="9.5285113" lon="99.9347221"/>
 <node id="4703384438" visible="true" version="2" changeset="52355339" timestamp="2017-09-25T12:59:45Z" user="misht" uid="615059" lat="9.5299614" lon="99.9343014"/>
 <node id="4703384441" visible="true" version="1" changeset="46365050" timestamp="2017-02-24T11:47:37Z" user="gezginrocker" uid="1686268" lat="9.5262615" lon="99.9344780"/>
 <node id="4703384442" visible="true" version="2" changeset="133891475" timestamp="2023-03-20T10:01:42Z" user="rene78" uid="257555" lat="9.5241918" lon="99.9343805"/>
 <node id="4703394102" visible="true" version="2" changeset="48518935" timestamp="2017-05-09T02:37:34Z" user="gezginrocker" uid="1686268" lat="9.4747300" lon="99.9295887"/>
 <node id="4703394117" visible="true" version="1" changeset="46365220" timestamp="2017-02-24T11:57:03Z" user="gezginrocker" uid="1686268" lat="9.4899994" lon="99.9213892"/>
 <node id="4703394118" visible="true" version="1" changeset="46365220" timestamp="2017-02-24T11:57:03Z" user="gezginrocker" uid="1686268" lat="9.4889677" lon="99.9199435"/>
 <node id="4703394119" visible="true" version="1" changeset="46365220" timestamp="2017-02-24T11:57:03Z" user="gezginrocker" uid="1686268" lat="9.4889915" lon="99.9194339"/>
 <node id="4703394120" visible="true" version="2" changeset="48519007" timestamp="2017-05-09T02:43:25Z" user="gezginrocker" uid="1686268" lat="9.4896529" lon="99.9191711"/>
 <node id="4703394121" visible="true" version="3" changeset="48518935" timestamp="2017-05-09T02:37:34Z" user="gezginrocker" uid="1686268" lat="9.4769762" lon="99.9290372"/>
 <node id="4703394122" visible="true" version="1" changeset="46365220" timestamp="2017-02-24T11:57:03Z" user="gezginrocker" uid="1686268" lat="9.4793797" lon="99.9271475"/>
 <node id="4703394123" visible="true" version="1" changeset="46365220" timestamp="2017-02-24T11:57:03Z" user="gezginrocker" uid="1686268" lat="9.4897926" lon="99.9218314"/>
 <node id="4703394124" visible="true" version="3" changeset="133891475" timestamp="2023-03-20T10:01:42Z" user="rene78" uid="257555" lat="9.4950986" lon="99.9314304"/>
 <node id="4703394126" visible="true" version="2" changeset="52268400" timestamp="2017-09-22T08:36:50Z" user="misht" uid="615059" lat="9.5003022" lon="99.9343443"/>
 <node id="4703394127" visible="true" version="3" changeset="133891475" timestamp="2023-03-20T10:01:42Z" user="rene78" uid="257555" lat="9.5057196" lon="99.9350244"/>
 <node id="4764541725" visible="true" version="2" changeset="47460783" timestamp="2017-04-05T02:13:01Z" user="gezginrocker" uid="1686268" lat="9.5713909" lon="99.9974536"/>
 <node id="4775949722" visible="true" version="2" changeset="53070179" timestamp="2017-10-19T14:17:19Z" user="misht" uid="615059" lat="9.5675938" lon="100.0612222"/>
 <node id="4775949723" visible="true" version="2" changeset="47460711" timestamp="2017-04-05T02:06:20Z" user="gezginrocker" uid="1686268" lat="9.5698538" lon="100.0619048"/>
 <node id="4775949724" visible="true" version="1" changeset="47460248" timestamp="2017-04-05T01:16:45Z" user="gezginrocker" uid="1686268" lat="9.5709541" lon="100.0607246"/>
 <node id="4775949725" visible="true" version="1" changeset="47460248" timestamp="2017-04-05T01:16:45Z" user="gezginrocker" uid="1686268" lat="9.5711868" lon="100.0602579"/>
 <node id="4775949750" visible="true" version="2" changeset="67317035" timestamp="2019-02-18T14:04:15Z" user="warador" uid="3068569" lat="9.5665820" lon="100.0616925"/>
 <node id="4775949751" visible="true" version="2" changeset="67317035" timestamp="2019-02-18T14:04:15Z" user="warador" uid="3068569" lat="9.5668316" lon="100.0616698"/>
 <node id="4775949752" visible="true" version="2" changeset="67317035" timestamp="2019-02-18T14:04:15Z" user="warador" uid="3068569" lat="9.5674123" lon="100.0612805"/>
 <node id="4775949753" visible="true" version="1" changeset="47460248" timestamp="2017-04-05T01:16:46Z" user="gezginrocker" uid="1686268" lat="9.5707689" lon="100.0627255"/>
 <node id="4775949754" visible="true" version="1" changeset="47460248" timestamp="2017-04-05T01:16:46Z" user="gezginrocker" uid="1686268" lat="9.5695576" lon="100.0618136"/>
 <node id="4775949755" visible="true" version="1" changeset="47460248" timestamp="2017-04-05T01:16:46Z" user="gezginrocker" uid="1686268" lat="9.5699490" lon="100.0620067"/>
 <node id="4775949756" visible="true" version="2" changeset="47460711" timestamp="2017-04-05T02:06:20Z" user="gezginrocker" uid="1686268" lat="9.5691344" lon="100.0618189"/>
 <node id="4775950862" visible="true" version="1" changeset="47460283" timestamp="2017-04-05T01:21:03Z" user="gezginrocker" uid="1686268" lat="9.5600412" lon="100.0333875"/>
 <node id="4775977021" visible="true" version="1" changeset="47460711" timestamp="2017-04-05T02:06:19Z" user="gezginrocker" uid="1686268" lat="9.5693196" lon="100.0617868"/>
 <node id="4775978768" visible="true" version="1" changeset="47460783" timestamp="2017-04-05T02:13:00Z" user="gezginrocker" uid="1686268" lat="9.5865083" lon="99.9827689"/>
 <node id="4775978769" visible="true" version="2" changeset="88272079" timestamp="2020-07-21T03:23:52Z" user="axline" uid="183576" lat="9.5844517" lon="99.9839729"/>
 <node id="4775978770" visible="true" version="1" changeset="47460783" timestamp="2017-04-05T02:13:00Z" user="gezginrocker" uid="1686268" lat="9.5837948" lon="99.9844050"/>
 <node id="4775978771" visible="true" version="2" changeset="88272079" timestamp="2020-07-21T03:23:52Z" user="axline" uid="183576" lat="9.5840662" lon="99.9842397"/>
 <node id="4775978772" visible="true" version="1" changeset="47460783" timestamp="2017-04-05T02:13:00Z" user="gezginrocker" uid="1686268" lat="9.5741994" lon="99.9936506"/>
 <node id="4775978782" visible="true" version="1" changeset="47460783" timestamp="2017-04-05T02:13:00Z" user="gezginrocker" uid="1686268" lat="9.5698116" lon="100.0047925"/>
 <node id="4775978783" visible="true" version="1" changeset="47460783" timestamp="2017-04-05T02:13:00Z" user="gezginrocker" uid="1686268" lat="9.5696634" lon="100.0050286"/>
 <node id="4775978784" visible="true" version="1" changeset="47460783" timestamp="2017-04-05T02:13:00Z" user="gezginrocker" uid="1686268" lat="9.5696899" lon="100.0049320"/>
 <node id="4775978785" visible="true" version="1" changeset="47460783" timestamp="2017-04-05T02:13:00Z" user="gezginrocker" uid="1686268" lat="9.5698063" lon="100.0046986"/>
 <node id="4775978792" visible="true" version="1" changeset="47460783" timestamp="2017-04-05T02:13:00Z" user="gezginrocker" uid="1686268" lat="9.5656035" lon="100.0199524"/>
 <node id="4775978793" visible="true" version="2" changeset="54645630" timestamp="2017-12-15T08:18:03Z" user="Ropino" uid="42123" lat="9.5670845" lon="100.0185990"/>
 <node id="4775978794" visible="true" version="2" changeset="54645630" timestamp="2017-12-15T08:18:03Z" user="Ropino" uid="42123" lat="9.5668810" lon="100.0185979"/>
 <node id="4775978795" visible="true" version="2" changeset="54645630" timestamp="2017-12-15T08:18:03Z" user="Ropino" uid="42123" lat="9.5669656" lon="100.0186032"/>
 <node id="4775978798" visible="true" version="2" changeset="54645630" timestamp="2017-12-15T08:18:03Z" user="Ropino" uid="42123" lat="9.5672566" lon="100.0185147"/>
 <node id="4842830807" visible="true" version="1" changeset="48518935" timestamp="2017-05-09T02:37:32Z" user="gezginrocker" uid="1686268" lat="9.4835196" lon="99.9263132"/>
 <node id="4842830808" visible="true" version="1" changeset="48518935" timestamp="2017-05-09T02:37:32Z" user="gezginrocker" uid="1686268" lat="9.4819284" lon="99.9264981"/>
 <node id="4842830809" visible="true" version="1" changeset="48518935" timestamp="2017-05-09T02:37:32Z" user="gezginrocker" uid="1686268" lat="9.4771011" lon="99.9283656"/>
 <node id="4842830810" visible="true" version="1" changeset="48518935" timestamp="2017-05-09T02:37:32Z" user="gezginrocker" uid="1686268" lat="9.4768603" lon="99.9280867"/>
 <node id="4842830811" visible="true" version="1" changeset="48518935" timestamp="2017-05-09T02:37:32Z" user="gezginrocker" uid="1686268" lat="9.4750454" lon="99.9297577"/>
 <node id="4842830812" visible="true" version="1" changeset="48518935" timestamp="2017-05-09T02:37:32Z" user="gezginrocker" uid="1686268" lat="9.4768048" lon="99.9270567"/>
 <node id="4842830813" visible="true" version="1" changeset="48518935" timestamp="2017-05-09T02:37:32Z" user="gezginrocker" uid="1686268" lat="9.4782228" lon="99.9268502"/>
 <node id="4842830814" visible="true" version="1" changeset="48518935" timestamp="2017-05-09T02:37:32Z" user="gezginrocker" uid="1686268" lat="9.4781117" lon="99.9266866"/>
 <node id="4842834954" visible="true" version="1" changeset="48519007" timestamp="2017-05-09T02:43:23Z" user="gezginrocker" uid="1686268" lat="9.4588988" lon="99.9339741"/>
 <node id="4842834955" visible="true" version="1" changeset="48519007" timestamp="2017-05-09T02:43:23Z" user="gezginrocker" uid="1686268" lat="9.4604016" lon="99.9331855"/>
 <node id="4842834956" visible="true" version="1" changeset="48519007" timestamp="2017-05-09T02:43:23Z" user="gezginrocker" uid="1686268" lat="9.4622112" lon="99.9331235"/>
 <node id="4842834957" visible="true" version="1" changeset="48519007" timestamp="2017-05-09T02:43:23Z" user="gezginrocker" uid="1686268" lat="9.4741353" lon="99.9306857"/>
 <node id="4842834959" visible="true" version="1" changeset="48519007" timestamp="2017-05-09T02:43:23Z" user="gezginrocker" uid="1686268" lat="9.4702647" lon="99.9319410"/>
 <node id="4842834960" visible="true" version="1" changeset="48519007" timestamp="2017-05-09T02:43:23Z" user="gezginrocker" uid="1686268" lat="9.4671640" lon="99.9330112"/>
 <node id="5176435314" visible="true" version="1" changeset="53070179" timestamp="2017-10-19T14:17:10Z" user="misht" uid="615059" lat="9.5700370" lon="100.0607836"/>
 <node id="5176435356" visible="true" version="2" changeset="61630715" timestamp="2018-08-13T15:27:05Z" user="Xadu" uid="1208299" lat="9.5706121" lon="100.0591972"/>
 <node id="5176435357" visible="true" version="1" changeset="53070179" timestamp="2017-10-19T14:17:10Z" user="misht" uid="615059" lat="9.5705309" lon="100.0592709"/>
 <node id="5176435358" visible="true" version="1" changeset="53070179" timestamp="2017-10-19T14:17:11Z" user="misht" uid="615059" lat="9.5685102" lon="100.0614890"/>
 <node id="5271953943" visible="true" version="1" changeset="54460064" timestamp="2017-12-08T14:08:06Z" user="misht" uid="615059" lat="9.5749928" lon="100.0167310"/>
 <node id="5271953944" visible="true" version="1" changeset="54460064" timestamp="2017-12-08T14:08:06Z" user="misht" uid="615059" lat="9.5750351" lon="100.0168517"/>
 <node id="5276856302" visible="true" version="1" changeset="54531615" timestamp="2017-12-11T07:17:41Z" user="misht" uid="615059" lat="9.5363813" lon="99.9342966"/>
 <node id="5276856303" visible="true" version="1" changeset="54531615" timestamp="2017-12-11T07:17:41Z" user="misht" uid="615059" lat="9.5362676" lon="99.9343028"/>
 <node id="5610304735" visible="true" version="1" changeset="58862259" timestamp="2018-05-10T21:36:33Z" user="Sal73x" uid="1293386" lat="9.4940585" lon="99.9214023"/>
 <node id="5610304736" visible="true" version="1" changeset="58862259" timestamp="2018-05-10T21:36:34Z" user="Sal73x" uid="1293386" lat="9.4940135" lon="99.9224832"/>
 <node id="5610304737" visible="true" version="1" changeset="58862259" timestamp="2018-05-10T21:36:34Z" user="Sal73x" uid="1293386" lat="9.4943815" lon="99.9220924"/>
 <node id="5610304738" visible="true" version="1" changeset="58862259" timestamp="2018-05-10T21:36:34Z" user="Sal73x" uid="1293386" lat="9.4944380" lon="99.9226743"/>
 <node id="5610304739" visible="true" version="1" changeset="58862259" timestamp="2018-05-10T21:36:34Z" user="Sal73x" uid="1293386" lat="9.4943445" lon="99.9228543"/>
 <node id="5610304740" visible="true" version="1" changeset="58862259" timestamp="2018-05-10T21:36:34Z" user="Sal73x" uid="1293386" lat="9.4942227" lon="99.9229444"/>
 <node id="5610304741" visible="true" version="1" changeset="58862259" timestamp="2018-05-10T21:36:34Z" user="Sal73x" uid="1293386" lat="9.4939556" lon="99.9225934"/>
 <node id="5610304742" visible="true" version="1" changeset="58862259" timestamp="2018-05-10T21:36:34Z" user="Sal73x" uid="1293386" lat="9.4940267" lon="99.9228576"/>
 <node id="5610304755" visible="true" version="1" changeset="58862259" timestamp="2018-05-10T21:36:34Z" user="Sal73x" uid="1293386" lat="9.4940399" lon="99.9206194"/>
 <node id="5610304756" visible="true" version="1" changeset="58862259" timestamp="2018-05-10T21:36:34Z" user="Sal73x" uid="1293386" lat="9.4931421" lon="99.9212916"/>
 <node id="5610304767" visible="true" version="1" changeset="58862259" timestamp="2018-05-10T21:36:34Z" user="Sal73x" uid="1293386" lat="9.4929731" lon="99.9212883"/>
 <node id="5610304768" visible="true" version="1" changeset="58862259" timestamp="2018-05-10T21:36:34Z" user="Sal73x" uid="1293386" lat="9.4940179" lon="99.9204670"/>
 <node id="5829862084" visible="true" version="1" changeset="61630690" timestamp="2018-08-13T15:26:11Z" user="Xadu" uid="1208299" lat="9.5701295" lon="100.0614639"/>
 <node id="5829862685" visible="true" version="1" changeset="61630690" timestamp="2018-08-13T15:26:11Z" user="Xadu" uid="1208299" lat="9.5701449" lon="100.0615515"/>
 <node id="5829862686" visible="true" version="1" changeset="61630690" timestamp="2018-08-13T15:26:11Z" user="Xadu" uid="1208299" lat="9.5703047" lon="100.0615897"/>
 <node id="5829862687" visible="true" version="1" changeset="61630690" timestamp="2018-08-13T15:26:11Z" user="Xadu" uid="1208299" lat="9.5704754" lon="100.0616680"/>
 <node id="6286188466" visible="true" version="2" changeset="148596097" timestamp="2024-03-13T14:15:15Z" user="Sal73x" uid="1293386" lat="9.5650314" lon="100.0409684"/>
 <node id="6286188467" visible="true" version="1" changeset="67317035" timestamp="2019-02-18T14:04:14Z" user="warador" uid="3068569" lat="9.5648334" lon="100.0416007"/>
 <node id="6286188468" visible="true" version="1" changeset="67317035" timestamp="2019-02-18T14:04:14Z" user="warador" uid="3068569" lat="9.5643787" lon="100.0420726"/>
 <node id="6286188469" visible="true" version="1" changeset="67317035" timestamp="2019-02-18T14:04:14Z" user="warador" uid="3068569" lat="9.5632321" lon="100.0425407"/>
 <node id="6286188470" visible="true" version="1" changeset="67317035" timestamp="2019-02-18T14:04:14Z" user="warador" uid="3068569" lat="9.5616374" lon="100.0426619"/>
 <node id="6286188471" visible="true" version="1" changeset="67317035" timestamp="2019-02-18T14:04:14Z" user="warador" uid="3068569" lat="9.5613064" lon="100.0428750"/>
 <node id="6286188477" visible="true" version="1" changeset="67317035" timestamp="2019-02-18T14:04:14Z" user="warador" uid="3068569" lat="9.5621901" lon="100.0427168"/>
 <node id="6286188478" visible="true" version="1" changeset="67317035" timestamp="2019-02-18T14:04:14Z" user="warador" uid="3068569" lat="9.5628478" lon="100.0426472"/>
 <node id="6286188479" visible="true" version="1" changeset="67317035" timestamp="2019-02-18T14:04:14Z" user="warador" uid="3068569" lat="9.5570819" lon="100.0515365"/>
 <node id="6286188480" visible="true" version="1" changeset="67317035" timestamp="2019-02-18T14:04:14Z" user="warador" uid="3068569" lat="9.5596523" lon="100.0443944"/>
 <node id="6286188481" visible="true" version="1" changeset="67317035" timestamp="2019-02-18T14:04:14Z" user="warador" uid="3068569" lat="9.5584063" lon="100.0475942"/>
 <node id="6286188482" visible="true" version="1" changeset="67317035" timestamp="2019-02-18T14:04:14Z" user="warador" uid="3068569" lat="9.5609951" lon="100.0430579"/>
 <node id="6286188483" visible="true" version="1" changeset="67317035" timestamp="2019-02-18T14:04:14Z" user="warador" uid="3068569" lat="9.5607842" lon="100.0430467"/>
 <node id="6286188484" visible="true" version="1" changeset="67317035" timestamp="2019-02-18T14:04:14Z" user="warador" uid="3068569" lat="9.5604762" lon="100.0431765"/>
 <node id="6286188485" visible="true" version="1" changeset="67317035" timestamp="2019-02-18T14:04:14Z" user="warador" uid="3068569" lat="9.5601057" lon="100.0435496"/>
 <node id="6286188486" visible="true" version="1" changeset="67317035" timestamp="2019-02-18T14:04:14Z" user="warador" uid="3068569" lat="9.5592665" lon="100.0452307"/>
 <node id="6286188487" visible="true" version="1" changeset="67317035" timestamp="2019-02-18T14:04:14Z" user="warador" uid="3068569" lat="9.5588847" lon="100.0462000"/>
 <node id="6286188488" visible="true" version="1" changeset="67317035" timestamp="2019-02-18T14:04:14Z" user="warador" uid="3068569" lat="9.5586478" lon="100.0469788"/>
 <node id="6286188489" visible="true" version="1" changeset="67317035" timestamp="2019-02-18T14:04:14Z" user="warador" uid="3068569" lat="9.5580181" lon="100.0486827"/>
 <node id="6286188490" visible="true" version="1" changeset="67317035" timestamp="2019-02-18T14:04:14Z" user="warador" uid="3068569" lat="9.5576905" lon="100.0493671"/>
 <node id="6286188491" visible="true" version="1" changeset="67317035" timestamp="2019-02-18T14:04:14Z" user="warador" uid="3068569" lat="9.5574392" lon="100.0500175"/>
 <node id="6286188492" visible="true" version="1" changeset="67317035" timestamp="2019-02-18T14:04:14Z" user="warador" uid="3068569" lat="9.5572030" lon="100.0505645"/>
 <node id="6286188493" visible="true" version="1" changeset="67317035" timestamp="2019-02-18T14:04:14Z" user="warador" uid="3068569" lat="9.5571263" lon="100.0510622"/>
 <node id="6286188494" visible="true" version="1" changeset="67317035" timestamp="2019-02-18T14:04:14Z" user="warador" uid="3068569" lat="9.5574613" lon="100.0531895"/>
 <node id="6286188495" visible="true" version="1" changeset="67317035" timestamp="2019-02-18T14:04:14Z" user="warador" uid="3068569" lat="9.5571358" lon="100.0521785"/>
 <node id="6286188496" visible="true" version="1" changeset="67317035" timestamp="2019-02-18T14:04:14Z" user="warador" uid="3068569" lat="9.5572663" lon="100.0527144"/>
 <node id="6286188497" visible="true" version="1" changeset="67317035" timestamp="2019-02-18T14:04:14Z" user="warador" uid="3068569" lat="9.5576324" lon="100.0537285"/>
 <node id="6286188498" visible="true" version="1" changeset="67317035" timestamp="2019-02-18T14:04:14Z" user="warador" uid="3068569" lat="9.5588511" lon="100.0563176"/>
 <node id="6286188499" visible="true" version="1" changeset="67317035" timestamp="2019-02-18T14:04:14Z" user="warador" uid="3068569" lat="9.5582177" lon="100.0550474"/>
 <node id="6286188500" visible="true" version="2" changeset="148596097" timestamp="2024-03-13T14:15:15Z" user="Sal73x" uid="1293386" lat="9.5602373" lon="100.0581891"/>
 <node id="6286188501" visible="true" version="1" changeset="67317035" timestamp="2019-02-18T14:04:14Z" user="warador" uid="3068569" lat="9.5626113" lon="100.0606781"/>
 <node id="6286188502" visible="true" version="1" changeset="67317035" timestamp="2019-02-18T14:04:14Z" user="warador" uid="3068569" lat="9.5647473" lon="100.0617260"/>
 <node id="6286188503" visible="true" version="1" changeset="67317035" timestamp="2019-02-18T14:04:14Z" user="warador" uid="3068569" lat="9.5631982" lon="100.0611207"/>
 <node id="6286188504" visible="true" version="1" changeset="67317035" timestamp="2019-02-18T14:04:14Z" user="warador" uid="3068569" lat="9.5637963" lon="100.0614925"/>
 <node id="6286188505" visible="true" version="1" changeset="67317035" timestamp="2019-02-18T14:04:14Z" user="warador" uid="3068569" lat="9.5642357" lon="100.0616011"/>
 <node id="6286188506" visible="true" version="1" changeset="67317035" timestamp="2019-02-18T14:04:14Z" user="warador" uid="3068569" lat="9.5644955" lon="100.0615985"/>
 <node id="6286188507" visible="true" version="1" changeset="67317035" timestamp="2019-02-18T14:04:15Z" user="warador" uid="3068569" lat="9.5650031" lon="100.0618292"/>
 <node id="6286188508" visible="true" version="1" changeset="67317035" timestamp="2019-02-18T14:04:15Z" user="warador" uid="3068569" lat="9.5656001" lon="100.0619255"/>
 <node id="6286188509" visible="true" version="1" changeset="67317035" timestamp="2019-02-18T14:04:15Z" user="warador" uid="3068569" lat="9.5660269" lon="100.0619289"/>
 <node id="6286188510" visible="true" version="1" changeset="67317035" timestamp="2019-02-18T14:04:15Z" user="warador" uid="3068569" lat="9.5662283" lon="100.0617599"/>
 <node id="6286188511" visible="true" version="1" changeset="67317035" timestamp="2019-02-18T14:04:15Z" user="warador" uid="3068569" lat="9.5670819" lon="100.0616235"/>
 <node id="6286188512" visible="true" version="1" changeset="67317035" timestamp="2019-02-18T14:04:15Z" user="warador" uid="3068569" lat="9.5671750" lon="100.0614297"/>
 <node id="10719268035" visible="true" version="1" changeset="133408353" timestamp="2023-03-07T15:45:28Z" user="axel007" uid="85007" lat="9.5259658" lon="99.9345189"/>
 <node id="10719268041" visible="true" version="1" changeset="133408353" timestamp="2023-03-07T15:45:28Z" user="axel007" uid="85007" lat="9.5277766" lon="99.9345271"/>
 <node id="10748069869" visible="true" version="1" changeset="133891475" timestamp="2023-03-20T10:01:42Z" user="rene78" uid="257555" lat="9.5049239" lon="99.9349999"/>
 <node id="10748069871" visible="true" version="1" changeset="133891475" timestamp="2023-03-20T10:01:42Z" user="rene78" uid="257555" lat="9.5072498" lon="99.9350549"/>
 <node id="10748069872" visible="true" version="1" changeset="133891475" timestamp="2023-03-20T10:01:42Z" user="rene78" uid="257555" lat="9.5240496" lon="99.9343648"/>
 <node id="10748069873" visible="true" version="1" changeset="133891475" timestamp="2023-03-20T10:01:42Z" user="rene78" uid="257555" lat="9.5239179" lon="99.9340711"/>
 <node id="10752635647" visible="true" version="1" changeset="133969854" timestamp="2023-03-22T09:30:37Z" user="rene78" uid="257555" lat="9.5745326" lon="100.0654936"/>
 <node id="10752635648" visible="true" version="1" changeset="133969854" timestamp="2023-03-22T09:30:37Z" user="rene78" uid="257555" lat="9.5746622" lon="100.0634417"/>
 <node id="10752635649" visible="true" version="1" changeset="133969854" timestamp="2023-03-22T09:30:37Z" user="rene78" uid="257555" lat="9.5758603" lon="100.0627980"/>
 <node id="10752635650" visible="true" version="1" changeset="133969854" timestamp="2023-03-22T09:30:37Z" user="rene78" uid="257555" lat="9.5762967" lon="100.0614086"/>
 <node id="10752635651" visible="true" version="1" changeset="133969854" timestamp="2023-03-22T09:30:37Z" user="rene78" uid="257555" lat="9.5763152" lon="100.0614917"/>
 <node id="10752635652" visible="true" version="1" changeset="133969854" timestamp="2023-03-22T09:30:37Z" user="rene78" uid="257555" lat="9.5761486" lon="100.0615373"/>
 <node id="11727675204" visible="true" version="1" changeset="148596097" timestamp="2024-03-13T14:15:15Z" user="Sal73x" uid="1293386" lat="9.5650627" lon="100.0411640"/>
 <node id="11727675205" visible="true" version="1" changeset="148596097" timestamp="2024-03-13T14:15:15Z" user="Sal73x" uid="1293386" lat="9.5648975" lon="100.0408667"/>
 <node id="11727675206" visible="true" version="1" changeset="148596097" timestamp="2024-03-13T14:15:15Z" user="Sal73x" uid="1293386" lat="9.5647161" lon="100.0408403"/>
 <node id="11727675207" visible="true" version="1" changeset="148596097" timestamp="2024-03-13T14:15:15Z" user="Sal73x" uid="1293386" lat="9.5641688" lon="100.0407183"/>
 <node id="12253562144" visible="true" version="1" changeset="157933209" timestamp="2024-10-15T18:16:39Z" user="hypamaps" uid="21441977" lat="9.4643398" lon="99.9330513"/>
 <node id="12253562147" visible="true" version="1" changeset="157933209" timestamp="2024-10-15T18:16:39Z" user="hypamaps" uid="21441977" lat="9.4634269" lon="99.9330967"/>
 <node id="12253562149" visible="true" version="1" changeset="157933209" timestamp="2024-10-15T18:16:39Z" user="hypamaps" uid="21441977" lat="9.4647413" lon="99.9330227"/>
 <node id="12538655687" visible="true" version="1" changeset="161847643" timestamp="2025-01-28T08:25:37Z" user="Hilton Hotels" uid="1915697" lat="9.4168640" lon="99.9299353"/>
 <node id="12554214803" visible="true" version="1" changeset="162093547" timestamp="2025-02-03T16:22:39Z" user="caigner" uid="473925" lat="9.5834773" lon="100.0689295"/>
 <node id="12554214804" visible="true" version="1" changeset="162093547" timestamp="2025-02-03T16:22:39Z" user="caigner" uid="473925" lat="9.5836664" lon="100.0689375"/>
 <node id="12554214805" visible="true" version="1" changeset="162093547" timestamp="2025-02-03T16:22:39Z" user="caigner" uid="473925" lat="9.5839322" lon="100.0689965"/>
 <node id="12554214806" visible="true" version="1" changeset="162093547" timestamp="2025-02-03T16:22:39Z" user="caigner" uid="473925" lat="9.5840698" lon="100.0689536"/>
 <node id="12554214807" visible="true" version="1" changeset="162093547" timestamp="2025-02-03T16:22:39Z" user="caigner" uid="473925" lat="9.5841689" lon="100.0689188"/>
 <node id="12554214808" visible="true" version="1" changeset="162093547" timestamp="2025-02-03T16:22:39Z" user="caigner" uid="473925" lat="9.5843819" lon="100.0689362"/>
 <node id="12554214809" visible="true" version="1" changeset="162093547" timestamp="2025-02-03T16:22:39Z" user="caigner" uid="473925" lat="9.5845154" lon="100.0689429"/>
 <node id="12554214810" visible="true" version="1" changeset="162093547" timestamp="2025-02-03T16:22:39Z" user="caigner" uid="473925" lat="9.5845762" lon="100.0688919"/>
 <node id="12554214811" visible="true" version="1" changeset="162093547" timestamp="2025-02-03T16:22:39Z" user="caigner" uid="473925" lat="9.5847045" lon="100.0688437"/>
 <node id="12554214812" visible="true" version="1" changeset="162093547" timestamp="2025-02-03T16:22:39Z" user="caigner" uid="473925" lat="9.5847561" lon="100.0687444"/>
 <node id="12554214813" visible="true" version="1" changeset="162093547" timestamp="2025-02-03T16:22:39Z" user="caigner" uid="473925" lat="9.5848698" lon="100.0686626"/>
 <node id="12554214814" visible="true" version="1" changeset="162093547" timestamp="2025-02-03T16:22:39Z" user="caigner" uid="473925" lat="9.5850655" lon="100.0684172"/>
 <node id="12554214815" visible="true" version="1" changeset="162093547" timestamp="2025-02-03T16:22:39Z" user="caigner" uid="473925" lat="9.5852414" lon="100.0683247"/>
 <node id="12554214816" visible="true" version="1" changeset="162093547" timestamp="2025-02-03T16:22:39Z" user="caigner" uid="473925" lat="9.5853683" lon="100.0683126"/>
 <node id="12554214817" visible="true" version="1" changeset="162093547" timestamp="2025-02-03T16:22:39Z" user="caigner" uid="473925" lat="9.5854609" lon="100.0682469"/>
 <node id="12554214833" visible="true" version="1" changeset="162093547" timestamp="2025-02-03T16:22:39Z" user="caigner" uid="473925" lat="9.5934454" lon="100.0695518"/>
 <node id="12554214834" visible="true" version="1" changeset="162093547" timestamp="2025-02-03T16:22:39Z" user="caigner" uid="473925" lat="9.5934163" lon="100.0694150"/>
 <node id="12554214835" visible="true" version="1" changeset="162093547" timestamp="2025-02-03T16:22:39Z" user="caigner" uid="473925" lat="9.5934295" lon="100.0692862"/>
 <node id="12554214836" visible="true" version="1" changeset="162093547" timestamp="2025-02-03T16:22:39Z" user="caigner" uid="473925" lat="9.5935326" lon="100.0691548"/>
 <node id="12554214837" visible="true" version="1" changeset="162093547" timestamp="2025-02-03T16:22:39Z" user="caigner" uid="473925" lat="9.5934877" lon="100.0685272"/>
 <node id="12554214838" visible="true" version="1" changeset="162093547" timestamp="2025-02-03T16:22:39Z" user="caigner" uid="473925" lat="9.5935564" lon="100.0684655"/>
 <node id="12554214839" visible="true" version="1" changeset="162093547" timestamp="2025-02-03T16:22:39Z" user="caigner" uid="473925" lat="9.5934348" lon="100.0682375"/>
 <node id="12554214840" visible="true" version="1" changeset="162093547" timestamp="2025-02-03T16:22:39Z" user="caigner" uid="473925" lat="9.5931888" lon="100.0680605"/>
 <node id="12554214841" visible="true" version="1" changeset="162093547" timestamp="2025-02-03T16:22:39Z" user="caigner" uid="473925" lat="9.5930698" lon="100.0679934"/>
 <node id="12554214842" visible="true" version="1" changeset="162093547" timestamp="2025-02-03T16:22:39Z" user="caigner" uid="473925" lat="9.5931174" lon="100.0680310"/>
 <node id="12554214843" visible="true" version="1" changeset="162093547" timestamp="2025-02-03T16:22:39Z" user="caigner" uid="473925" lat="9.5929640" lon="100.0678512"/>
 <node id="12554214844" visible="true" version="1" changeset="162093547" timestamp="2025-02-03T16:22:39Z" user="caigner" uid="473925" lat="9.5928582" lon="100.0676715"/>
 <node id="12554214845" visible="true" version="1" changeset="162093547" timestamp="2025-02-03T16:22:39Z" user="caigner" uid="473925" lat="9.5928979" lon="100.0674623"/>
 <node id="12554214846" visible="true" version="1" changeset="162093547" timestamp="2025-02-03T16:22:39Z" user="caigner" uid="473925" lat="9.5928080" lon="100.0673336"/>
 <node id="12554214847" visible="true" version="1" changeset="162093547" timestamp="2025-02-03T16:22:39Z" user="caigner" uid="473925" lat="9.5927075" lon="100.0673443"/>
 <node id="12554214848" visible="true" version="1" changeset="162093547" timestamp="2025-02-03T16:22:39Z" user="caigner" uid="473925" lat="9.5926599" lon="100.0672692"/>
 <node id="12554214849" visible="true" version="1" changeset="162093547" timestamp="2025-02-03T16:22:39Z" user="caigner" uid="473925" lat="9.5926202" lon="100.0670654"/>
 <node id="12554214850" visible="true" version="1" changeset="162093547" timestamp="2025-02-03T16:22:39Z" user="caigner" uid="473925" lat="9.5926334" lon="100.0671405"/>
 <node id="12554214851" visible="true" version="1" changeset="162093547" timestamp="2025-02-03T16:22:39Z" user="caigner" uid="473925" lat="9.5920331" lon="100.0666657"/>
 <node id="12554214852" visible="true" version="1" changeset="162093547" timestamp="2025-02-03T16:22:39Z" user="caigner" uid="473925" lat="9.5918823" lon="100.0666603"/>
 <node id="12554214853" visible="true" version="1" changeset="162093547" timestamp="2025-02-03T16:22:39Z" user="caigner" uid="473925" lat="9.5917713" lon="100.0665262"/>
 <node id="12554214854" visible="true" version="1" changeset="162093547" timestamp="2025-02-03T16:22:39Z" user="caigner" uid="473925" lat="9.5918083" lon="100.0664109"/>
 <node id="12554214855" visible="true" version="1" changeset="162093547" timestamp="2025-02-03T16:22:39Z" user="caigner" uid="473925" lat="9.5915808" lon="100.0663412"/>
 <node id="12554214856" visible="true" version="1" changeset="162093547" timestamp="2025-02-03T16:22:39Z" user="caigner" uid="473925" lat="9.5914195" lon="100.0661910"/>
 <node id="12554214857" visible="true" version="1" changeset="162093547" timestamp="2025-02-03T16:22:39Z" user="caigner" uid="473925" lat="9.5913243" lon="100.0660086"/>
 <node id="12554214858" visible="true" version="1" changeset="162093547" timestamp="2025-02-03T16:22:39Z" user="caigner" uid="473925" lat="9.5910836" lon="100.0657564"/>
 <node id="12554214859" visible="true" version="1" changeset="162093547" timestamp="2025-02-03T16:22:39Z" user="caigner" uid="473925" lat="9.5908879" lon="100.0656787"/>
 <node id="12554214860" visible="true" version="1" changeset="162093547" timestamp="2025-02-03T16:22:39Z" user="caigner" uid="473925" lat="9.5906684" lon="100.0657028"/>
 <node id="12554214861" visible="true" version="1" changeset="162093547" timestamp="2025-02-03T16:22:39Z" user="caigner" uid="473925" lat="9.5905891" lon="100.0655901"/>
 <node id="12554214862" visible="true" version="1" changeset="162093547" timestamp="2025-02-03T16:22:39Z" user="caigner" uid="473925" lat="9.5904568" lon="100.0653782"/>
 <node id="14135528285" visible="true" version="1" changeset="188265179" timestamp="2026-08-30T18:37:00Z" user="norD79" uid="1965008" lat="9.5705347" lon="99.9142011"/>
 <node id="14135544635" visible="true" version="1" changeset="188264908" timestamp="2026-08-30T18:30:46Z" user="norD79" uid="1965008" lat="9.5355533" lon="99.9343861"/>
 <node id="14135544637" visible="true" version="1" changeset="188264908" timestamp="2026-08-30T18:30:46Z" user="norD79" uid="1965008" lat="9.5353205" lon="99.9346512"/>
 <way id="476906866" visible="true" version="9" changeset="188265179" timestamp="2026-08-30T18:37:00Z" user="norD79" uid="1965008">
  <nd ref="252374812"/>
  <nd ref="12554214833"/>
  <nd ref="12554214834"/>
  <nd ref="12554214835"/>
  <nd ref="12554214836"/>
  <nd ref="4703294093"/>
  <nd ref="252374813"/>
  <nd ref="12554214837"/>
  <nd ref="12554214838"/>
  <nd ref="4703294055"/>
  <nd ref="12554214839"/>
  <nd ref="252374814"/>
  <nd ref="12554214840"/>
  <nd ref="12554214842"/>
  <nd ref="12554214841"/>
  <nd ref="4703294094"/>
  <nd ref="12554214843"/>
  <nd ref="12554214844"/>
  <nd ref="252374815"/>
  <nd ref="12554214845"/>
  <nd ref="12554214846"/>
  <nd ref="12554214847"/>
  <nd ref="12554214848"/>
  <nd ref="12554214850"/>
  <nd ref="12554214849"/>
  <nd ref="252374816"/>
  <nd ref="252374817"/>
  <nd ref="12554214851"/>
  <nd ref="12554214852"/>
  <nd ref="12554214853"/>
  <nd ref="12554214854"/>
  <nd ref="252374818"/>
  <nd ref="12554214855"/>
  <nd ref="12554214856"/>
  <nd ref="12554214857"/>
  <nd ref="252374819"/>
  <nd ref="12554214858"/>
  <nd ref="12554214859"/>
  <nd ref="12554214860"/>
  <nd ref="12554214861"/>
  <nd ref="12554214862"/>
  <nd ref="252374820"/>
  <nd ref="252374821"/>
  <nd ref="252374822"/>
  <nd ref="4703294097"/>
  <nd ref="252374824"/>
  <nd ref="252374825"/>
  <nd ref="252374826"/>
  <nd ref="252374827"/>
  <nd ref="252374828"/>
  <nd ref="12554214817"/>
  <nd ref="12554214816"/>
  <nd ref="12554214815"/>
  <nd ref="12554214814"/>
  <nd ref="4703294096"/>
  <nd ref="12554214813"/>
  <nd ref="12554214812"/>
  <nd ref="12554214811"/>
  <nd ref="12554214810"/>
  <nd ref="12554214809"/>
  <nd ref="12554214808"/>
  <nd ref="12554214807"/>
  <nd ref="12554214806"/>
  <nd ref="12554214805"/>
  <nd ref="12554214804"/>
  <nd ref="12554214803"/>
  <nd ref="252374829"/>
  <nd ref="2534574359"/>
  <nd ref="4703294108"/>
  <nd ref="4703294107"/>
  <nd ref="4703294133"/>
  <nd ref="4703294134"/>
  <nd ref="4703294135"/>
  <nd ref="10752635649"/>
  <nd ref="4703294136"/>
  <nd ref="10752635651"/>
  <nd ref="10752635650"/>
  <nd ref="4703294137"/>
  <nd ref="4703294112"/>
  <nd ref="4703294113"/>
  <nd ref="10752635652"/>
  <nd ref="4703294114"/>
  <nd ref="4703294115"/>
  <nd ref="4703294111"/>
  <nd ref="4703294110"/>
  <nd ref="4703294116"/>
  <nd ref="4703294117"/>
  <nd ref="4703294118"/>
  <nd ref="4703294119"/>
  <nd ref="4703294120"/>
  <nd ref="4703294121"/>
  <nd ref="10752635647"/>
  <nd ref="4703294122"/>
  <nd ref="4703294123"/>
  <nd ref="4703294124"/>
  <nd ref="4703294109"/>
  <nd ref="4703294125"/>
  <nd ref="4703294126"/>
  <nd ref="4703294106"/>
  <nd ref="4703294127"/>
  <nd ref="4703294128"/>
  <nd ref="10752635648"/>
  <nd ref="4703294129"/>
  <nd ref="4703294130"/>
  <nd ref="4703294131"/>
  <nd ref="1906698733"/>
  <nd ref="4775949753"/>
  <nd ref="4775949755"/>
  <nd ref="4775949723"/>
  <nd ref="4775949754"/>
  <nd ref="4775977021"/>
  <nd ref="4775949756"/>
  <nd ref="5176435358"/>
  <nd ref="1906698720"/>
  <nd ref="5176435314"/>
  <nd ref="1906698721"/>
  <nd ref="2501265790"/>
  <nd ref="4703294105"/>
  <nd ref="4703294104"/>
  <nd ref="5829862084"/>
  <nd ref="5829862685"/>
  <nd ref="4703294103"/>
  <nd ref="5829862686"/>
  <nd ref="253138709"/>
  <nd ref="5829862687"/>
  <nd ref="253138710"/>
  <nd ref="1906698732"/>
  <nd ref="4775949724"/>
  <nd ref="4775949725"/>
  <nd ref="4703294098"/>
  <nd ref="4703294099"/>
  <nd ref="4703294100"/>
  <nd ref="4703294102"/>
  <nd ref="4703294101"/>
  <nd ref="5176435356"/>
  <nd ref="5176435357"/>
  <nd ref="2129316654"/>
  <nd ref="261182938"/>
  <nd ref="2501265789"/>
  <nd ref="261182931"/>
  <nd ref="4775949722"/>
  <nd ref="4775949752"/>
  <nd ref="6286188512"/>
  <nd ref="6286188511"/>
  <nd ref="4775949751"/>
  <nd ref="4775949750"/>
  <nd ref="6286188510"/>
  <nd ref="6286188509"/>
  <nd ref="6286188508"/>
  <nd ref="6286188507"/>
  <nd ref="6286188502"/>
  <nd ref="6286188506"/>
  <nd ref="6286188505"/>
  <nd ref="6286188504"/>
  <nd ref="6286188503"/>
  <nd ref="6286188501"/>
  <nd ref="6286188500"/>
  <nd ref="6286188498"/>
  <nd ref="6286188499"/>
  <nd ref="6286188497"/>
  <nd ref="6286188494"/>
  <nd ref="6286188496"/>
  <nd ref="6286188495"/>
  <nd ref="6286188479"/>
  <nd ref="6286188493"/>
  <nd ref="6286188492"/>
  <nd ref="6286188491"/>
  <nd ref="6286188490"/>
  <nd ref="6286188489"/>
  <nd ref="6286188481"/>
  <nd ref="6286188488"/>
  <nd ref="6286188487"/>
  <nd ref="6286188486"/>
  <nd ref="6286188480"/>
  <nd ref="6286188485"/>
  <nd ref="6286188484"/>
  <nd ref="6286188483"/>
  <nd ref="6286188482"/>
  <nd ref="6286188471"/>
  <nd ref="6286188470"/>
  <nd ref="6286188477"/>
  <nd ref="6286188478"/>
  <nd ref="6286188469"/>
  <nd ref="6286188468"/>
  <nd ref="6286188467"/>
  <nd ref="1797688466"/>
  <nd ref="11727675204"/>
  <nd ref="6286188466"/>
  <nd ref="11727675205"/>
  <nd ref="11727675206"/>
  <nd ref="1796455788"/>
  <nd ref="11727675207"/>
  <nd ref="1796455784"/>
  <nd ref="1796455782"/>
  <nd ref="1796455779"/>
  <nd ref="1796455775"/>
  <nd ref="252374842"/>
  <nd ref="1796455774"/>
  <nd ref="1796455772"/>
  <nd ref="1796455768"/>
  <nd ref="1796455760"/>
  <nd ref="1796455755"/>
  <nd ref="1796455748"/>
  <nd ref="252374843"/>
  <nd ref="1796455738"/>
  <nd ref="1796455733"/>
  <nd ref="1796455729"/>
  <nd ref="1797687610"/>
  <nd ref="1796455724"/>
  <nd ref="4775950862"/>
  <nd ref="252374844"/>
  <nd ref="1796455726"/>
  <nd ref="1796412567"/>
  <nd ref="1796455730"/>
  <nd ref="252374845"/>
  <nd ref="1796455745"/>
  <nd ref="1796412700"/>
  <nd ref="252374847"/>
  <nd ref="1796455781"/>
  <nd ref="1796413269"/>
  <nd ref="1796413342"/>
  <nd ref="4775978792"/>
  <nd ref="252374848"/>
  <nd ref="1796413601"/>
  <nd ref="1796413664"/>
  <nd ref="4775978794"/>
  <nd ref="4775978795"/>
  <nd ref="4775978793"/>
  <nd ref="4775978798"/>
  <nd ref="1797689038"/>
  <nd ref="252374850"/>
  <nd ref="1797689160"/>
  <nd ref="1797689319"/>
  <nd ref="252374851"/>
  <nd ref="1796190285"/>
  <nd ref="1796190286"/>
  <nd ref="1796190287"/>
  <nd ref="1796190288"/>
  <nd ref="1796190290"/>
  <nd ref="1796190292"/>
  <nd ref="1796190296"/>
  <nd ref="252374852"/>
  <nd ref="1796190299"/>
  <nd ref="1796190301"/>
  <nd ref="1796190302"/>
  <nd ref="1796190306"/>
  <nd ref="1796190308"/>
  <nd ref="1796190312"/>
  <nd ref="1796190315"/>
  <nd ref="1796190317"/>
  <nd ref="1796190321"/>
  <nd ref="1796190322"/>
  <nd ref="252374853"/>
  <nd ref="1796190325"/>
  <nd ref="1796190327"/>
  <nd ref="1796190330"/>
  <nd ref="1796190331"/>
  <nd ref="1796190335"/>
  <nd ref="252374854"/>
  <nd ref="252374855"/>
  <nd ref="1796190342"/>
  <nd ref="252374856"/>
  <nd ref="1796190348"/>
  <nd ref="1796190351"/>
  <nd ref="1796190350"/>
  <nd ref="1796190352"/>
  <nd ref="1796190353"/>
  <nd ref="1796190355"/>
  <nd ref="1796190358"/>
  <nd ref="5271953944"/>
  <nd ref="5271953943"/>
  <nd ref="1796190354"/>
  <nd ref="252374857"/>
  <nd ref="252374858"/>
  <nd ref="1796190341"/>
  <nd ref="1796190340"/>
  <nd ref="1796190326"/>
  <nd ref="1796190318"/>
  <nd ref="1796190314"/>
  <nd ref="4703373629"/>
  <nd ref="252374859"/>
  <nd ref="1796190298"/>
  <nd ref="1796190293"/>
  <nd ref="252374860"/>
  <nd ref="1796190281"/>
  <nd ref="1796190283"/>
  <nd ref="1796190282"/>
  <nd ref="1796190280"/>
  <nd ref="252374861"/>
  <nd ref="1796190274"/>
  <nd ref="1796190275"/>
  <nd ref="1808949784"/>
  <nd ref="4775978783"/>
  <nd ref="4775978784"/>
  <nd ref="252374862"/>
  <nd ref="4775978782"/>
  <nd ref="4775978785"/>
  <nd ref="4703373628"/>
  <nd ref="1796190279"/>
  <nd ref="1796190276"/>
  <nd ref="4703373630"/>
  <nd ref="1825499592"/>
  <nd ref="1796190277"/>
  <nd ref="1825499595"/>
  <nd ref="252374863"/>
  <nd ref="1825499632"/>
  <nd ref="1825121975"/>
  <nd ref="4703373623"/>
  <nd ref="1825122001"/>
  <nd ref="1825122049"/>
  <nd ref="1825499652"/>
  <nd ref="1825122065"/>
  <nd ref="4703373624"/>
  <nd ref="4703373626"/>
  <nd ref="4703373625"/>
  <nd ref="4703373627"/>
  <nd ref="1825122106"/>
  <nd ref="1825499648"/>
  <nd ref="1825499644"/>
  <nd ref="1825499641"/>
  <nd ref="1825499643"/>
  <nd ref="1825499646"/>
  <nd ref="1825499650"/>
  <nd ref="1825499656"/>
  <nd ref="1796414072"/>
  <nd ref="1896107245"/>
  <nd ref="4764541725"/>
  <nd ref="1896107247"/>
  <nd ref="1896107251"/>
  <nd ref="252374865"/>
  <nd ref="2092939734"/>
  <nd ref="2092939742"/>
  <nd ref="2092939760"/>
  <nd ref="4703373622"/>
  <nd ref="2092939779"/>
  <nd ref="1796414427"/>
  <nd ref="2092939835"/>
  <nd ref="4703373619"/>
  <nd ref="1796414457"/>
  <nd ref="4775978772"/>
  <nd ref="1796414459"/>
  <nd ref="252374866"/>
  <nd ref="1796414495"/>
  <nd ref="1796414536"/>
  <nd ref="1797691036"/>
  <nd ref="1797691058"/>
  <nd ref="1797691097"/>
  <nd ref="1796414586"/>
  <nd ref="1796414612"/>
  <nd ref="1796414615"/>
  <nd ref="1796414625"/>
  <nd ref="1797691368"/>
  <nd ref="1797691676"/>
  <nd ref="252374867"/>
  <nd ref="1797691876"/>
  <nd ref="416617317"/>
  <nd ref="1797691990"/>
  <nd ref="4775978770"/>
  <nd ref="4775978771"/>
  <nd ref="3266087829"/>
  <nd ref="4775978769"/>
  <nd ref="4703373618"/>
  <nd ref="252374868"/>
  <nd ref="1797692133"/>
  <nd ref="1797692145"/>
  <nd ref="4775978768"/>
  <nd ref="1797692149"/>
  <nd ref="1797692151"/>
  <nd ref="1797692154"/>
  <nd ref="252374869"/>
  <nd ref="1797692153"/>
  <nd ref="1797692152"/>
  <nd ref="1797692150"/>
  <nd ref="1797692148"/>
  <nd ref="1797692147"/>
  <nd ref="1797692146"/>
  <nd ref="1797692144"/>
  <nd ref="1797692143"/>
  <nd ref="252374870"/>
  <nd ref="1797692134"/>
  <nd ref="1797692112"/>
  <nd ref="1797692103"/>
  <nd ref="1797692089"/>
  <nd ref="1797692090"/>
  <nd ref="1797692073"/>
  <nd ref="252374871"/>
  <nd ref="4703373617"/>
  <nd ref="4703373600"/>
  <nd ref="1796414753"/>
  <nd ref="4703373602"/>
  <nd ref="4703373616"/>
  <nd ref="4703372583"/>
  <nd ref="252374872"/>
  <nd ref="1796414752"/>
  <nd ref="4703373615"/>
  <nd ref="252374874"/>
  <nd ref="1796414739"/>
  <nd ref="1796414717"/>
  <nd ref="1796414714"/>
  <nd ref="1796414710"/>
  <nd ref="1796414703"/>
  <nd ref="1796414707"/>
  <nd ref="1796414705"/>
  <nd ref="1796414702"/>
  <nd ref="1796414676"/>
  <nd ref="1796414675"/>
  <nd ref="2092940266"/>
  <nd ref="252374875"/>
  <nd ref="1796414673"/>
  <nd ref="4703372557"/>
  <nd ref="252374876"/>
  <nd ref="4703372556"/>
  <nd ref="1796414668"/>
  <nd ref="1796414657"/>
  <nd ref="1796414660"/>
  <nd ref="1796414665"/>
  <nd ref="1796414663"/>
  <nd ref="1796414654"/>
  <nd ref="1796414651"/>
  <nd ref="1796414649"/>
  <nd ref="252374877"/>
  <nd ref="4703372551"/>
  <nd ref="1796414633"/>
  <nd ref="1796190493"/>
  <nd ref="1796190492"/>
  <nd ref="1796414630"/>
  <nd ref="1796190491"/>
  <nd ref="1796414628"/>
  <nd ref="1796190489"/>
  <nd ref="1796190486"/>
  <nd ref="1796190484"/>
  <nd ref="1808774810"/>
  <nd ref="4703372559"/>
  <nd ref="252374878"/>
  <nd ref="1796190471"/>
  <nd ref="4703372560"/>
  <nd ref="1796190469"/>
  <nd ref="1796190473"/>
  <nd ref="1797691329"/>
  <nd ref="1796190464"/>
  <nd ref="1796190459"/>
  <nd ref="4703372561"/>
  <nd ref="4703372567"/>
  <nd ref="252374879"/>
  <nd ref="4703372562"/>
  <nd ref="4703372563"/>
  <nd ref="1796190455"/>
  <nd ref="1796190457"/>
  <nd ref="4703372564"/>
  <nd ref="1796190453"/>
  <nd ref="1796190452"/>
  <nd ref="1796190451"/>
  <nd ref="1796414622"/>
  <nd ref="252374880"/>
  <nd ref="1796414620"/>
  <nd ref="1796190446"/>
  <nd ref="1808774806"/>
  <nd ref="1796190448"/>
  <nd ref="1796190447"/>
  <nd ref="1796190440"/>
  <nd ref="1808774805"/>
  <nd ref="1796190437"/>
  <nd ref="1796190436"/>
  <nd ref="1796190434"/>
  <nd ref="252374881"/>
  <nd ref="4703372566"/>
  <nd ref="1796190423"/>
  <nd ref="1796190416"/>
  <nd ref="1796190417"/>
  <nd ref="4703372565"/>
  <nd ref="1796190428"/>
  <nd ref="1796190435"/>
  <nd ref="1796190439"/>
  <nd ref="1796190445"/>
  <nd ref="1796190444"/>
  <nd ref="1796190443"/>
  <nd ref="1796190442"/>
  <nd ref="4703372535"/>
  <nd ref="4703372536"/>
  <nd ref="1796190430"/>
  <nd ref="1796190426"/>
  <nd ref="1796190432"/>
  <nd ref="252374882"/>
  <nd ref="252374883"/>
  <nd ref="1796190409"/>
  <nd ref="1796190396"/>
  <nd ref="1796190395"/>
  <nd ref="1796190390"/>
  <nd ref="4703372534"/>
  <nd ref="1796190378"/>
  <nd ref="1796190376"/>
  <nd ref="1796190371"/>
  <nd ref="252374884"/>
  <nd ref="4703377925"/>
  <nd ref="252374885"/>
  <nd ref="1796414502"/>
  <nd ref="1796190365"/>
  <nd ref="1796190367"/>
  <nd ref="1825417585"/>
  <nd ref="252374886"/>
  <nd ref="3281175108"/>
  <nd ref="3281175107"/>
  <nd ref="252374887"/>
  <nd ref="1796190363"/>
  <nd ref="1796190357"/>
  <nd ref="1808087015"/>
  <nd ref="1808087010"/>
  <nd ref="1796190349"/>
  <nd ref="1808087009"/>
  <nd ref="252374888"/>
  <nd ref="1796414463"/>
  <nd ref="1796414461"/>
  <nd ref="252374889"/>
  <nd ref="1796414468"/>
  <nd ref="1796414470"/>
  <nd ref="1796414469"/>
  <nd ref="1796414472"/>
  <nd ref="1796414476"/>
  <nd ref="1796414484"/>
  <nd ref="1796414481"/>
  <nd ref="1796414491"/>
  <nd ref="1796414498"/>
  <nd ref="1796414499"/>
  <nd ref="1796414497"/>
  <nd ref="1796414501"/>
  <nd ref="1796414503"/>
  <nd ref="1796414505"/>
  <nd ref="1796414513"/>
  <nd ref="1796414525"/>
  <nd ref="252374891"/>
  <nd ref="1796414534"/>
  <nd ref="1796414567"/>
  <nd ref="1796414570"/>
  <nd ref="1796414575"/>
  <nd ref="1796414584"/>
  <nd ref="252374892"/>
  <nd ref="1796414590"/>
  <nd ref="1797992187"/>
  <nd ref="1797992186"/>
  <nd ref="1797992182"/>
  <nd ref="1797992180"/>
  <nd ref="1797992184"/>
  <nd ref="252374893"/>
  <nd ref="1796414564"/>
  <nd ref="252374894"/>
  <nd ref="252374895"/>
  <nd ref="252374896"/>
  <nd ref="1796414455"/>
  <nd ref="252374897"/>
  <nd ref="1796414449"/>
  <nd ref="1796414441"/>
  <nd ref="1796414396"/>
  <nd ref="252374898"/>
  <nd ref="1796414198"/>
  <nd ref="1796414085"/>
  <nd ref="1825441327"/>
  <nd ref="1796414029"/>
  <nd ref="1796414000"/>
  <nd ref="1796413984"/>
  <nd ref="1796413974"/>
  <nd ref="1796413964"/>
  <nd ref="1796413967"/>
  <nd ref="14135528285"/>
  <nd ref="1796413990"/>
  <nd ref="1797992034"/>
  <nd ref="1797992037"/>
  <nd ref="1796414066"/>
  <nd ref="1797992067"/>
  <nd ref="252374899"/>
  <nd ref="1797992063"/>
  <nd ref="1796414027"/>
  <nd ref="1797992032"/>
  <nd ref="1796413977"/>
  <nd ref="1797992030"/>
  <nd ref="1796413948"/>
  <nd ref="1797992027"/>
  <nd ref="1796413886"/>
  <nd ref="1797992025"/>
  <nd ref="1797992024"/>
  <nd ref="1797992023"/>
  <nd ref="1796413818"/>
  <nd ref="1796413817"/>
  <nd ref="1797992022"/>
  <nd ref="1796413849"/>
  <nd ref="4703377922"/>
  <nd ref="1796413889"/>
  <nd ref="1796413900"/>
  <nd ref="1796413903"/>
  <nd ref="1796413904"/>
  <nd ref="1796413906"/>
  <nd ref="252374900"/>
  <nd ref="1796413919"/>
  <nd ref="1796413912"/>
  <nd ref="1796413895"/>
  <nd ref="1796413785"/>
  <nd ref="1796413773"/>
  <nd ref="1825416861"/>
  <nd ref="252374901"/>
  <nd ref="1825416794"/>
  <nd ref="1825416565"/>
  <nd ref="1825416384"/>
  <nd ref="1825416350"/>
  <nd ref="252374902"/>
  <nd ref="1796190184"/>
  <nd ref="1825440916"/>
  <nd ref="252374904"/>
  <nd ref="1796190161"/>
  <nd ref="1796190168"/>
  <nd ref="1796190170"/>
  <nd ref="1796190169"/>
  <nd ref="252374905"/>
  <nd ref="1796190162"/>
  <nd ref="1796190167"/>
  <nd ref="1796190164"/>
  <nd ref="1796190154"/>
  <nd ref="1796190151"/>
  <nd ref="1796190145"/>
  <nd ref="1796190140"/>
  <nd ref="252374906"/>
  <nd ref="1796190133"/>
  <nd ref="1796190130"/>
  <nd ref="1796190126"/>
  <nd ref="4703381349"/>
  <nd ref="1796190120"/>
  <nd ref="1796190118"/>
  <nd ref="1796190115"/>
  <nd ref="252374907"/>
  <nd ref="4703381350"/>
  <nd ref="1825415810"/>
  <nd ref="1825415791"/>
  <nd ref="1825415788"/>
  <nd ref="252374908"/>
  <nd ref="1825415778"/>
  <nd ref="1825415771"/>
  <nd ref="1793794187"/>
  <nd ref="1793794185"/>
  <nd ref="1793794183"/>
  <nd ref="1793794181"/>
  <nd ref="252374909"/>
  <nd ref="4703381351"/>
  <nd ref="1793794179"/>
  <nd ref="252374910"/>
  <nd ref="1793794178"/>
  <nd ref="1793794177"/>
  <nd ref="4703381352"/>
  <nd ref="252374911"/>
  <nd ref="4703381353"/>
  <nd ref="1793794175"/>
  <nd ref="1793794173"/>
  <nd ref="1793794171"/>
  <nd ref="1796411040"/>
  <nd ref="1793794169"/>
  <nd ref="1793794149"/>
  <nd ref="1793794147"/>
  <nd ref="4703381348"/>
  <nd ref="1809390071"/>
  <nd ref="1809390031"/>
  <nd ref="1793794144"/>
  <nd ref="3266087816"/>
  <nd ref="1802137610"/>
  <nd ref="260741057"/>
  <nd ref="1802137590"/>
  <nd ref="1802137576"/>
  <nd ref="1793794141"/>
  <nd ref="1809389990"/>
  <nd ref="252374913"/>
  <nd ref="5276856302"/>
  <nd ref="5276856303"/>
  <nd ref="14135544635"/>
  <nd ref="1793794113"/>
  <nd ref="3266087675"/>
  <nd ref="252374921"/>
  <nd ref="1809094264"/>
  <nd ref="1809094262"/>
  <nd ref="14135544637"/>
  <nd ref="1809094249"/>
  <nd ref="1809094247"/>
  <nd ref="252374922"/>
  <nd ref="4703381347"/>
  <nd ref="1809094245"/>
  <nd ref="1809094243"/>
  <nd ref="252374923"/>
  <nd ref="1809094241"/>
  <nd ref="1809094239"/>
  <nd ref="1809094238"/>
  <nd ref="252374924"/>
  <nd ref="252374925"/>
  <nd ref="4703384438"/>
  <nd ref="1809094196"/>
  <nd ref="1809094126"/>
  <nd ref="4703384437"/>
  <nd ref="1809094098"/>
  <nd ref="10719268041"/>
  <nd ref="252374926"/>
  <nd ref="1809094063"/>
  <nd ref="252374927"/>
  <nd ref="4703384441"/>
  <nd ref="10719268035"/>
  <nd ref="1809093978"/>
  <nd ref="252374928"/>
  <nd ref="4703384442"/>
  <nd ref="10748069872"/>
  <nd ref="10748069873"/>
  <nd ref="252374929"/>
  <nd ref="1825415260"/>
  <nd ref="1796189327"/>
  <nd ref="1796189319"/>
  <nd ref="1797991424"/>
  <nd ref="1797991418"/>
  <nd ref="1796189229"/>
  <nd ref="4703384436"/>
  <nd ref="252374930"/>
  <nd ref="1796189145"/>
  <nd ref="4703384435"/>
  <nd ref="1796189047"/>
  <nd ref="1796188979"/>
  <nd ref="1796188965"/>
  <nd ref="1796188892"/>
  <nd ref="1796188829"/>
  <nd ref="252374931"/>
  <nd ref="252374932"/>
  <nd ref="1796188783"/>
  <nd ref="252374933"/>
  <nd ref="1796188734"/>
  <nd ref="1796188716"/>
  <nd ref="1796188707"/>
  <nd ref="252374935"/>
  <nd ref="252374936"/>
  <nd ref="1796188225"/>
  <nd ref="1796188219"/>
  <nd ref="1796188217"/>
  <nd ref="252374937"/>
  <nd ref="3148342025"/>
  <nd ref="1793788204"/>
  <nd ref="252374939"/>
  <nd ref="1793788203"/>
  <nd ref="1793788202"/>
  <nd ref="1793788200"/>
  <nd ref="10748069871"/>
  <nd ref="1793788199"/>
  <nd ref="252374940"/>
  <nd ref="4703394127"/>
  <nd ref="10748069869"/>
  <nd ref="252374941"/>
  <nd ref="1793788197"/>
  <nd ref="252374942"/>
  <nd ref="4703394126"/>
  <nd ref="1793788195"/>
  <nd ref="252374943"/>
  <nd ref="1793788194"/>
  <nd ref="1793788193"/>
  <nd ref="252374944"/>
  <nd ref="1793788192"/>
  <nd ref="4703394124"/>
  <nd ref="1793788191"/>
  <nd ref="1793788190"/>
  <nd ref="252374945"/>
  <nd ref="1793788183"/>
  <nd ref="1793788181"/>
  <nd ref="252374946"/>
  <nd ref="1793788175"/>
  <nd ref="252374947"/>
  <nd ref="1793788172"/>
  <nd ref="252374948"/>
  <nd ref="1793788169"/>
  <nd ref="252374949"/>
  <nd ref="1793788167"/>
  <nd ref="1793788168"/>
  <nd ref="1793788174"/>
  <nd ref="252374950"/>
  <nd ref="1793788179"/>
  <nd ref="1793788180"/>
  <nd ref="1793788182"/>
  <nd ref="252374951"/>
  <nd ref="5610304767"/>
  <nd ref="5610304756"/>
  <nd ref="1793788186"/>
  <nd ref="1793788188"/>
  <nd ref="252374952"/>
  <nd ref="5610304735"/>
  <nd ref="5610304736"/>
  <nd ref="5610304741"/>
  <nd ref="5610304742"/>
  <nd ref="5610304740"/>
  <nd ref="5610304739"/>
  <nd ref="5610304738"/>
  <nd ref="5610304737"/>
  <nd ref="1793788189"/>
  <nd ref="252374953"/>
  <nd ref="5610304755"/>
  <nd ref="5610304768"/>
  <nd ref="1797684762"/>
  <nd ref="1793788187"/>
  <nd ref="1793788185"/>
  <nd ref="1793788184"/>
  <nd ref="252374954"/>
  <nd ref="1793788178"/>
  <nd ref="1793788177"/>
  <nd ref="1793788176"/>
  <nd ref="1793788173"/>
  <nd ref="1793788170"/>
  <nd ref="252374955"/>
  <nd ref="252374956"/>
  <nd ref="1793788164"/>
  <nd ref="4703394120"/>
  <nd ref="1793788162"/>
  <nd ref="1793788160"/>
  <nd ref="252374957"/>
  <nd ref="4703394119"/>
  <nd ref="1793788156"/>
  <nd ref="1793788157"/>
  <nd ref="4703394118"/>
  <nd ref="1793788159"/>
  <nd ref="1793788161"/>
  <nd ref="252374958"/>
  <nd ref="1793788166"/>
  <nd ref="1793788165"/>
  <nd ref="4703394117"/>
  <nd ref="1793788163"/>
  <nd ref="4703394123"/>
  <nd ref="252374959"/>
  <nd ref="1793788158"/>
  <nd ref="1793788155"/>
  <nd ref="1793788154"/>
  <nd ref="1793788153"/>
  <nd ref="1793788151"/>
  <nd ref="1793788150"/>
  <nd ref="1793788149"/>
  <nd ref="252374961"/>
  <nd ref="1793788148"/>
  <nd ref="252374962"/>
  <nd ref="1793788147"/>
  <nd ref="4842830807"/>
  <nd ref="1808086800"/>
  <nd ref="252374963"/>
  <nd ref="1808086799"/>
  <nd ref="4842830808"/>
  <nd ref="1808086798"/>
  <nd ref="1793788146"/>
  <nd ref="1808086785"/>
  <nd ref="1793788145"/>
  <nd ref="1793788144"/>
  <nd ref="252374964"/>
  <nd ref="1793788143"/>
  <nd ref="1793788142"/>
  <nd ref="4703394122"/>
  <nd ref="252374965"/>
  <nd ref="1793788141"/>
  <nd ref="1793788140"/>
  <nd ref="4842830813"/>
  <nd ref="4842830814"/>
  <nd ref="1793788139"/>
  <nd ref="1793788137"/>
  <nd ref="252374966"/>
  <nd ref="1793788135"/>
  <nd ref="252374967"/>
  <nd ref="1793788133"/>
  <nd ref="1793788129"/>
  <nd ref="1793788127"/>
  <nd ref="4842830812"/>
  <nd ref="1793788130"/>
  <nd ref="1793788131"/>
  <nd ref="1793788128"/>
  <nd ref="1793788126"/>
  <nd ref="252374968"/>
  <nd ref="1802062023"/>
  <nd ref="4842830810"/>
  <nd ref="4842830809"/>
  <nd ref="252374969"/>
  <nd ref="252374970"/>
  <nd ref="4703394121"/>
  <nd ref="1793788125"/>
  <nd ref="1793788123"/>
  <nd ref="1793788122"/>
  <nd ref="1793788121"/>
  <nd ref="4842830811"/>
  <nd ref="1793788119"/>
  <nd ref="1793788118"/>
  <nd ref="1793788114"/>
  <nd ref="1793788110"/>
  <nd ref="1793788115"/>
  <nd ref="1793788117"/>
  <nd ref="4703394102"/>
  <nd ref="1793788120"/>
  <nd ref="1797683734"/>
  <nd ref="252374972"/>
  <nd ref="1793788111"/>
  <nd ref="1793788107"/>
  <nd ref="1793788106"/>
  <nd ref="1793788109"/>
  <nd ref="1793788116"/>
  <nd ref="1793788113"/>
  <nd ref="4842834957"/>
  <nd ref="1793788108"/>
  <nd ref="1793788104"/>
  <nd ref="1793788103"/>
  <nd ref="252374973"/>
  <nd ref="4842834959"/>
  <nd ref="252374974"/>
  <nd ref="252374976"/>
  <nd ref="4842834960"/>
  <nd ref="1793788100"/>
  <nd ref="252374978"/>
  <nd ref="1793788098"/>
  <nd ref="12253562149"/>
  <nd ref="12253562144"/>
  <nd ref="252374979"/>
  <nd ref="252374980"/>
  <nd ref="12253562147"/>
  <nd ref="1793788097"/>
  <nd ref="252374981"/>
  <nd ref="4842834956"/>
  <nd ref="1201815619"/>
  <nd ref="252374982"/>
  <nd ref="252374983"/>
  <nd ref="4842834955"/>
  <nd ref="1809389492"/>
  <nd ref="1809389490"/>
  <nd ref="252374984"/>
  <nd ref="4842834954"/>
  <nd ref="1809389465"/>
  <nd ref="1809389462"/>
  <nd ref="252374986"/>
  <nd ref="1809389459"/>
  <nd ref="1809389457"/>
  <nd ref="1809389455"/>
  <nd ref="1809389451"/>
  <nd ref="1809389448"/>
  <nd ref="252374994"/>
  <nd ref="1809389410"/>
  <nd ref="1809389381"/>
  <nd ref="1809389376"/>
  <nd ref="1809389340"/>
  <nd ref="1809389339"/>
  <nd ref="252374995"/>
  <nd ref="252374996"/>
  <nd ref="1797683422"/>
  <nd ref="1797683398"/>
  <nd ref="1797683393"/>
  <nd ref="1797683392"/>
  <nd ref="1809437890"/>
  <nd ref="1809437888"/>
  <nd ref="252374997"/>
  <nd ref="2452886318"/>
  <nd ref="1797683330"/>
  <nd ref="1797683319"/>
  <nd ref="2452886307"/>
  <nd ref="252374998"/>
  <nd ref="1797683315"/>
  <nd ref="2452886293"/>
  <nd ref="1797683312"/>
  <nd ref="1797683308"/>
  <nd ref="1809437882"/>
  <nd ref="1797683302"/>
  <nd ref="1809437880"/>
  <nd ref="252374999"/>
  <nd ref="1809437878"/>
  <nd ref="1809437876"/>
  <nd ref="1809437874"/>
  <nd ref="1809437872"/>
  <nd ref="1809437871"/>
  <nd ref="252375000"/>
  <nd ref="252375001"/>
  <nd ref="1809437870"/>
  <nd ref="1809437869"/>
  <nd ref="1797683301"/>
  <nd ref="1809389039"/>
  <nd ref="1809389019"/>
  <nd ref="1809388999"/>
  <nd ref="1809388983"/>
  <nd ref="1797683299"/>
  <nd ref="1809388949"/>
  <nd ref="252375002"/>
  <nd ref="2452886268"/>
  <nd ref="1809437868"/>
  <nd ref="252375003"/>
  <nd ref="1797683296"/>
  <nd ref="1797683293"/>
  <nd ref="252375004"/>
  <nd ref="1797683291"/>
  <nd ref="1797683288"/>
  <nd ref="1797683283"/>
  <nd ref="1809388755"/>
  <nd ref="1674783855"/>
  <nd ref="252375005"/>
  <nd ref="252375006"/>
  <nd ref="1796250603"/>
  <nd ref="1796250606"/>
  <nd ref="1796250610"/>
  <nd ref="1796250614"/>
  <nd ref="1796250616"/>
  <nd ref="1796250621"/>
  <nd ref="252375007"/>
  <nd ref="1796250633"/>
  <nd ref="1796250641"/>
  <nd ref="1808772406"/>
  <nd ref="1808772448"/>
  <nd ref="1808772443"/>
  <nd ref="1808772452"/>
  <nd ref="1808772445"/>
  <nd ref="1808772482"/>
  <nd ref="1808772534"/>
  <nd ref="1808772494"/>
  <nd ref="1808772489"/>
  <nd ref="1808772476"/>
  <nd ref="1808772466"/>
  <nd ref="1808772407"/>
  <nd ref="1796250648"/>
  <nd ref="252375008"/>
  <nd ref="1796250657"/>
  <nd ref="1796250675"/>
  <nd ref="252375009"/>
  <nd ref="1796250673"/>
  <nd ref="1796250671"/>
  <nd ref="252375010"/>
  <nd ref="1796250655"/>
  <nd ref="1796250651"/>
  <nd ref="252375011"/>
  <nd ref="252375012"/>
  <nd ref="1786766481"/>
  <nd ref="1786766478"/>
  <nd ref="1786766472"/>
  <nd ref="1786766462"/>
  <nd ref="1786766455"/>
  <nd ref="1786766432"/>
  <nd ref="252375013"/>
  <nd ref="1786766414"/>
  <nd ref="1786766412"/>
  <nd ref="1786766388"/>
  <nd ref="252375014"/>
  <nd ref="1786766364"/>
  <nd ref="252375015"/>
  <nd ref="1786766341"/>
  <nd ref="1786766340"/>
  <nd ref="1786766330"/>
  <nd ref="1786766326"/>
  <nd ref="252375016"/>
  <nd ref="1786766271"/>
  <nd ref="1786766258"/>
  <nd ref="1786766243"/>
  <nd ref="1786766217"/>
  <nd ref="1786766194"/>
  <nd ref="252375017"/>
  <nd ref="1786766164"/>
  <nd ref="252375018"/>
  <nd ref="252375019"/>
  <nd ref="252375020"/>
  <nd ref="1786765964"/>
  <nd ref="252375021"/>
  <nd ref="1786765937"/>
  <nd ref="12538655687"/>
  <nd ref="252375022"/>
  <nd ref="1786765933"/>
  <nd ref="1786765948"/>
  <nd ref="1786765958"/>
  <nd ref="1786765962"/>
  <nd ref="1786765956"/>
  <nd ref="1786765973"/>
  <nd ref="1786765995"/>
  <nd ref="252375023"/>
  <nd ref="1786766066"/>
  <nd ref="252375024"/>
  <nd ref="1786766135"/>
  <nd ref="1786766173"/>
  <nd ref="252375025"/>
  <nd ref="1786766203"/>
  <nd ref="1786766247"/>
  <nd ref="252375026"/>
  <nd ref="1786766273"/>
  <nd ref="1786766289"/>
  <nd ref="1786766293"/>
  <nd ref="252375027"/>
  <nd ref="1786766297"/>
  <nd ref="252375028"/>
  <nd ref="1786766295"/>
  <nd ref="1786766290"/>
  <nd ref="252375029"/>
  <nd ref="1786766272"/>
  <nd ref="1786766284"/>
  <nd ref="1786766274"/>
  <nd ref="1786766270"/>
  <nd ref="1786766268"/>
  <nd ref="1786766264"/>
  <nd ref="1786766256"/>
  <nd ref="1786766250"/>
  <nd ref="1786766246"/>
  <nd ref="1786766244"/>
  <nd ref="1674784056"/>
  <nd ref="1786766199"/>
  <nd ref="1674784059"/>
  <nd ref="1674784063"/>
  <nd ref="1786766162"/>
  <nd ref="1786766152"/>
  <nd ref="1786766126"/>
  <nd ref="1674784067"/>
  <nd ref="1786766108"/>
  <nd ref="1786766113"/>
  <nd ref="1786766118"/>
  <nd ref="1786766123"/>
  <nd ref="1674784069"/>
  <nd ref="1786766150"/>
  <nd ref="1786766157"/>
  <nd ref="1674784065"/>
  <nd ref="1674784060"/>
  <nd ref="1786766193"/>
  <nd ref="252375030"/>
  <nd ref="1786766241"/>
  <nd ref="1786766245"/>
  <nd ref="1786766239"/>
  <nd ref="1786766238"/>
  <nd ref="1786766235"/>
  <nd ref="1786766213"/>
  <nd ref="1786766211"/>
  <nd ref="1786766207"/>
  <nd ref="1786766198"/>
  <nd ref="1786766201"/>
  <nd ref="1786766195"/>
  <nd ref="252375031"/>
  <nd ref="252375032"/>
  <nd ref="1786766210"/>
  <nd ref="252375033"/>
  <nd ref="1786766259"/>
  <nd ref="252375034"/>
  <nd ref="1786766294"/>
  <nd ref="1786766300"/>
  <nd ref="252375035"/>
  <nd ref="1786766304"/>
  <nd ref="252375036"/>
  <nd ref="1786766301"/>
  <tag k="natural" v="coastline"/>
 </way>
</osm>
