<?xml version="1.0" encoding="UTF-8"?>
<osm version="0.6" generator="openstreetmap-cgimap 2.1.0 (1301 spike-08.openstreetmap.org)" copyright="OpenStreetMap and contributors" attribution="http://www.openstreetmap.org/copyright" license="http://opendatacommons.org/licenses/odbl/1-0/">
 <node id="252373021" visible="true" version="2" changeset="46363760" timestamp="2017-02-24T10:46:07Z" user="gezginrocker" uid="1686268" lat="9.5734892" lon="100.0810805"/>
 <node id="252373022" visible="true" version="1" changeset="331652" timestamp="2008-03-16T09:58:12Z" user="andrewpmk" uid="1679" lat="9.5744254" lon="100.0804261"/>
 <node id="252373023" visible="true" version="1" changeset="331652" timestamp="2008-03-16T09:58:12Z" user="andrewpmk" uid="1679" lat="9.5749756" lon="100.0802115"/>
 <node id="252373024" visible="true" version="2" changeset="46363760" timestamp="2017-02-24T10:46:07Z" user="gezginrocker" uid="1686268" lat="9.5753458" lon="100.0803510"/>
 <node id="252373025" visible="true" version="1" changeset="331652" timestamp="2008-03-16T09:58:12Z" user="andrewpmk" uid="1679" lat="9.5766259" lon="100.0805978"/>
 <node id="252373026" visible="true" version="1" changeset="331652" timestamp="2008-03-16T09:58:12Z" user="andrewpmk" uid="1679" lat="9.5772607" lon="100.0807265"/>
 <node id="252373027" visible="true" version="2" changeset="46363760" timestamp="2017-02-24T10:46:07Z" user="gezginrocker" uid="1686268" lat="9.5782658" lon="100.0808016"/>
 <node id="252373028" visible="true" version="2" changeset="46363760" timestamp="2017-02-24T10:46:07Z" user="gezginrocker" uid="1686268" lat="9.5783715" lon="100.0804583"/>
 <node id="252373029" visible="true" version="2" changeset="46363760" timestamp="2017-02-24T10:46:07Z" user="gezginrocker" uid="1686268" lat="9.5787417" lon="100.0803725"/>
 <node id="252373030" visible="true" version="2" changeset="46363760" timestamp="2017-02-24T10:46:07Z" user="gezginrocker" uid="1686268" lat="9.5792920" lon="100.0804369"/>
 <node id="252373031" visible="true" version="2" changeset="46363760" timestamp="2017-02-24T10:46:07Z" user="gezginrocker" uid="1686268" lat="9.5795776" lon="100.0805656"/>
 <node id="252373032" visible="true" version="1" changeset="331652" timestamp="2008-03-16T09:58:12Z" user="andrewpmk" uid="1679" lat="9.5797151" lon="100.0808553"/>
 <node id="252373033" visible="true" version="2" changeset="46363760" timestamp="2017-02-24T10:46:07Z" user="gezginrocker" uid="1686268" lat="9.5799161" lon="100.0812952"/>
 <node id="252373034" visible="true" version="2" changeset="46363760" timestamp="2017-02-24T10:46:07Z" user="gezginrocker" uid="1686268" lat="9.5805191" lon="100.0817458"/>
 <node id="252373035" visible="true" version="2" changeset="46363760" timestamp="2017-02-24T10:46:07Z" user="gezginrocker" uid="1686268" lat="9.5811115" lon="100.0818102"/>
 <node id="252373036" visible="true" version="2" changeset="46363760" timestamp="2017-02-24T10:46:07Z" user="gezginrocker" uid="1686268" lat="9.5821589" lon="100.0816277"/>
 <node id="252373037" visible="true" version="2" changeset="46363760" timestamp="2017-02-24T10:46:07Z" user="gezginrocker" uid="1686268" lat="9.5829259" lon="100.0808768"/>
 <node id="252373038" visible="true" version="1" changeset="331652" timestamp="2008-03-16T09:58:12Z" user="andrewpmk" uid="1679" lat="9.5829735" lon="100.0804690"/>
 <node id="252373039" visible="true" version="1" changeset="331652" timestamp="2008-03-16T09:58:12Z" user="andrewpmk" uid="1679" lat="9.5831004" lon="100.0799540"/>
 <node id="252373040" visible="true" version="2" changeset="46363760" timestamp="2017-02-24T10:46:07Z" user="gezginrocker" uid="1686268" lat="9.5833332" lon="100.0799004"/>
 <node id="252373041" visible="true" version="2" changeset="46363760" timestamp="2017-02-24T10:46:07Z" user="gezginrocker" uid="1686268" lat="9.5845682" lon="100.0800238"/>
 <node id="252373042" visible="true" version="2" changeset="46363760" timestamp="2017-02-24T10:46:07Z" user="gezginrocker" uid="1686268" lat="9.5843594" lon="100.0803725"/>
 <node id="252373043" visible="true" version="2" changeset="46363760" timestamp="2017-02-24T10:46:08Z" user="gezginrocker" uid="1686268" lat="9.5845180" lon="100.0805227"/>
 <node id="252373044" visible="true" version="2" changeset="46363760" timestamp="2017-02-24T10:46:08Z" user="gezginrocker" uid="1686268" lat="9.5850152" lon="100.0805871"/>
 <node id="252373045" visible="true" version="2" changeset="46363760" timestamp="2017-02-24T10:46:08Z" user="gezginrocker" uid="1686268" lat="9.5855442" lon="100.0802866"/>
 <node id="252373046" visible="true" version="2" changeset="46363760" timestamp="2017-02-24T10:46:08Z" user="gezginrocker" uid="1686268" lat="9.5858721" lon="100.0801257"/>
 <node id="252373047" visible="true" version="2" changeset="46363760" timestamp="2017-02-24T10:46:08Z" user="gezginrocker" uid="1686268" lat="9.5865915" lon="100.0804986"/>
 <node id="252373048" visible="true" version="2" changeset="46363760" timestamp="2017-02-24T10:46:08Z" user="gezginrocker" uid="1686268" lat="9.5874405" lon="100.0805790"/>
 <node id="252373049" visible="true" version="2" changeset="46363760" timestamp="2017-02-24T10:46:08Z" user="gezginrocker" uid="1686268" lat="9.5882525" lon="100.0803510"/>
 <node id="252373050" visible="true" version="1" changeset="331652" timestamp="2008-03-16T09:58:12Z" user="andrewpmk" uid="1679" lat="9.5886015" lon="100.0796536"/>
 <node id="252373051" visible="true" version="2" changeset="162093547" timestamp="2025-02-03T16:22:39Z" user="caigner" uid="473925" lat="9.5885923" lon="100.0791514"/>
 <node id="252373052" visible="true" version="2" changeset="162093547" timestamp="2025-02-03T16:22:39Z" user="caigner" uid="473925" lat="9.5880686" lon="100.0788054"/>
 <node id="252373053" visible="true" version="3" changeset="162529907" timestamp="2025-02-15T09:48:36Z" user="kevinp2" uid="956637" lat="9.5873466" lon="100.0781482"/>
 <node id="252373054" visible="true" version="2" changeset="162093547" timestamp="2025-02-03T16:22:39Z" user="caigner" uid="473925" lat="9.5871774" lon="100.0773221"/>
 <node id="252373055" visible="true" version="2" changeset="162093547" timestamp="2025-02-03T16:22:39Z" user="caigner" uid="473925" lat="9.5872990" lon="100.0768715"/>
 <node id="252373056" visible="true" version="2" changeset="162093547" timestamp="2025-02-03T16:22:39Z" user="caigner" uid="473925" lat="9.5872329" lon="100.0764987"/>
 <node id="252373057" visible="true" version="2" changeset="162093547" timestamp="2025-02-03T16:22:39Z" user="caigner" uid="473925" lat="9.5868838" lon="100.0762492"/>
 <node id="252373058" visible="true" version="2" changeset="162093547" timestamp="2025-02-03T16:22:39Z" user="caigner" uid="473925" lat="9.5866749" lon="100.0759757"/>
 <node id="252373059" visible="true" version="2" changeset="162093547" timestamp="2025-02-03T16:22:39Z" user="caigner" uid="473925" lat="9.5868124" lon="100.0746560"/>
 <node id="252373060" visible="true" version="2" changeset="162093547" timestamp="2025-02-03T16:22:39Z" user="caigner" uid="473925" lat="9.5871403" lon="100.0739050"/>
 <node id="252373061" visible="true" version="2" changeset="162093547" timestamp="2025-02-03T16:22:39Z" user="caigner" uid="473925" lat="9.5878888" lon="100.0733846"/>
 <node id="252373062" visible="true" version="2" changeset="162093547" timestamp="2025-02-03T16:22:39Z" user="caigner" uid="473925" lat="9.5884958" lon="100.0730420"/>
 <node id="252374797" visible="true" version="2" changeset="162093547" timestamp="2025-02-03T16:22:39Z" user="caigner" uid="473925" lat="9.5893672" lon="100.0729528"/>
 <node id="252374798" visible="true" version="1" changeset="331652" timestamp="2008-03-16T10:06:45Z" user="andrewpmk" uid="1679" lat="9.5896171" lon="100.0727443"/>
 <node id="252374799" visible="true" version="3" changeset="162093547" timestamp="2025-02-03T16:22:39Z" user="caigner" uid="473925" lat="9.5899041" lon="100.0725961"/>
 <node id="252374800" visible="true" version="3" changeset="162093547" timestamp="2025-02-03T16:22:39Z" user="caigner" uid="473925" lat="9.5901950" lon="100.0721857"/>
 <node id="252374803" visible="true" version="3" changeset="162093547" timestamp="2025-02-03T16:22:39Z" user="caigner" uid="473925" lat="9.5902135" lon="100.0714588"/>
 <node id="252374804" visible="true" version="2" changeset="162093547" timestamp="2025-02-03T16:22:39Z" user="caigner" uid="473925" lat="9.5896687" lon="100.0706944"/>
 <node id="252374805" visible="true" version="2" changeset="46363760" timestamp="2017-02-24T10:46:08Z" user="gezginrocker" uid="1686268" lat="9.5895113" lon="100.0704590"/>
 <node id="252374806" visible="true" version="3" changeset="162093547" timestamp="2025-02-03T16:22:39Z" user="caigner" uid="473925" lat="9.5897255" lon="100.0698234"/>
 <node id="252374807" visible="true" version="2" changeset="46363760" timestamp="2017-02-24T10:46:08Z" user="gezginrocker" uid="1686268" lat="9.5906115" lon="100.0690803"/>
 <node id="252374808" visible="true" version="4" changeset="162093547" timestamp="2025-02-03T16:22:39Z" user="caigner" uid="473925" lat="9.5910921" lon="100.0689382"/>
 <node id="252374809" visible="true" version="3" changeset="162093547" timestamp="2025-02-03T16:22:39Z" user="caigner" uid="473925" lat="9.5917263" lon="100.0690770"/>
 <node id="252374810" visible="true" version="2" changeset="46363760" timestamp="2017-02-24T10:46:08Z" user="gezginrocker" uid="1686268" lat="9.5924416" lon="100.0694934"/>
 <node id="252374811" visible="true" version="3" changeset="162093547" timestamp="2025-02-03T16:22:39Z" user="caigner" uid="473925" lat="9.5930645" lon="100.0695732"/>
 <node id="252374812" visible="true" version="3" changeset="46363760" timestamp="2017-02-24T10:46:08Z" user="gezginrocker" uid="1686268" lat="9.5934087" lon="100.0696876"/>
 <node id="252375037" visible="true" version="4" changeset="11973629" timestamp="2012-06-21T22:24:59Z" user="sturmflut" uid="5862" lat="9.4198588" lon="99.9571567">
  <tag k="source" v="Bing"/>
 </node>
 <node id="252375038" visible="true" version="4" changeset="44758135" timestamp="2016-12-29T14:04:39Z" user="misht" uid="615059" lat="9.4190418" lon="99.9585980">
  <tag k="source" v="Bing"/>
 </node>
 <node id="252375039" visible="true" version="3" changeset="11973629" timestamp="2012-06-21T22:24:59Z" user="sturmflut" uid="5862" lat="9.4183238" lon="99.9593158">
  <tag k="source" v="Bing"/>
 </node>
 <node id="252375040" visible="true" version="4" changeset="11973629" timestamp="2012-06-21T22:24:59Z" user="sturmflut" uid="5862" lat="9.4173609" lon="99.9599105">
  <tag k="source" v="Bing"/>
 </node>
 <node id="252375041" visible="true" version="4" changeset="11973629" timestamp="2012-06-21T22:24:59Z" user="sturmflut" uid="5862" lat="9.4168096" lon="99.9602576">
  <tag k="source" v="Bing"/>
 </node>
 <node id="252375042" visible="true" version="4" changeset="11973629" timestamp="2012-06-21T22:25:00Z" user="sturmflut" uid="5862" lat="9.4161550" lon="99.9599346">
  <tag k="source" v="Bing"/>
 </node>
 <node id="252375043" visible="true" version="4" changeset="11973629" timestamp="2012-06-21T22:25:00Z" user="sturmflut" uid="5862" lat="9.4159180" lon="99.9600470">
  <tag k="source" v="Bing"/>
 </node>
 <node id="252375044" visible="true" version="4" changeset="11973629" timestamp="2012-06-21T22:25:00Z" user="sturmflut" uid="5862" lat="9.4153234" lon="99.9605728">
  <tag k="source" v="Bing"/>
 </node>
 <node id="252375045" visible="true" version="4" changeset="11973629" timestamp="2012-06-21T22:25:00Z" user="sturmflut" uid="5862" lat="9.4148030" lon="99.9614863">
  <tag k="source" v="Bing"/>
 </node>
 <node id="252375046" visible="true" version="4" changeset="11973629" timestamp="2012-06-21T22:25:00Z" user="sturmflut" uid="5862" lat="9.4132622" lon="99.9622279">
  <tag k="source" v="Bing"/>
 </node>
 <node id="252375047" visible="true" version="3" changeset="11973629" timestamp="2012-06-21T22:25:01Z" user="sturmflut" uid="5862" lat="9.4114446" lon="99.9623518">
  <tag k="source" v="Bing"/>
 </node>
 <node id="252375048" visible="true" version="1" changeset="331652" timestamp="2008-03-16T10:06:45Z" user="andrewpmk" uid="1679" lat="9.4109136" lon="99.9625806"/>
 <node id="252375049" visible="true" version="3" changeset="12209208" timestamp="2012-07-13T19:15:10Z" user="sturmflut" uid="5862" lat="9.4104966" lon="99.9630063">
  <tag k="source" v="Bing"/>
 </node>
 <node id="252375050" visible="true" version="3" changeset="12209208" timestamp="2012-07-13T19:15:10Z" user="sturmflut" uid="5862" lat="9.4101360" lon="99.9642885">
  <tag k="source" v="Bing"/>
 </node>
 <node id="252375051" visible="true" version="4" changeset="12209208" timestamp="2012-07-13T19:15:10Z" user="sturmflut" uid="5862" lat="9.4090687" lon="99.9647864">
  <tag k="source" v="Bing"/>
 </node>
 <node id="252375052" visible="true" version="4" changeset="12209208" timestamp="2012-07-13T19:15:10Z" user="sturmflut" uid="5862" lat="9.4088156" lon="99.9650621">
  <tag k="source" v="Bing"/>
 </node>
 <node id="252375053" visible="true" version="1" changeset="331652" timestamp="2008-03-16T10:06:45Z" user="andrewpmk" uid="1679" lat="9.4086697" lon="99.9654130"/>
 <node id="252375054" visible="true" version="3" changeset="12209208" timestamp="2012-07-13T19:15:10Z" user="sturmflut" uid="5862" lat="9.4090333" lon="99.9664646">
  <tag k="source" v="Bing"/>
 </node>
 <node id="252375055" visible="true" version="3" changeset="12209208" timestamp="2012-07-13T19:15:13Z" user="sturmflut" uid="5862" lat="9.4094249" lon="99.9662895">
  <tag k="source" v="Bing"/>
 </node>
 <node id="252375056" visible="true" version="3" changeset="12209208" timestamp="2012-07-13T19:15:13Z" user="sturmflut" uid="5862" lat="9.4103447" lon="99.9669358">
  <tag k="source" v="Bing"/>
 </node>
 <node id="252375057" visible="true" version="3" changeset="12209208" timestamp="2012-07-13T19:15:13Z" user="sturmflut" uid="5862" lat="9.4104573" lon="99.9681795">
  <tag k="source" v="Bing"/>
 </node>
 <node id="252375058" visible="true" version="5" changeset="53420132" timestamp="2017-11-01T10:47:21Z" user="misht" uid="615059" lat="9.4113820" lon="99.9688362">
  <tag k="source" v="Bing"/>
 </node>
 <node id="252375059" visible="true" version="4" changeset="12209208" timestamp="2012-07-13T19:15:13Z" user="sturmflut" uid="5862" lat="9.4113910" lon="99.9690358">
  <tag k="source" v="Bing"/>
 </node>
 <node id="252375060" visible="true" version="4" changeset="12209208" timestamp="2012-07-13T19:15:14Z" user="sturmflut" uid="5862" lat="9.4117250" lon="99.9693324">
  <tag k="source" v="Bing"/>
 </node>
 <node id="252375061" visible="true" version="5" changeset="12209208" timestamp="2012-07-13T19:15:14Z" user="sturmflut" uid="5862" lat="9.4124842" lon="99.9707883">
  <tag k="source" v="Bing"/>
 </node>
 <node id="252375062" visible="true" version="4" changeset="12209208" timestamp="2012-07-13T19:15:14Z" user="sturmflut" uid="5862" lat="9.4142908" lon="99.9730044">
  <tag k="source" v="Bing"/>
 </node>
 <node id="252375063" visible="true" version="2" changeset="10977492" timestamp="2012-03-14T12:54:07Z" user="herbstman" uid="625474" lat="9.4161702" lon="99.9753075"/>
 <node id="252375064" visible="true" version="4" changeset="53420132" timestamp="2017-11-01T10:47:21Z" user="misht" uid="615059" lat="9.4181891" lon="99.9783432">
  <tag k="source" v="Bing"/>
 </node>
 <node id="252375065" visible="true" version="4" changeset="12209208" timestamp="2012-07-13T19:15:14Z" user="sturmflut" uid="5862" lat="9.4200260" lon="99.9817782">
  <tag k="source" v="Bing"/>
 </node>
 <node id="252375066" visible="true" version="3" changeset="12209208" timestamp="2012-07-13T19:15:14Z" user="sturmflut" uid="5862" lat="9.4214842" lon="99.9845804">
  <tag k="source" v="Bing"/>
 </node>
 <node id="252375067" visible="true" version="3" changeset="12209208" timestamp="2012-07-13T19:15:17Z" user="sturmflut" uid="5862" lat="9.4219509" lon="99.9866361">
  <tag k="source" v="Bing"/>
 </node>
 <node id="252375068" visible="true" version="3" changeset="12209208" timestamp="2012-07-13T19:15:17Z" user="sturmflut" uid="5862" lat="9.4223467" lon="99.9883248">
  <tag k="source" v="Bing"/>
 </node>
 <node id="252375069" visible="true" version="3" changeset="12209208" timestamp="2012-07-13T19:15:17Z" user="sturmflut" uid="5862" lat="9.4225372" lon="99.9916960">
  <tag k="source" v="Bing"/>
 </node>
 <node id="252375070" visible="true" version="1" changeset="331652" timestamp="2008-03-16T10:06:45Z" user="andrewpmk" uid="1679" lat="9.4226410" lon="99.9921063"/>
 <node id="252375071" visible="true" version="3" changeset="12209208" timestamp="2012-07-13T19:15:17Z" user="sturmflut" uid="5862" lat="9.4229189" lon="99.9936792">
  <tag k="source" v="Bing"/>
 </node>
 <node id="252375072" visible="true" version="1" changeset="331652" timestamp="2008-03-16T10:06:45Z" user="andrewpmk" uid="1679" lat="9.4231490" lon="99.9951962"/>
 <node id="252375073" visible="true" version="4" changeset="12209208" timestamp="2012-07-13T19:15:18Z" user="sturmflut" uid="5862" lat="9.4233455" lon="99.9961941">
  <tag k="source" v="Bing"/>
 </node>
 <node id="252375075" visible="true" version="3" changeset="12209208" timestamp="2012-07-13T19:15:18Z" user="sturmflut" uid="5862" lat="9.4241514" lon="99.9999097">
  <tag k="source" v="Bing"/>
 </node>
 <node id="252375076" visible="true" version="3" changeset="12209208" timestamp="2012-07-13T19:15:18Z" user="sturmflut" uid="5862" lat="9.4241982" lon="100.0003046">
  <tag k="source" v="Bing"/>
 </node>
 <node id="252375077" visible="true" version="3" changeset="12209208" timestamp="2012-07-13T19:15:18Z" user="sturmflut" uid="5862" lat="9.4230668" lon="100.0012918">
  <tag k="source" v="Bing"/>
 </node>
 <node id="252375078" visible="true" version="3" changeset="12209208" timestamp="2012-07-13T19:15:18Z" user="sturmflut" uid="5862" lat="9.4222005" lon="100.0030987">
  <tag k="source" v="Bing"/>
 </node>
 <node id="252375080" visible="true" version="3" changeset="12209208" timestamp="2012-07-13T19:15:18Z" user="sturmflut" uid="5862" lat="9.4215600" lon="100.0034223">
  <tag k="source" v="Bing"/>
 </node>
 <node id="252375081" visible="true" version="3" changeset="12209208" timestamp="2012-07-13T19:15:18Z" user="sturmflut" uid="5862" lat="9.4215646" lon="100.0060538">
  <tag k="source" v="Bing"/>
 </node>
 <node id="252375082" visible="true" version="3" changeset="12209208" timestamp="2012-07-13T19:15:21Z" user="sturmflut" uid="5862" lat="9.4212834" lon="100.0068824">
  <tag k="source" v="Bing"/>
 </node>
 <node id="252375083" visible="true" version="3" changeset="12209208" timestamp="2012-07-13T19:15:21Z" user="sturmflut" uid="5862" lat="9.4200518" lon="100.0080441">
  <tag k="source" v="Bing"/>
 </node>
 <node id="252375084" visible="true" version="1" changeset="331652" timestamp="2008-03-16T10:06:45Z" user="andrewpmk" uid="1679" lat="9.4198044" lon="100.0090150"/>
 <node id="252375085" visible="true" version="3" changeset="12209208" timestamp="2012-07-13T19:15:21Z" user="sturmflut" uid="5862" lat="9.4201605" lon="100.0099852">
  <tag k="source" v="Bing"/>
 </node>
 <node id="252375086" visible="true" version="3" changeset="12209208" timestamp="2012-07-13T19:15:21Z" user="sturmflut" uid="5862" lat="9.4203224" lon="100.0110823">
  <tag k="source" v="Bing"/>
 </node>
 <node id="252375087" visible="true" version="3" changeset="12209208" timestamp="2012-07-13T19:15:22Z" user="sturmflut" uid="5862" lat="9.4203616" lon="100.0118107">
  <tag k="source" v="Bing"/>
 </node>
 <node id="252375088" visible="true" version="3" changeset="12209208" timestamp="2012-07-13T19:15:22Z" user="sturmflut" uid="5862" lat="9.4220321" lon="100.0138135">
  <tag k="source" v="Bing"/>
 </node>
 <node id="252375089" visible="true" version="3" changeset="12209208" timestamp="2012-07-13T19:15:22Z" user="sturmflut" uid="5862" lat="9.4232132" lon="100.0146896">
  <tag k="source" v="Bing"/>
 </node>
 <node id="252375090" visible="true" version="3" changeset="12209208" timestamp="2012-07-13T19:15:22Z" user="sturmflut" uid="5862" lat="9.4236226" lon="100.0152643">
  <tag k="source" v="Bing"/>
 </node>
 <node id="252375091" visible="true" version="3" changeset="12209208" timestamp="2012-07-13T19:15:22Z" user="sturmflut" uid="5862" lat="9.4238743" lon="100.0159602">
  <tag k="source" v="Bing"/>
 </node>
 <node id="252375092" visible="true" version="5" changeset="12809847" timestamp="2012-08-21T15:28:43Z" user="sturmflut" uid="5862" lat="9.4242795" lon="100.0169427">
  <tag k="source" v="Bing"/>
 </node>
 <node id="252375093" visible="true" version="4" changeset="46364458" timestamp="2017-02-24T11:15:40Z" user="gezginrocker" uid="1686268" lat="9.4252142" lon="100.0164985">
  <tag k="source" v="Bing"/>
 </node>
 <node id="252375094" visible="true" version="3" changeset="12209208" timestamp="2012-07-13T19:15:22Z" user="sturmflut" uid="5862" lat="9.4266173" lon="100.0167846">
  <tag k="source" v="Bing"/>
 </node>
 <node id="252375095" visible="true" version="3" changeset="12209208" timestamp="2012-07-13T19:15:25Z" user="sturmflut" uid="5862" lat="9.4274351" lon="100.0172334">
  <tag k="source" v="Bing"/>
 </node>
 <node id="252375096" visible="true" version="4" changeset="46364458" timestamp="2017-02-24T11:15:40Z" user="gezginrocker" uid="1686268" lat="9.4312045" lon="100.0193801">
  <tag k="source" v="Bing"/>
 </node>
 <node id="252375097" visible="true" version="3" changeset="12209208" timestamp="2012-07-13T19:15:25Z" user="sturmflut" uid="5862" lat="9.4315516" lon="100.0196230">
  <tag k="source" v="Bing"/>
 </node>
 <node id="252375098" visible="true" version="3" changeset="12209208" timestamp="2012-07-13T19:15:25Z" user="sturmflut" uid="5862" lat="9.4333690" lon="100.0209897">
  <tag k="source" v="Bing"/>
 </node>
 <node id="252375099" visible="true" version="4" changeset="12209208" timestamp="2012-07-13T19:15:26Z" user="sturmflut" uid="5862" lat="9.4338724" lon="100.0212779">
  <tag k="source" v="Bing"/>
 </node>
 <node id="252375100" visible="true" version="2" changeset="10980227" timestamp="2012-03-14T17:44:04Z" user="herbstman" uid="625474" lat="9.4354949" lon="100.0216725"/>
 <node id="252375101" visible="true" version="2" changeset="10980227" timestamp="2012-03-14T17:44:04Z" user="herbstman" uid="625474" lat="9.4372568" lon="100.0225815"/>
 <node id="252375102" visible="true" version="5" changeset="149394025" timestamp="2024-03-31T14:53:01Z" user="Sal73x" uid="1293386" lat="9.4377455" lon="100.0228820">
  <tag k="source" v="Bing"/>
 </node>
 <node id="252375103" visible="true" version="5" changeset="46364458" timestamp="2017-02-24T11:15:40Z" user="gezginrocker" uid="1686268" lat="9.4389372" lon="100.0232232">
  <tag k="source" v="Bing"/>
 </node>
 <node id="252375104" visible="true" version="4" changeset="46364458" timestamp="2017-02-24T11:15:40Z" user="gezginrocker" uid="1686268" lat="9.4393992" lon="100.0233067">
  <tag k="source" v="Bing"/>
 </node>
 <node id="252375105" visible="true" version="6" changeset="149394025" timestamp="2024-03-31T14:53:01Z" user="Sal73x" uid="1293386" lat="9.4415149" lon="100.0235740">
  <tag k="source" v="Bing"/>
 </node>
 <node id="252375107" visible="true" version="4" changeset="12209208" timestamp="2012-07-13T19:15:26Z" user="sturmflut" uid="5862" lat="9.4442748" lon="100.0246818">
  <tag k="source" v="Bing"/>
 </node>
 <node id="252375108" visible="true" version="5" changeset="52557127" timestamp="2017-10-02T08:35:20Z" user="misht" uid="615059" lat="9.4460641" lon="100.0263521">
  <tag k="source" v="Bing"/>
 </node>
 <node id="252375109" visible="true" version="4" changeset="12209208" timestamp="2012-07-13T19:15:29Z" user="sturmflut" uid="5862" lat="9.4477882" lon="100.0274904">
  <tag k="source" v="Bing"/>
 </node>
 <node id="252375110" visible="true" version="4" changeset="46364458" timestamp="2017-02-24T11:15:40Z" user="gezginrocker" uid="1686268" lat="9.4495117" lon="100.0276463">
  <tag k="source" v="Bing"/>
 </node>
 <node id="252375111" visible="true" version="5" changeset="52557420" timestamp="2017-10-02T08:48:43Z" user="misht" uid="615059" lat="9.4503001" lon="100.0280392">
  <tag k="source" v="Bing"/>
 </node>
 <node id="252375112" visible="true" version="3" changeset="11973629" timestamp="2012-06-21T22:25:01Z" user="sturmflut" uid="5862" lat="9.4506084" lon="100.0305710">
  <tag k="source" v="Bing"/>
 </node>
 <node id="252375113" visible="true" version="5" changeset="13019288" timestamp="2012-09-07T06:51:42Z" user="sturmflut" uid="5862" lat="9.4506476" lon="100.0326673">
  <tag k="source" v="Bing"/>
 </node>
 <node id="252375114" visible="true" version="4" changeset="46364458" timestamp="2017-02-24T11:15:40Z" user="gezginrocker" uid="1686268" lat="9.4504769" lon="100.0335393">
  <tag k="source" v="Bing"/>
 </node>
 <node id="252375115" visible="true" version="4" changeset="46364278" timestamp="2017-02-24T11:08:14Z" user="gezginrocker" uid="1686268" lat="9.4507496" lon="100.0338351">
  <tag k="source" v="Bing"/>
 </node>
 <node id="252375116" visible="true" version="4" changeset="46364278" timestamp="2017-02-24T11:08:14Z" user="gezginrocker" uid="1686268" lat="9.4510398" lon="100.0340928">
  <tag k="source" v="Bing"/>
 </node>
 <node id="252375117" visible="true" version="3" changeset="11973629" timestamp="2012-06-21T22:25:02Z" user="sturmflut" uid="5862" lat="9.4512769" lon="100.0344380">
  <tag k="source" v="Bing"/>
 </node>
 <node id="252375118" visible="true" version="3" changeset="11973629" timestamp="2012-06-21T22:25:02Z" user="sturmflut" uid="5862" lat="9.4513510" lon="100.0346556">
  <tag k="source" v="Bing"/>
 </node>
 <node id="252375119" visible="true" version="3" changeset="11973629" timestamp="2012-06-21T22:25:02Z" user="sturmflut" uid="5862" lat="9.4513110" lon="100.0347382">
  <tag k="source" v="Bing"/>
 </node>
 <node id="252375120" visible="true" version="4" changeset="46364458" timestamp="2017-02-24T11:15:40Z" user="gezginrocker" uid="1686268" lat="9.4520026" lon="100.0358537">
  <tag k="source" v="Bing"/>
 </node>
 <node id="252375121" visible="true" version="5" changeset="13033608" timestamp="2012-09-08T13:29:13Z" user="sturmflut" uid="5862" lat="9.4524844" lon="100.0366602">
  <tag k="source" v="Bing"/>
 </node>
 <node id="252375122" visible="true" version="3" changeset="11973629" timestamp="2012-06-21T22:25:02Z" user="sturmflut" uid="5862" lat="9.4528846" lon="100.0373026">
  <tag k="source" v="Bing"/>
 </node>
 <node id="252375123" visible="true" version="3" changeset="11973629" timestamp="2012-06-21T22:25:02Z" user="sturmflut" uid="5862" lat="9.4526625" lon="100.0379056">
  <tag k="source" v="Bing"/>
 </node>
 <node id="252375124" visible="true" version="4" changeset="13033608" timestamp="2012-09-08T13:29:13Z" user="sturmflut" uid="5862" lat="9.4524393" lon="100.0380301">
  <tag k="source" v="Bing"/>
 </node>
 <node id="252375125" visible="true" version="1" changeset="331652" timestamp="2008-03-16T10:06:45Z" user="andrewpmk" uid="1679" lat="9.4519788" lon="100.0386695"/>
 <node id="252375127" visible="true" version="4" changeset="46364278" timestamp="2017-02-24T11:08:14Z" user="gezginrocker" uid="1686268" lat="9.4532280" lon="100.0400348">
  <tag k="source" v="Bing"/>
 </node>
 <node id="252375128" visible="true" version="4" changeset="11973629" timestamp="2012-06-21T22:25:03Z" user="sturmflut" uid="5862" lat="9.4636723" lon="100.0459146">
  <tag k="source" v="Bing"/>
 </node>
 <node id="252375129" visible="true" version="4" changeset="46364008" timestamp="2017-02-24T10:56:59Z" user="gezginrocker" uid="1686268" lat="9.4680025" lon="100.0493719">
  <tag k="source" v="Bing"/>
 </node>
 <node id="252375130" visible="true" version="4" changeset="46364008" timestamp="2017-02-24T10:56:59Z" user="gezginrocker" uid="1686268" lat="9.4697221" lon="100.0520248">
  <tag k="source" v="Bing"/>
 </node>
 <node id="252375131" visible="true" version="5" changeset="46364008" timestamp="2017-02-24T10:56:59Z" user="gezginrocker" uid="1686268" lat="9.4709549" lon="100.0547607">
  <tag k="source" v="Bing"/>
 </node>
 <node id="252375132" visible="true" version="4" changeset="46363953" timestamp="2017-02-24T10:54:58Z" user="gezginrocker" uid="1686268" lat="9.4712830" lon="100.0595081">
  <tag k="source" v="Bing"/>
 </node>
 <node id="252375133" visible="true" version="5" changeset="46363953" timestamp="2017-02-24T10:54:58Z" user="gezginrocker" uid="1686268" lat="9.4713888" lon="100.0617530">
  <tag k="source" v="Bing"/>
 </node>
 <node id="252375134" visible="true" version="5" changeset="52406313" timestamp="2017-09-27T08:18:06Z" user="misht" uid="615059" lat="9.4713071" lon="100.0641753">
  <tag k="source" v="Bing"/>
 </node>
 <node id="252375135" visible="true" version="2" changeset="46363953" timestamp="2017-02-24T10:54:58Z" user="gezginrocker" uid="1686268" lat="9.4703771" lon="100.0650463"/>
 <node id="252375136" visible="true" version="2" changeset="52406313" timestamp="2017-09-27T08:18:06Z" user="misht" uid="615059" lat="9.4702039" lon="100.0655405"/>
 <node id="252375137" visible="true" version="3" changeset="52406313" timestamp="2017-09-27T08:18:06Z" user="misht" uid="615059" lat="9.4698825" lon="100.0658275"/>
 <node id="252375138" visible="true" version="2" changeset="46363953" timestamp="2017-02-24T10:54:58Z" user="gezginrocker" uid="1686268" lat="9.4693665" lon="100.0672082"/>
 <node id="252375140" visible="true" version="4" changeset="52406313" timestamp="2017-09-27T08:18:06Z" user="misht" uid="615059" lat="9.4690663" lon="100.0679384"/>
 <node id="252375141" visible="true" version="3" changeset="52406313" timestamp="2017-09-27T08:18:06Z" user="misht" uid="615059" lat="9.4687885" lon="100.0683367"/>
 <node id="252375142" visible="true" version="2" changeset="46363953" timestamp="2017-02-24T10:54:58Z" user="gezginrocker" uid="1686268" lat="9.4678849" lon="100.0684956"/>
 <node id="252375143" visible="true" version="3" changeset="52406313" timestamp="2017-09-27T08:18:06Z" user="misht" uid="615059" lat="9.4667791" lon="100.0688209"/>
 <node id="252375144" visible="true" version="3" changeset="52406313" timestamp="2017-09-27T08:18:06Z" user="misht" uid="615059" lat="9.4667407" lon="100.0692943"/>
 <node id="252375145" visible="true" version="3" changeset="52406313" timestamp="2017-09-27T08:18:06Z" user="misht" uid="615059" lat="9.4669233" lon="100.0704583"/>
 <node id="252375146" visible="true" version="3" changeset="52406313" timestamp="2017-09-27T08:18:06Z" user="misht" uid="615059" lat="9.4672751" lon="100.0708231"/>
 <node id="252375147" visible="true" version="3" changeset="52406313" timestamp="2017-09-27T08:18:07Z" user="misht" uid="615059" lat="9.4680874" lon="100.0712228"/>
 <node id="252375148" visible="true" version="4" changeset="52406313" timestamp="2017-09-27T08:18:07Z" user="misht" uid="615059" lat="9.4689485" lon="100.0711839"/>
 <node id="252375149" visible="true" version="3" changeset="46363953" timestamp="2017-02-24T10:54:59Z" user="gezginrocker" uid="1686268" lat="9.4693287" lon="100.0715975"/>
 <node id="252375150" visible="true" version="1" changeset="331652" timestamp="2008-03-16T10:06:45Z" user="andrewpmk" uid="1679" lat="9.4695041" lon="100.0719718"/>
 <node id="252375151" visible="true" version="2" changeset="46364278" timestamp="2017-02-24T11:08:14Z" user="gezginrocker" uid="1686268" lat="9.4693982" lon="100.0729589"/>
 <node id="252375152" visible="true" version="2" changeset="46364278" timestamp="2017-02-24T11:08:14Z" user="gezginrocker" uid="1686268" lat="9.4698904" lon="100.0732325"/>
 <node id="252375153" visible="true" version="2" changeset="46364278" timestamp="2017-02-24T11:08:14Z" user="gezginrocker" uid="1686268" lat="9.4701973" lon="100.0736187"/>
 <node id="252375154" visible="true" version="2" changeset="46364278" timestamp="2017-02-24T11:08:14Z" user="gezginrocker" uid="1686268" lat="9.4706365" lon="100.0741175"/>
 <node id="252375156" visible="true" version="2" changeset="46364278" timestamp="2017-02-24T11:08:14Z" user="gezginrocker" uid="1686268" lat="9.4718534" lon="100.0738279"/>
 <node id="252375157" visible="true" version="2" changeset="46364278" timestamp="2017-02-24T11:08:14Z" user="gezginrocker" uid="1686268" lat="9.4725254" lon="100.0731788"/>
 <node id="252375159" visible="true" version="2" changeset="46364278" timestamp="2017-02-24T11:08:14Z" user="gezginrocker" uid="1686268" lat="9.4727212" lon="100.0726048"/>
 <node id="252375160" visible="true" version="2" changeset="46363953" timestamp="2017-02-24T10:54:59Z" user="gezginrocker" uid="1686268" lat="9.4728694" lon="100.0719557"/>
 <node id="252375161" visible="true" version="2" changeset="46363953" timestamp="2017-02-24T10:54:59Z" user="gezginrocker" uid="1686268" lat="9.4732503" lon="100.0711779"/>
 <node id="252375162" visible="true" version="2" changeset="46363953" timestamp="2017-02-24T10:54:59Z" user="gezginrocker" uid="1686268" lat="9.4730386" lon="100.0708345"/>
 <node id="252375163" visible="true" version="2" changeset="46363953" timestamp="2017-02-24T10:54:59Z" user="gezginrocker" uid="1686268" lat="9.4734249" lon="100.0700728"/>
 <node id="252375164" visible="true" version="2" changeset="46363953" timestamp="2017-02-24T10:54:59Z" user="gezginrocker" uid="1686268" lat="9.4739328" lon="100.0698636"/>
 <node id="252375165" visible="true" version="2" changeset="46364278" timestamp="2017-02-24T11:08:14Z" user="gezginrocker" uid="1686268" lat="9.4743032" lon="100.0701050"/>
 <node id="252375166" visible="true" version="2" changeset="46363953" timestamp="2017-02-24T10:54:59Z" user="gezginrocker" uid="1686268" lat="9.4745573" lon="100.0704053"/>
 <node id="252375168" visible="true" version="2" changeset="46363953" timestamp="2017-02-24T10:54:59Z" user="gezginrocker" uid="1686268" lat="9.4748483" lon="100.0706736"/>
 <node id="252375169" visible="true" version="2" changeset="46363953" timestamp="2017-02-24T10:54:59Z" user="gezginrocker" uid="1686268" lat="9.4755044" lon="100.0710706"/>
 <node id="252375170" visible="true" version="2" changeset="46363953" timestamp="2017-02-24T10:54:59Z" user="gezginrocker" uid="1686268" lat="9.4772664" lon="100.0709954"/>
 <node id="252375171" visible="true" version="2" changeset="46364278" timestamp="2017-02-24T11:08:14Z" user="gezginrocker" uid="1686268" lat="9.4776632" lon="100.0703678"/>
 <node id="252375172" visible="true" version="1" changeset="331652" timestamp="2008-03-16T10:06:45Z" user="andrewpmk" uid="1679" lat="9.4776315" lon="100.0697831"/>
 <node id="252375173" visible="true" version="1" changeset="331652" timestamp="2008-03-16T10:06:45Z" user="andrewpmk" uid="1679" lat="9.4772505" lon="100.0692681"/>
 <node id="252375174" visible="true" version="4" changeset="46363953" timestamp="2017-02-24T10:54:59Z" user="gezginrocker" uid="1686268" lat="9.4771658" lon="100.0687665"/>
 <node id="252375175" visible="true" version="2" changeset="46363953" timestamp="2017-02-24T10:54:59Z" user="gezginrocker" uid="1686268" lat="9.4772082" lon="100.0675462"/>
 <node id="252375176" visible="true" version="4" changeset="46363953" timestamp="2017-02-24T10:54:59Z" user="gezginrocker" uid="1686268" lat="9.4783530" lon="100.0662138"/>
 <node id="252375178" visible="true" version="1" changeset="331652" timestamp="2008-03-16T10:06:45Z" user="andrewpmk" uid="1679" lat="9.4791976" lon="100.0668220"/>
 <node id="252375179" visible="true" version="1" changeset="331652" timestamp="2008-03-16T10:06:45Z" user="andrewpmk" uid="1679" lat="9.4808062" lon="100.0667790"/>
 <node id="252375180" visible="true" version="2" changeset="46364278" timestamp="2017-02-24T11:08:14Z" user="gezginrocker" uid="1686268" lat="9.4818750" lon="100.0671224"/>
 <node id="252375181" visible="true" version="2" changeset="46364278" timestamp="2017-02-24T11:08:14Z" user="gezginrocker" uid="1686268" lat="9.4821184" lon="100.0669721"/>
 <node id="252375182" visible="true" version="2" changeset="46364278" timestamp="2017-02-24T11:08:14Z" user="gezginrocker" uid="1686268" lat="9.4836475" lon="100.0673316"/>
 <node id="252375183" visible="true" version="2" changeset="46364278" timestamp="2017-02-24T11:08:14Z" user="gezginrocker" uid="1686268" lat="9.4851237" lon="100.0671062"/>
 <node id="252375184" visible="true" version="2" changeset="46364278" timestamp="2017-02-24T11:08:14Z" user="gezginrocker" uid="1686268" lat="9.4862295" lon="100.0669077"/>
 <node id="252375185" visible="true" version="1" changeset="331652" timestamp="2008-03-16T10:06:45Z" user="andrewpmk" uid="1679" lat="9.4880444" lon="100.0653199"/>
 <node id="252375186" visible="true" version="1" changeset="331652" timestamp="2008-03-16T10:06:45Z" user="andrewpmk" uid="1679" lat="9.4892719" lon="100.0637320"/>
 <node id="252375188" visible="true" version="4" changeset="54532122" timestamp="2017-12-11T07:50:43Z" user="misht" uid="615059" lat="9.4900166" lon="100.0621381"/>
 <node id="252375189" visible="true" version="3" changeset="54532122" timestamp="2017-12-11T07:50:43Z" user="misht" uid="615059" lat="9.4909478" lon="100.0615105"/>
 <node id="252375190" visible="true" version="2" changeset="46363953" timestamp="2017-02-24T10:54:59Z" user="gezginrocker" uid="1686268" lat="9.4913090" lon="100.0615594"/>
 <node id="252375191" visible="true" version="1" changeset="331652" timestamp="2008-03-16T10:06:45Z" user="andrewpmk" uid="1679" lat="9.4924465" lon="100.0617150"/>
 <node id="252375193" visible="true" version="1" changeset="331652" timestamp="2008-03-16T10:06:45Z" user="andrewpmk" uid="1679" lat="9.4932507" lon="100.0617150"/>
 <node id="252375194" visible="true" version="2" changeset="46363953" timestamp="2017-02-24T10:54:59Z" user="gezginrocker" uid="1686268" lat="9.4938380" lon="100.0619135"/>
 <node id="252375195" visible="true" version="2" changeset="46364278" timestamp="2017-02-24T11:08:14Z" user="gezginrocker" uid="1686268" lat="9.4942507" lon="100.0614522"/>
 <node id="252375196" visible="true" version="1" changeset="331652" timestamp="2008-03-16T10:06:45Z" user="andrewpmk" uid="1679" lat="9.4954517" lon="100.0614575"/>
 <node id="252375197" visible="true" version="1" changeset="331652" timestamp="2008-03-16T10:06:45Z" user="andrewpmk" uid="1679" lat="9.4965522" lon="100.0610713"/>
 <node id="252375198" visible="true" version="1" changeset="331652" timestamp="2008-03-16T10:06:45Z" user="andrewpmk" uid="1679" lat="9.4967216" lon="100.0610713"/>
 <node id="252375199" visible="true" version="2" changeset="46363953" timestamp="2017-02-24T10:54:59Z" user="gezginrocker" uid="1686268" lat="9.4976157" lon="100.0607977"/>
 <node id="252375200" visible="true" version="1" changeset="331652" timestamp="2008-03-16T10:06:45Z" user="andrewpmk" uid="1679" lat="9.4984146" lon="100.0606421"/>
 <node id="252375201" visible="true" version="1" changeset="331652" timestamp="2008-03-16T10:06:45Z" user="andrewpmk" uid="1679" lat="9.4995575" lon="100.0599984"/>
 <node id="252375202" visible="true" version="2" changeset="46363953" timestamp="2017-02-24T10:54:59Z" user="gezginrocker" uid="1686268" lat="9.5004649" lon="100.0589685"/>
 <node id="252375203" visible="true" version="2" changeset="46363953" timestamp="2017-02-24T10:54:59Z" user="gezginrocker" uid="1686268" lat="9.5009516" lon="100.0575120"/>
 <node id="252375204" visible="true" version="2" changeset="23753744" timestamp="2014-07-03T06:01:41Z" user="usverg" uid="466749" lat="9.5009388" lon="100.0569623"/>
 <node id="252375205" visible="true" version="4" changeset="46363841" timestamp="2017-02-24T10:49:28Z" user="gezginrocker" uid="1686268" lat="9.5030021" lon="100.0560164"/>
 <node id="252375206" visible="true" version="3" changeset="23753744" timestamp="2014-07-03T06:01:41Z" user="usverg" uid="466749" lat="9.5061349" lon="100.0561711"/>
 <node id="252375207" visible="true" version="3" changeset="23753744" timestamp="2014-07-03T06:01:42Z" user="usverg" uid="466749" lat="9.5127996" lon="100.0565546"/>
 <node id="252375208" visible="true" version="4" changeset="46363841" timestamp="2017-02-24T10:49:28Z" user="gezginrocker" uid="1686268" lat="9.5147280" lon="100.0569130"/>
 <node id="252375209" visible="true" version="2" changeset="23753744" timestamp="2014-07-03T06:01:42Z" user="usverg" uid="466749" lat="9.5180912" lon="100.0579832"/>
 <node id="252375210" visible="true" version="3" changeset="46363841" timestamp="2017-02-24T10:49:28Z" user="gezginrocker" uid="1686268" lat="9.5281612" lon="100.0621025"/>
 <node id="252375211" visible="true" version="2" changeset="23753744" timestamp="2014-07-03T06:01:42Z" user="usverg" uid="466749" lat="9.5296256" lon="100.0634001"/>
 <node id="252375212" visible="true" version="3" changeset="46363841" timestamp="2017-02-24T10:49:29Z" user="gezginrocker" uid="1686268" lat="9.5298874" lon="100.0642269"/>
 <node id="252375213" visible="true" version="2" changeset="23753744" timestamp="2014-07-03T06:01:42Z" user="usverg" uid="466749" lat="9.5305440" lon="100.0657986"/>
 <node id="252375214" visible="true" version="3" changeset="46363841" timestamp="2017-02-24T10:49:29Z" user="gezginrocker" uid="1686268" lat="9.5333013" lon="100.0694415"/>
 <node id="252375216" visible="true" version="2" changeset="23753744" timestamp="2014-07-03T06:01:42Z" user="usverg" uid="466749" lat="9.5352439" lon="100.0696577"/>
 <node id="252375217" visible="true" version="2" changeset="23753744" timestamp="2014-07-03T06:01:42Z" user="usverg" uid="466749" lat="9.5379774" lon="100.0708374"/>
 <node id="252375218" visible="true" version="2" changeset="35907515" timestamp="2015-12-12T11:54:53Z" user="poschon" uid="1719211" lat="9.5392755" lon="100.0726116"/>
 <node id="252375219" visible="true" version="2" changeset="35907515" timestamp="2015-12-12T11:54:53Z" user="poschon" uid="1719211" lat="9.5394588" lon="100.0745291"/>
 <node id="252375221" visible="true" version="4" changeset="52974567" timestamp="2017-10-16T08:02:18Z" user="misht" uid="615059" lat="9.5423565" lon="100.0763673"/>
 <node id="252375222" visible="true" version="4" changeset="52974567" timestamp="2017-10-16T08:02:18Z" user="misht" uid="615059" lat="9.5447344" lon="100.0756913"/>
 <node id="252375223" visible="true" version="3" changeset="46363760" timestamp="2017-02-24T10:46:08Z" user="gezginrocker" uid="1686268" lat="9.5473973" lon="100.0755236"/>
 <node id="252375224" visible="true" version="3" changeset="46363760" timestamp="2017-02-24T10:46:08Z" user="gezginrocker" uid="1686268" lat="9.5479703" lon="100.0756637"/>
 <node id="252375225" visible="true" version="3" changeset="46363841" timestamp="2017-02-24T10:49:29Z" user="gezginrocker" uid="1686268" lat="9.5484310" lon="100.0758224"/>
 <node id="252375226" visible="true" version="3" changeset="46363760" timestamp="2017-02-24T10:46:08Z" user="gezginrocker" uid="1686268" lat="9.5488162" lon="100.0761675"/>
 <node id="252375227" visible="true" version="3" changeset="46363760" timestamp="2017-02-24T10:46:08Z" user="gezginrocker" uid="1686268" lat="9.5493823" lon="100.0763526"/>
 <node id="252375228" visible="true" version="1" changeset="331652" timestamp="2008-03-16T10:06:45Z" user="andrewpmk" uid="1679" lat="9.5497957" lon="100.0767354"/>
 <node id="252375229" visible="true" version="1" changeset="331652" timestamp="2008-03-16T10:06:45Z" user="andrewpmk" uid="1679" lat="9.5499650" lon="100.0773362"/>
 <node id="252375230" visible="true" version="2" changeset="46363760" timestamp="2017-02-24T10:46:08Z" user="gezginrocker" uid="1686268" lat="9.5512452" lon="100.0775776"/>
 <node id="252375231" visible="true" version="2" changeset="46363760" timestamp="2017-02-24T10:46:08Z" user="gezginrocker" uid="1686268" lat="9.5524461" lon="100.0780872"/>
 <node id="252375232" visible="true" version="2" changeset="46363760" timestamp="2017-02-24T10:46:08Z" user="gezginrocker" uid="1686268" lat="9.5528375" lon="100.0783232"/>
 <node id="252375234" visible="true" version="3" changeset="52974567" timestamp="2017-10-16T08:02:18Z" user="misht" uid="615059" lat="9.5535557" lon="100.0789261"/>
 <node id="252375235" visible="true" version="3" changeset="52974567" timestamp="2017-10-16T08:02:18Z" user="misht" uid="615059" lat="9.5547036" lon="100.0797549"/>
 <node id="252375236" visible="true" version="3" changeset="52974567" timestamp="2017-10-16T08:02:18Z" user="misht" uid="615059" lat="9.5553926" lon="100.0805173"/>
 <node id="252375237" visible="true" version="3" changeset="52974567" timestamp="2017-10-16T08:02:18Z" user="misht" uid="615059" lat="9.5552723" lon="100.0809646"/>
 <node id="252375238" visible="true" version="3" changeset="52974567" timestamp="2017-10-16T08:02:18Z" user="misht" uid="615059" lat="9.5557907" lon="100.0821662"/>
 <node id="252375239" visible="true" version="3" changeset="52974567" timestamp="2017-10-16T08:02:18Z" user="misht" uid="615059" lat="9.5564123" lon="100.0828609"/>
 <node id="252375240" visible="true" version="2" changeset="52974567" timestamp="2017-10-16T08:02:18Z" user="misht" uid="615059" lat="9.5570418" lon="100.0835422"/>
 <node id="252375241" visible="true" version="2" changeset="46363760" timestamp="2017-02-24T10:46:08Z" user="gezginrocker" uid="1686268" lat="9.5578630" lon="100.0832907"/>
 <node id="252375242" visible="true" version="3" changeset="52974567" timestamp="2017-10-16T08:02:18Z" user="misht" uid="615059" lat="9.5583272" lon="100.0836414"/>
 <node id="252375243" visible="true" version="3" changeset="52974567" timestamp="2017-10-16T08:02:18Z" user="misht" uid="615059" lat="9.5591392" lon="100.0844675"/>
 <node id="252375244" visible="true" version="2" changeset="46363760" timestamp="2017-02-24T10:46:08Z" user="gezginrocker" uid="1686268" lat="9.5593336" lon="100.0854419"/>
 <node id="252375245" visible="true" version="2" changeset="46363760" timestamp="2017-02-24T10:46:08Z" user="gezginrocker" uid="1686268" lat="9.5594182" lon="100.0875662"/>
 <node id="252375246" visible="true" version="2" changeset="46363760" timestamp="2017-02-24T10:46:08Z" user="gezginrocker" uid="1686268" lat="9.5597303" lon="100.0880865"/>
 <node id="252375247" visible="true" version="2" changeset="46363760" timestamp="2017-02-24T10:46:08Z" user="gezginrocker" uid="1686268" lat="9.5603176" lon="100.0883708"/>
 <node id="252375249" visible="true" version="1" changeset="331652" timestamp="2008-03-16T10:06:45Z" user="andrewpmk" uid="1679" lat="9.5611798" lon="100.0883225"/>
 <node id="252375250" visible="true" version="2" changeset="46363760" timestamp="2017-02-24T10:46:08Z" user="gezginrocker" uid="1686268" lat="9.5615395" lon="100.0884567"/>
 <node id="252375251" visible="true" version="3" changeset="46363760" timestamp="2017-02-24T10:46:08Z" user="gezginrocker" uid="1686268" lat="9.5620860" lon="100.0881736"/>
 <node id="252375252" visible="true" version="3" changeset="46363760" timestamp="2017-02-24T10:46:08Z" user="gezginrocker" uid="1686268" lat="9.5626760" lon="100.0884699"/>
 <node id="252375255" visible="true" version="3" changeset="46363760" timestamp="2017-02-24T10:46:08Z" user="gezginrocker" uid="1686268" lat="9.5629642" lon="100.0886098"/>
 <node id="252375256" visible="true" version="3" changeset="46363760" timestamp="2017-02-24T10:46:08Z" user="gezginrocker" uid="1686268" lat="9.5637247" lon="100.0881399"/>
 <node id="252375257" visible="true" version="2" changeset="46363760" timestamp="2017-02-24T10:46:08Z" user="gezginrocker" uid="1686268" lat="9.5643696" lon="100.0880275"/>
 <node id="252375258" visible="true" version="2" changeset="46363760" timestamp="2017-02-24T10:46:08Z" user="gezginrocker" uid="1686268" lat="9.5649515" lon="100.0882099"/>
 <node id="252375259" visible="true" version="2" changeset="46363760" timestamp="2017-02-24T10:46:08Z" user="gezginrocker" uid="1686268" lat="9.5651736" lon="100.0884781"/>
 <node id="252375260" visible="true" version="1" changeset="331652" timestamp="2008-03-16T10:06:45Z" user="andrewpmk" uid="1679" lat="9.5651154" lon="100.0887517"/>
 <node id="252375261" visible="true" version="2" changeset="46363760" timestamp="2017-02-24T10:46:08Z" user="gezginrocker" uid="1686268" lat="9.5660041" lon="100.0894490"/>
 <node id="252375262" visible="true" version="2" changeset="46363760" timestamp="2017-02-24T10:46:08Z" user="gezginrocker" uid="1686268" lat="9.5664485" lon="100.0890467"/>
 <node id="252375263" visible="true" version="2" changeset="46363760" timestamp="2017-02-24T10:46:08Z" user="gezginrocker" uid="1686268" lat="9.5666495" lon="100.0891111"/>
 <node id="252375264" visible="true" version="2" changeset="46363760" timestamp="2017-02-24T10:46:08Z" user="gezginrocker" uid="1686268" lat="9.5667024" lon="100.0894222"/>
 <node id="252375265" visible="true" version="2" changeset="46363760" timestamp="2017-02-24T10:46:08Z" user="gezginrocker" uid="1686268" lat="9.5678503" lon="100.0895027"/>
 <node id="252375266" visible="true" version="2" changeset="46363760" timestamp="2017-02-24T10:46:08Z" user="gezginrocker" uid="1686268" lat="9.5684269" lon="100.0894759"/>
 <node id="252375267" visible="true" version="1" changeset="331652" timestamp="2008-03-16T10:06:45Z" user="andrewpmk" uid="1679" lat="9.5688818" lon="100.0899962"/>
 <node id="252375268" visible="true" version="2" changeset="46363760" timestamp="2017-02-24T10:46:08Z" user="gezginrocker" uid="1686268" lat="9.5693791" lon="100.0905327"/>
 <node id="252375269" visible="true" version="3" changeset="148596268" timestamp="2024-03-13T14:18:22Z" user="Sal73x" uid="1293386" lat="9.5701102" lon="100.0903626"/>
 <node id="252375270" visible="true" version="2" changeset="46363760" timestamp="2017-02-24T10:46:08Z" user="gezginrocker" uid="1686268" lat="9.5701725" lon="100.0898461"/>
 <node id="252375271" visible="true" version="3" changeset="148596268" timestamp="2024-03-13T14:18:22Z" user="Sal73x" uid="1293386" lat="9.5704510" lon="100.0882179"/>
 <node id="252375272" visible="true" version="3" changeset="148596268" timestamp="2024-03-13T14:18:22Z" user="Sal73x" uid="1293386" lat="9.5709289" lon="100.0882587"/>
 <node id="252375273" visible="true" version="2" changeset="46363760" timestamp="2017-02-24T10:46:09Z" user="gezginrocker" uid="1686268" lat="9.5713362" lon="100.0879363"/>
 <node id="252375274" visible="true" version="2" changeset="46363760" timestamp="2017-02-24T10:46:09Z" user="gezginrocker" uid="1686268" lat="9.5718440" lon="100.0871209"/>
 <node id="252375275" visible="true" version="2" changeset="46363760" timestamp="2017-02-24T10:46:09Z" user="gezginrocker" uid="1686268" lat="9.5716271" lon="100.0864557"/>
 <node id="252375277" visible="true" version="5" changeset="162302252" timestamp="2025-02-09T05:45:00Z" user="kevinp2" uid="956637" lat="9.5728390" lon="100.0859141"/>
 <node id="252375278" visible="true" version="3" changeset="162202982" timestamp="2025-02-06T10:55:03Z" user="kevinp2" uid="956637" lat="9.5727031" lon="100.0857664"/>
 <node id="252375279" visible="true" version="2" changeset="46363760" timestamp="2017-02-24T10:46:09Z" user="gezginrocker" uid="1686268" lat="9.5723889" lon="100.0849859"/>
 <node id="252375280" visible="true" version="2" changeset="46363760" timestamp="2017-02-24T10:46:09Z" user="gezginrocker" uid="1686268" lat="9.5721508" lon="100.0844441"/>
 <node id="252375282" visible="true" version="1" changeset="331652" timestamp="2008-03-16T10:06:45Z" user="andrewpmk" uid="1679" lat="9.5720980" lon="100.0836448"/>
 <node id="252375283" visible="true" version="1" changeset="331652" timestamp="2008-03-16T10:06:45Z" user="andrewpmk" uid="1679" lat="9.5721403" lon="100.0828723"/>
 <node id="252375284" visible="true" version="1" changeset="331652" timestamp="2008-03-16T10:06:45Z" user="andrewpmk" uid="1679" lat="9.5726904" lon="100.0817565"/>
 <node id="261182902" visible="true" version="4" changeset="35907515" timestamp="2015-12-12T11:54:54Z" user="poschon" uid="1719211" lat="9.5103601" lon="100.0575334"/>
 <node id="261182905" visible="true" version="2" changeset="23753744" timestamp="2014-07-03T06:01:41Z" user="usverg" uid="466749" lat="9.5075406" lon="100.0563878"/>
 <node id="261182909" visible="true" version="2" changeset="23753744" timestamp="2014-07-03T06:01:41Z" user="usverg" uid="466749" lat="9.5112489" lon="100.0573459"/>
 <node id="261182912" visible="true" version="3" changeset="35907515" timestamp="2015-12-12T11:54:54Z" user="poschon" uid="1719211" lat="9.5103907" lon="100.0576665"/>
 <node id="1674783944" visible="true" version="4" changeset="12809847" timestamp="2012-08-21T15:28:41Z" user="sturmflut" uid="5862" lat="9.4232918" lon="100.0165446">
  <tag k="source" v="Bing"/>
 </node>
 <node id="1674783959" visible="true" version="4" changeset="12809847" timestamp="2012-08-21T15:28:41Z" user="sturmflut" uid="5862" lat="9.4246957" lon="100.0165641">
  <tag k="source" v="Bing"/>
 </node>
 <node id="1674783962" visible="true" version="3" changeset="12209208" timestamp="2012-07-13T17:55:27Z" user="sturmflut" uid="5862" lat="9.4234774" lon="99.9981852">
  <tag k="source" v="Bing"/>
 </node>
 <node id="1786765904" visible="true" version="2" changeset="11973629" timestamp="2012-06-21T22:22:34Z" user="sturmflut" uid="5862" lat="9.4119699" lon="99.9623637">
  <tag k="source" v="Bing"/>
 </node>
 <node id="1786765909" visible="true" version="2" changeset="11973629" timestamp="2012-06-21T22:22:34Z" user="sturmflut" uid="5862" lat="9.4125942" lon="99.9623616">
  <tag k="source" v="Bing"/>
 </node>
 <node id="1786765911" visible="true" version="2" changeset="11973629" timestamp="2012-06-21T22:22:34Z" user="sturmflut" uid="5862" lat="9.4136138" lon="99.9621781">
  <tag k="source" v="Bing"/>
 </node>
 <node id="1786765913" visible="true" version="2" changeset="11973629" timestamp="2012-06-21T22:22:34Z" user="sturmflut" uid="5862" lat="9.4136825" lon="99.9622604">
  <tag k="source" v="Bing"/>
 </node>
 <node id="1786765915" visible="true" version="2" changeset="11973629" timestamp="2012-06-21T22:22:34Z" user="sturmflut" uid="5862" lat="9.4138177" lon="99.9622350">
  <tag k="source" v="Bing"/>
 </node>
 <node id="1786765917" visible="true" version="2" changeset="11973629" timestamp="2012-06-21T22:22:34Z" user="sturmflut" uid="5862" lat="9.4139467" lon="99.9621022">
  <tag k="source" v="Bing"/>
 </node>
 <node id="1786765919" visible="true" version="2" changeset="11973629" timestamp="2012-06-21T22:22:34Z" user="sturmflut" uid="5862" lat="9.4144149" lon="99.9616930">
  <tag k="source" v="Bing"/>
 </node>
 <node id="1786765922" visible="true" version="2" changeset="11973629" timestamp="2012-06-21T22:22:34Z" user="sturmflut" uid="5862" lat="9.4150766" lon="99.9611319">
  <tag k="source" v="Bing"/>
 </node>
 <node id="1786765924" visible="true" version="2" changeset="11973629" timestamp="2012-06-21T22:22:36Z" user="sturmflut" uid="5862" lat="9.4155136" lon="99.9601384">
  <tag k="source" v="Bing"/>
 </node>
 <node id="1786765926" visible="true" version="2" changeset="11973629" timestamp="2012-06-21T22:22:36Z" user="sturmflut" uid="5862" lat="9.4155904" lon="99.9600848">
  <tag k="source" v="Bing"/>
 </node>
 <node id="1786765927" visible="true" version="2" changeset="11973629" timestamp="2012-06-21T22:22:36Z" user="sturmflut" uid="5862" lat="9.4157552" lon="99.9600699">
  <tag k="source" v="Bing"/>
 </node>
 <node id="1786765930" visible="true" version="2" changeset="11973629" timestamp="2012-06-21T22:22:36Z" user="sturmflut" uid="5862" lat="9.4163408" lon="99.9600341">
  <tag k="source" v="Bing"/>
 </node>
 <node id="1786766033" visible="true" version="2" changeset="11973629" timestamp="2012-06-21T22:22:44Z" user="sturmflut" uid="5862" lat="9.4176709" lon="99.9598058">
  <tag k="source" v="Bing"/>
 </node>
 <node id="1786766169" visible="true" version="3" changeset="44758135" timestamp="2016-12-29T14:04:41Z" user="misht" uid="615059" lat="9.4197205" lon="99.9578090">
  <tag k="source" v="Bing"/>
 </node>
 <node id="1786766172" visible="true" version="3" changeset="44758135" timestamp="2016-12-29T14:04:41Z" user="misht" uid="615059" lat="9.4197609" lon="99.9574181">
  <tag k="source" v="Bing"/>
 </node>
 <node id="1786766187" visible="true" version="2" changeset="11973629" timestamp="2012-06-21T22:22:51Z" user="sturmflut" uid="5862" lat="9.4199956" lon="99.9568526">
  <tag k="source" v="Bing"/>
 </node>
 <node id="1786766191" visible="true" version="2" changeset="11973629" timestamp="2012-06-21T22:22:52Z" user="sturmflut" uid="5862" lat="9.4201604" lon="99.9567781">
  <tag k="source" v="Bing"/>
 </node>
 <node id="1786766197" visible="true" version="2" changeset="11973629" timestamp="2012-06-21T22:22:53Z" user="sturmflut" uid="5862" lat="9.4203252" lon="99.9564977">
  <tag k="source" v="Bing"/>
 </node>
 <node id="1786766202" visible="true" version="2" changeset="11973629" timestamp="2012-06-21T22:22:54Z" user="sturmflut" uid="5862" lat="9.4204105" lon="99.9556684">
  <tag k="source" v="Bing"/>
 </node>
 <node id="1786766208" visible="true" version="2" changeset="11973629" timestamp="2012-06-21T22:22:54Z" user="sturmflut" uid="5862" lat="9.4205883" lon="99.9541865">
  <tag k="source" v="Bing"/>
 </node>
 <node id="1786766224" visible="true" version="2" changeset="11973629" timestamp="2012-06-21T22:22:56Z" user="sturmflut" uid="5862" lat="9.4207964" lon="99.9539840">
  <tag k="source" v="Bing"/>
 </node>
 <node id="1786766242" visible="true" version="2" changeset="11973629" timestamp="2012-06-21T22:22:58Z" user="sturmflut" uid="5862" lat="9.4209442" lon="99.9537014">
  <tag k="source" v="Bing"/>
 </node>
 <node id="1786766248" visible="true" version="2" changeset="11973629" timestamp="2012-06-21T22:22:58Z" user="sturmflut" uid="5862" lat="9.4210503" lon="99.9534377">
  <tag k="source" v="Bing"/>
 </node>
 <node id="1786766253" visible="true" version="2" changeset="11973629" timestamp="2012-06-21T22:23:00Z" user="sturmflut" uid="5862" lat="9.4211647" lon="99.9530623">
  <tag k="source" v="Bing"/>
 </node>
 <node id="1786766257" visible="true" version="2" changeset="11973629" timestamp="2012-06-21T22:23:00Z" user="sturmflut" uid="5862" lat="9.4212387" lon="99.9528911">
  <tag k="source" v="Bing"/>
 </node>
 <node id="1786766292" visible="true" version="2" changeset="11973629" timestamp="2012-06-21T22:23:04Z" user="sturmflut" uid="5862" lat="9.4217640" lon="99.9517651">
  <tag k="source" v="Bing"/>
 </node>
 <node id="1786766301" visible="true" version="2" changeset="11973629" timestamp="2012-06-21T22:23:05Z" user="sturmflut" uid="5862" lat="9.4220345" lon="99.9510711">
  <tag k="source" v="Bing"/>
 </node>
 <node id="1793733413" visible="true" version="2" changeset="12075840" timestamp="2012-07-01T13:17:32Z" user="sturmflut" uid="5862" lat="9.4236296" lon="99.9966643">
  <tag k="source" v="Bing"/>
 </node>
 <node id="1793734265" visible="true" version="3" changeset="54426285" timestamp="2017-12-07T09:50:58Z" user="misht" uid="615059" lat="9.4502802" lon="100.0316615">
  <tag k="source" v="Bing"/>
 </node>
 <node id="1793734268" visible="true" version="1" changeset="11942418" timestamp="2012-06-18T21:50:53Z" user="sturmflut" uid="5862" lat="9.4502672" lon="100.0310793">
  <tag k="source" v="Bing"/>
 </node>
 <node id="1793734269" visible="true" version="2" changeset="46364458" timestamp="2017-02-24T11:15:40Z" user="gezginrocker" uid="1686268" lat="9.4503724" lon="100.0333979">
  <tag k="source" v="Bing"/>
 </node>
 <node id="1793734270" visible="true" version="3" changeset="54426285" timestamp="2017-12-07T09:50:58Z" user="misht" uid="615059" lat="9.4504165" lon="100.0309011">
  <tag k="source" v="Bing"/>
 </node>
 <node id="1793734271" visible="true" version="3" changeset="54426285" timestamp="2017-12-07T09:50:58Z" user="misht" uid="615059" lat="9.4504932" lon="100.0319391">
  <tag k="source" v="Bing"/>
 </node>
 <node id="1793734272" visible="true" version="2" changeset="12075840" timestamp="2012-07-01T13:17:33Z" user="sturmflut" uid="5862" lat="9.4504339" lon="100.0299706">
  <tag k="source" v="Bing"/>
 </node>
 <node id="1793734273" visible="true" version="1" changeset="11942418" timestamp="2012-06-18T21:50:53Z" user="sturmflut" uid="5862" lat="9.4504768" lon="100.0330857">
  <tag k="source" v="Bing"/>
 </node>
 <node id="1793734282" visible="true" version="2" changeset="12075840" timestamp="2012-07-01T13:17:33Z" user="sturmflut" uid="5862" lat="9.4504414" lon="100.0301924">
  <tag k="source" v="Bing"/>
 </node>
 <node id="1793734286" visible="true" version="3" changeset="54426285" timestamp="2017-12-07T09:50:58Z" user="misht" uid="615059" lat="9.4505448" lon="100.0308260">
  <tag k="source" v="Bing"/>
 </node>
 <node id="1793734289" visible="true" version="2" changeset="12075840" timestamp="2012-07-01T13:17:33Z" user="sturmflut" uid="5862" lat="9.4505577" lon="100.0298123">
  <tag k="source" v="Bing"/>
 </node>
 <node id="1793734294" visible="true" version="2" changeset="52557420" timestamp="2017-10-02T08:48:43Z" user="misht" uid="615059" lat="9.4506758" lon="100.0284067">
  <tag k="source" v="Bing"/>
 </node>
 <node id="1793734298" visible="true" version="3" changeset="52557420" timestamp="2017-10-02T08:48:43Z" user="misht" uid="615059" lat="9.4506229" lon="100.0290008">
  <tag k="source" v="Bing"/>
 </node>
 <node id="1793734301" visible="true" version="2" changeset="46364458" timestamp="2017-02-24T11:15:40Z" user="gezginrocker" uid="1686268" lat="9.4506127" lon="100.0329471">
  <tag k="source" v="Bing"/>
 </node>
 <node id="1793734303" visible="true" version="3" changeset="52557420" timestamp="2017-10-02T08:48:43Z" user="misht" uid="615059" lat="9.4506983" lon="100.0287701">
  <tag k="source" v="Bing"/>
 </node>
 <node id="1793734306" visible="true" version="4" changeset="54426285" timestamp="2017-12-07T09:50:58Z" user="misht" uid="615059" lat="9.4507988" lon="100.0324689">
  <tag k="source" v="Bing"/>
 </node>
 <node id="1793734317" visible="true" version="2" changeset="12075840" timestamp="2012-07-01T13:17:33Z" user="sturmflut" uid="5862" lat="9.4508149" lon="100.0296486">
  <tag k="source" v="Bing"/>
 </node>
 <node id="1793734319" visible="true" version="2" changeset="12075840" timestamp="2012-07-01T13:17:33Z" user="sturmflut" uid="5862" lat="9.4508668" lon="100.0293936">
  <tag k="source" v="Bing"/>
 </node>
 <node id="1793734355" visible="true" version="2" changeset="46364278" timestamp="2017-02-24T11:08:14Z" user="gezginrocker" uid="1686268" lat="9.4513527" lon="100.0347962">
  <tag k="source" v="Bing"/>
 </node>
 <node id="1793734362" visible="true" version="1" changeset="11942418" timestamp="2012-06-18T21:50:55Z" user="sturmflut" uid="5862" lat="9.4516793" lon="100.0389473">
  <tag k="source" v="Bing"/>
 </node>
 <node id="1793734365" visible="true" version="1" changeset="11942418" timestamp="2012-06-18T21:50:55Z" user="sturmflut" uid="5862" lat="9.4517174" lon="100.0397801">
  <tag k="source" v="Bing"/>
 </node>
 <node id="1793734367" visible="true" version="2" changeset="46371995" timestamp="2017-02-24T16:10:02Z" user="gezginrocker" uid="1686268" lat="9.4517316" lon="100.0395805">
  <tag k="source" v="Bing"/>
 </node>
 <node id="1793734369" visible="true" version="1" changeset="11942418" timestamp="2012-06-18T21:50:55Z" user="sturmflut" uid="5862" lat="9.4517259" lon="100.0353972">
  <tag k="source" v="Bing"/>
 </node>
 <node id="1793734372" visible="true" version="1" changeset="11942418" timestamp="2012-06-18T21:50:55Z" user="sturmflut" uid="5862" lat="9.4517280" lon="100.0392692">
  <tag k="source" v="Bing"/>
 </node>
 <node id="1793734373" visible="true" version="3" changeset="46390360" timestamp="2017-02-25T11:20:46Z" user="dmgroom_ct" uid="437598" lat="9.4517414" lon="100.0398879">
  <tag k="source" v="Bing"/>
 </node>
 <node id="1793734379" visible="true" version="1" changeset="11942418" timestamp="2012-06-18T21:50:55Z" user="sturmflut" uid="5862" lat="9.4519079" lon="100.0388700">
  <tag k="source" v="Bing"/>
 </node>
 <node id="1793734381" visible="true" version="1" changeset="11942418" timestamp="2012-06-18T21:50:56Z" user="sturmflut" uid="5862" lat="9.4519122" lon="100.0393057">
  <tag k="source" v="Bing"/>
 </node>
 <node id="1793734384" visible="true" version="1" changeset="11942418" timestamp="2012-06-18T21:50:56Z" user="sturmflut" uid="5862" lat="9.4519799" lon="100.0394495">
  <tag k="source" v="Bing"/>
 </node>
 <node id="1793734386" visible="true" version="1" changeset="11942418" timestamp="2012-06-18T21:50:56Z" user="sturmflut" uid="5862" lat="9.4521303" lon="100.0383806">
  <tag k="source" v="Bing"/>
 </node>
 <node id="1793734408" visible="true" version="2" changeset="13033608" timestamp="2012-09-08T13:29:12Z" user="sturmflut" uid="5862" lat="9.4528487" lon="100.0377145">
  <tag k="source" v="Bing"/>
 </node>
 <node id="1793734410" visible="true" version="1" changeset="11942418" timestamp="2012-06-18T21:50:56Z" user="sturmflut" uid="5862" lat="9.4528861" lon="100.0375006">
  <tag k="source" v="Bing"/>
 </node>
 <node id="1793734454" visible="true" version="3" changeset="46364008" timestamp="2017-02-24T10:56:59Z" user="gezginrocker" uid="1686268" lat="9.4555680" lon="100.0413885">
  <tag k="source" v="Bing"/>
 </node>
 <node id="1793734564" visible="true" version="4" changeset="46364278" timestamp="2017-02-24T11:08:14Z" user="gezginrocker" uid="1686268" lat="9.4588260" lon="100.0430771">
  <tag k="source" v="Bing"/>
 </node>
 <node id="1793734619" visible="true" version="3" changeset="46364008" timestamp="2017-02-24T10:56:59Z" user="gezginrocker" uid="1686268" lat="9.4610435" lon="100.0442575">
  <tag k="source" v="Bing"/>
 </node>
 <node id="1796408916" visible="true" version="3" changeset="12809847" timestamp="2012-08-21T15:28:42Z" user="sturmflut" uid="5862" lat="9.4233902" lon="100.0163866">
  <tag k="source" v="Bing"/>
 </node>
 <node id="1796408917" visible="true" version="3" changeset="12809847" timestamp="2012-08-21T15:28:42Z" user="sturmflut" uid="5862" lat="9.4233833" lon="100.0168781">
  <tag k="source" v="Bing"/>
 </node>
 <node id="1796408918" visible="true" version="2" changeset="11964123" timestamp="2012-06-20T23:21:59Z" user="sturmflut" uid="5862" lat="9.4233952" lon="100.0167919">
  <tag k="source" v="Bing"/>
 </node>
 <node id="1796408919" visible="true" version="3" changeset="12809847" timestamp="2012-08-21T15:28:42Z" user="sturmflut" uid="5862" lat="9.4235148" lon="100.0164061">
  <tag k="source" v="Bing"/>
 </node>
 <node id="1796408921" visible="true" version="3" changeset="12809847" timestamp="2012-08-21T15:28:42Z" user="sturmflut" uid="5862" lat="9.4235548" lon="100.0170252">
  <tag k="source" v="Bing"/>
 </node>
 <node id="1796408932" visible="true" version="3" changeset="12809847" timestamp="2012-08-21T15:28:42Z" user="sturmflut" uid="5862" lat="9.4236479" lon="100.0165095">
  <tag k="source" v="Bing"/>
 </node>
 <node id="1796408935" visible="true" version="2" changeset="11964123" timestamp="2012-06-20T23:21:59Z" user="sturmflut" uid="5862" lat="9.4236916" lon="100.0164656">
  <tag k="source" v="Bing"/>
 </node>
 <node id="1796408937" visible="true" version="2" changeset="11964123" timestamp="2012-06-20T23:21:59Z" user="sturmflut" uid="5862" lat="9.4237919" lon="100.0163548">
  <tag k="source" v="Bing"/>
 </node>
 <node id="1796408939" visible="true" version="2" changeset="11964123" timestamp="2012-06-20T23:21:59Z" user="sturmflut" uid="5862" lat="9.4238563" lon="100.0173186">
  <tag k="source" v="Bing"/>
 </node>
 <node id="1796408942" visible="true" version="2" changeset="11964123" timestamp="2012-06-20T23:21:59Z" user="sturmflut" uid="5862" lat="9.4238698" lon="100.0161864">
  <tag k="source" v="Bing"/>
 </node>
 <node id="1796408944" visible="true" version="2" changeset="11964123" timestamp="2012-06-20T23:21:59Z" user="sturmflut" uid="5862" lat="9.4240974" lon="100.0175766">
  <tag k="source" v="Bing"/>
 </node>
 <node id="1796408947" visible="true" version="2" changeset="11964123" timestamp="2012-06-20T23:21:59Z" user="sturmflut" uid="5862" lat="9.4242411" lon="100.0173216">
  <tag k="source" v="Bing"/>
 </node>
 <node id="1796408948" visible="true" version="2" changeset="11964123" timestamp="2012-06-20T23:21:59Z" user="sturmflut" uid="5862" lat="9.4242785" lon="100.0175447">
  <tag k="source" v="Bing"/>
 </node>
 <node id="1796408949" visible="true" version="3" changeset="12809847" timestamp="2012-08-21T15:28:42Z" user="sturmflut" uid="5862" lat="9.4243750" lon="100.0167001">
  <tag k="source" v="Bing"/>
 </node>
 <node id="1796408950" visible="true" version="3" changeset="12809847" timestamp="2012-08-21T15:28:42Z" user="sturmflut" uid="5862" lat="9.4243431" lon="100.0171547">
  <tag k="source" v="Bing"/>
 </node>
 <node id="1796408951" visible="true" version="2" changeset="11964123" timestamp="2012-06-20T23:22:00Z" user="sturmflut" uid="5862" lat="9.4245360" lon="100.0165977">
  <tag k="source" v="Bing"/>
 </node>
 <node id="1796408952" visible="true" version="2" changeset="11964123" timestamp="2012-06-20T23:22:00Z" user="sturmflut" uid="5862" lat="9.4249583" lon="100.0165263">
  <tag k="source" v="Bing"/>
 </node>
 <node id="1796408953" visible="true" version="2" changeset="11964123" timestamp="2012-06-20T23:22:00Z" user="sturmflut" uid="5862" lat="9.4262773" lon="100.0166766">
  <tag k="source" v="Bing"/>
 </node>
 <node id="1796408962" visible="true" version="2" changeset="11964123" timestamp="2012-06-20T23:22:00Z" user="sturmflut" uid="5862" lat="9.4290471" lon="100.0179666">
  <tag k="source" v="Bing"/>
 </node>
 <node id="1796408982" visible="true" version="2" changeset="11964123" timestamp="2012-06-20T23:22:01Z" user="sturmflut" uid="5862" lat="9.4299604" lon="100.0184371">
  <tag k="source" v="Bing"/>
 </node>
 <node id="1796409023" visible="true" version="3" changeset="46364458" timestamp="2017-02-24T11:15:40Z" user="gezginrocker" uid="1686268" lat="9.4310300" lon="100.0192741">
  <tag k="source" v="Bing"/>
 </node>
 <node id="1796409065" visible="true" version="2" changeset="11964123" timestamp="2012-06-20T23:22:03Z" user="sturmflut" uid="5862" lat="9.4319876" lon="100.0201157">
  <tag k="source" v="Bing"/>
 </node>
 <node id="1796409075" visible="true" version="3" changeset="46364458" timestamp="2017-02-24T11:15:41Z" user="gezginrocker" uid="1686268" lat="9.4321643" lon="100.0202255">
  <tag k="source" v="Bing"/>
 </node>
 <node id="1796409082" visible="true" version="4" changeset="46364458" timestamp="2017-02-24T11:15:41Z" user="gezginrocker" uid="1686268" lat="9.4323869" lon="100.0203876">
  <tag k="source" v="Bing"/>
 </node>
 <node id="1796409115" visible="true" version="2" changeset="11964123" timestamp="2012-06-20T23:22:05Z" user="sturmflut" uid="5862" lat="9.4329646" lon="100.0207358">
  <tag k="source" v="Bing"/>
 </node>
 <node id="1796409145" visible="true" version="3" changeset="12075840" timestamp="2012-07-01T13:17:34Z" user="sturmflut" uid="5862" lat="9.4341339" lon="100.0212536">
  <tag k="source" v="Bing"/>
 </node>
 <node id="1796409168" visible="true" version="3" changeset="12075840" timestamp="2012-07-01T13:17:34Z" user="sturmflut" uid="5862" lat="9.4345228" lon="100.0213413">
  <tag k="source" v="Bing"/>
 </node>
 <node id="1796409250" visible="true" version="4" changeset="149394025" timestamp="2024-03-31T14:53:01Z" user="Sal73x" uid="1293386" lat="9.4383308" lon="100.0231406">
  <tag k="source" v="Bing"/>
 </node>
 <node id="1796409264" visible="true" version="3" changeset="46364458" timestamp="2017-02-24T11:15:41Z" user="gezginrocker" uid="1686268" lat="9.4400418" lon="100.0233983">
  <tag k="source" v="Bing"/>
 </node>
 <node id="1796409286" visible="true" version="3" changeset="46364458" timestamp="2017-02-24T11:15:41Z" user="gezginrocker" uid="1686268" lat="9.4407288" lon="100.0234737">
  <tag k="source" v="Bing"/>
 </node>
 <node id="1796409341" visible="true" version="2" changeset="11964123" timestamp="2012-06-20T23:22:13Z" user="sturmflut" uid="5862" lat="9.4445338" lon="100.0249669">
  <tag k="source" v="Bing"/>
 </node>
 <node id="1796409345" visible="true" version="5" changeset="52437661" timestamp="2017-09-28T09:34:08Z" user="misht" uid="615059" lat="9.4446671" lon="100.0251666">
  <tag k="source" v="Bing"/>
 </node>
 <node id="1796409357" visible="true" version="4" changeset="52437661" timestamp="2017-09-28T09:34:08Z" user="misht" uid="615059" lat="9.4453100" lon="100.0257701">
  <tag k="source" v="Bing"/>
 </node>
 <node id="1796409359" visible="true" version="2" changeset="11964123" timestamp="2012-06-20T23:22:13Z" user="sturmflut" uid="5862" lat="9.4455548" lon="100.0259625">
  <tag k="source" v="Bing"/>
 </node>
 <node id="1796409362" visible="true" version="5" changeset="52557127" timestamp="2017-10-02T08:35:21Z" user="misht" uid="615059" lat="9.4464054" lon="100.0266069">
  <tag k="source" v="Bing"/>
 </node>
 <node id="1796409364" visible="true" version="5" changeset="52557420" timestamp="2017-10-02T08:48:43Z" user="misht" uid="615059" lat="9.4469822" lon="100.0271755">
  <tag k="source" v="Bing"/>
 </node>
 <node id="1796409366" visible="true" version="5" changeset="52557420" timestamp="2017-10-02T08:48:43Z" user="misht" uid="615059" lat="9.4471833" lon="100.0272989">
  <tag k="source" v="Bing"/>
 </node>
 <node id="1796409377" visible="true" version="4" changeset="54426285" timestamp="2017-12-07T09:50:58Z" user="misht" uid="615059" lat="9.4506308" lon="100.0320974">
  <tag k="source" v="Bing"/>
 </node>
 <node id="1796409383" visible="true" version="3" changeset="54426285" timestamp="2017-12-07T09:50:58Z" user="misht" uid="615059" lat="9.4508451" lon="100.0322986">
  <tag k="source" v="Bing"/>
 </node>
 <node id="1796409391" visible="true" version="4" changeset="46364458" timestamp="2017-02-24T11:15:41Z" user="gezginrocker" uid="1686268" lat="9.4543800" lon="100.0407982">
  <tag k="source" v="Bing"/>
 </node>
 <node id="1796409400" visible="true" version="3" changeset="46364278" timestamp="2017-02-24T11:08:15Z" user="gezginrocker" uid="1686268" lat="9.4565031" lon="100.0419275">
  <tag k="source" v="Bing"/>
 </node>
 <node id="1796409404" visible="true" version="4" changeset="46364278" timestamp="2017-02-24T11:08:15Z" user="gezginrocker" uid="1686268" lat="9.4576532" lon="100.0424875">
  <tag k="source" v="Bing"/>
 </node>
 <node id="1796409408" visible="true" version="2" changeset="11964123" timestamp="2012-06-20T23:22:14Z" user="sturmflut" uid="5862" lat="9.4579178" lon="100.0425490">
  <tag k="source" v="Bing"/>
 </node>
 <node id="1796409429" visible="true" version="3" changeset="46364008" timestamp="2017-02-24T10:56:59Z" user="gezginrocker" uid="1686268" lat="9.4623308" lon="100.0450362">
  <tag k="source" v="Bing"/>
 </node>
 <node id="1802061151" visible="true" version="2" changeset="12209208" timestamp="2012-07-13T18:03:21Z" user="sturmflut" uid="5862" lat="9.4088165" lon="99.9659560">
  <tag k="source" v="Bing"/>
 </node>
 <node id="1802061154" visible="true" version="2" changeset="12209208" timestamp="2012-07-13T18:03:21Z" user="sturmflut" uid="5862" lat="9.4093374" lon="99.9663641">
  <tag k="source" v="Bing"/>
 </node>
 <node id="1802061157" visible="true" version="3" changeset="12209208" timestamp="2012-07-13T18:03:21Z" user="sturmflut" uid="5862" lat="9.4094482" lon="99.9649562">
  <tag k="source" v="Bing"/>
 </node>
 <node id="1802061159" visible="true" version="2" changeset="12209208" timestamp="2012-07-13T18:03:21Z" user="sturmflut" uid="5862" lat="9.4097289" lon="99.9663678">
  <tag k="source" v="Bing"/>
 </node>
 <node id="1802061161" visible="true" version="2" changeset="12209208" timestamp="2012-07-13T18:03:21Z" user="sturmflut" uid="5862" lat="9.4100392" lon="99.9666000">
  <tag k="source" v="Bing"/>
 </node>
 <node id="1802061163" visible="true" version="2" changeset="12209208" timestamp="2012-07-13T18:03:21Z" user="sturmflut" uid="5862" lat="9.4104197" lon="99.9679630">
  <tag k="source" v="Bing"/>
 </node>
 <node id="1802061165" visible="true" version="2" changeset="12209208" timestamp="2012-07-13T18:03:21Z" user="sturmflut" uid="5862" lat="9.4104825" lon="99.9677346">
  <tag k="source" v="Bing"/>
 </node>
 <node id="1802061175" visible="true" version="2" changeset="12209208" timestamp="2012-07-13T18:03:21Z" user="sturmflut" uid="5862" lat="9.4104973" lon="99.9672403">
  <tag k="source" v="Bing"/>
 </node>
 <node id="1802061177" visible="true" version="2" changeset="12209208" timestamp="2012-07-13T18:03:21Z" user="sturmflut" uid="5862" lat="9.4105601" lon="99.9675548">
  <tag k="source" v="Bing"/>
 </node>
 <node id="1802061181" visible="true" version="2" changeset="12209208" timestamp="2012-07-13T18:03:22Z" user="sturmflut" uid="5862" lat="9.4107596" lon="99.9684722">
  <tag k="source" v="Bing"/>
 </node>
 <node id="1802061187" visible="true" version="2" changeset="12209208" timestamp="2012-07-13T18:03:24Z" user="sturmflut" uid="5862" lat="9.4111770" lon="99.9623650">
  <tag k="source" v="Bing"/>
 </node>
 <node id="1802061199" visible="true" version="3" changeset="53420132" timestamp="2017-11-01T10:47:24Z" user="misht" uid="615059" lat="9.4115844" lon="99.9692492">
  <tag k="source" v="Bing"/>
 </node>
 <node id="1802061203" visible="true" version="2" changeset="12209208" timestamp="2012-07-13T18:03:24Z" user="sturmflut" uid="5862" lat="9.4118604" lon="99.9695806">
  <tag k="source" v="Bing"/>
 </node>
 <node id="1802061208" visible="true" version="2" changeset="12209208" timestamp="2012-07-13T18:03:26Z" user="sturmflut" uid="5862" lat="9.4122631" lon="99.9701348">
  <tag k="source" v="Bing"/>
 </node>
 <node id="1802061220" visible="true" version="3" changeset="12209208" timestamp="2012-07-13T18:03:26Z" user="sturmflut" uid="5862" lat="9.4126275" lon="99.9706590">
  <tag k="source" v="Bing"/>
 </node>
 <node id="1802061228" visible="true" version="3" changeset="12209208" timestamp="2012-07-13T18:03:29Z" user="sturmflut" uid="5862" lat="9.4133529" lon="99.9718810">
  <tag k="source" v="Bing"/>
 </node>
 <node id="1802061251" visible="true" version="2" changeset="12209208" timestamp="2012-07-13T18:03:34Z" user="sturmflut" uid="5862" lat="9.4150410" lon="99.9739841">
  <tag k="source" v="Bing"/>
 </node>
 <node id="1802061253" visible="true" version="3" changeset="12209208" timestamp="2012-07-13T18:03:34Z" user="sturmflut" uid="5862" lat="9.4153945" lon="99.9746482">
  <tag k="source" v="Bing"/>
 </node>
 <node id="1802061254" visible="true" version="2" changeset="12209208" timestamp="2012-07-13T18:03:34Z" user="sturmflut" uid="5862" lat="9.4157724" lon="99.9749127">
  <tag k="source" v="Bing"/>
 </node>
 <node id="1802061257" visible="true" version="3" changeset="12209208" timestamp="2012-07-13T18:03:34Z" user="sturmflut" uid="5862" lat="9.4165170" lon="99.9757710">
  <tag k="source" v="Bing"/>
 </node>
 <node id="1802061262" visible="true" version="3" changeset="12209208" timestamp="2012-07-13T18:03:34Z" user="sturmflut" uid="5862" lat="9.4166996" lon="99.9762033">
  <tag k="source" v="Bing"/>
 </node>
 <node id="1808115601" visible="true" version="2" changeset="12209208" timestamp="2012-07-13T18:12:03Z" user="sturmflut" uid="5862" lat="9.4141532" lon="99.9619218">
  <tag k="source" v="Bing"/>
 </node>
 <node id="1808115623" visible="true" version="3" changeset="44758135" timestamp="2016-12-29T14:04:42Z" user="misht" uid="615059" lat="9.4171764" lon="99.9600115">
  <tag k="source" v="Bing"/>
 </node>
 <node id="1808771766" visible="true" version="2" changeset="12209208" timestamp="2012-07-13T18:13:01Z" user="sturmflut" uid="5862" lat="9.4092817" lon="99.9649088">
  <tag k="source" v="Bing"/>
 </node>
 <node id="1808771767" visible="true" version="2" changeset="12209208" timestamp="2012-07-13T18:13:01Z" user="sturmflut" uid="5862" lat="9.4093940" lon="99.9649576">
  <tag k="source" v="Bing"/>
 </node>
 <node id="1808771768" visible="true" version="2" changeset="12209208" timestamp="2012-07-13T18:13:01Z" user="sturmflut" uid="5862" lat="9.4125016" lon="99.9706993">
  <tag k="source" v="Bing"/>
 </node>
 <node id="1808771769" visible="true" version="2" changeset="12209208" timestamp="2012-07-13T18:13:03Z" user="sturmflut" uid="5862" lat="9.4125213" lon="99.9708470">
  <tag k="source" v="Bing"/>
 </node>
 <node id="1808771770" visible="true" version="2" changeset="12209208" timestamp="2012-07-13T18:13:03Z" user="sturmflut" uid="5862" lat="9.4126127" lon="99.9706943">
  <tag k="source" v="Bing"/>
 </node>
 <node id="1808771771" visible="true" version="2" changeset="12209208" timestamp="2012-07-13T18:13:03Z" user="sturmflut" uid="5862" lat="9.4126275" lon="99.9709120">
  <tag k="source" v="Bing"/>
 </node>
 <node id="1808771772" visible="true" version="2" changeset="12209208" timestamp="2012-07-13T18:13:03Z" user="sturmflut" uid="5862" lat="9.4166844" lon="99.9760255">
  <tag k="source" v="Bing"/>
 </node>
 <node id="1808771777" visible="true" version="2" changeset="12209208" timestamp="2012-07-13T18:13:03Z" user="sturmflut" uid="5862" lat="9.4168449" lon="99.9763709">
  <tag k="source" v="Bing"/>
 </node>
 <node id="1808771779" visible="true" version="2" changeset="12209208" timestamp="2012-07-13T18:13:03Z" user="sturmflut" uid="5862" lat="9.4169091" lon="99.9764110">
  <tag k="source" v="Bing"/>
 </node>
 <node id="1808771787" visible="true" version="2" changeset="12209208" timestamp="2012-07-13T18:13:04Z" user="sturmflut" uid="5862" lat="9.4170609" lon="99.9601683">
  <tag k="source" v="Bing"/>
 </node>
 <node id="1808771794" visible="true" version="2" changeset="12209208" timestamp="2012-07-13T18:13:06Z" user="sturmflut" uid="5862" lat="9.4172400" lon="99.9767914">
  <tag k="source" v="Bing"/>
 </node>
 <node id="1808771802" visible="true" version="2" changeset="12209208" timestamp="2012-07-13T18:13:06Z" user="sturmflut" uid="5862" lat="9.4174770" lon="99.9771944">
  <tag k="source" v="Bing"/>
 </node>
 <node id="1808771821" visible="true" version="2" changeset="12209208" timestamp="2012-07-13T18:13:09Z" user="sturmflut" uid="5862" lat="9.4189264" lon="99.9795771">
  <tag k="source" v="Bing"/>
 </node>
 <node id="1808771834" visible="true" version="2" changeset="12209208" timestamp="2012-07-13T18:13:12Z" user="sturmflut" uid="5862" lat="9.4192573" lon="99.9802079">
  <tag k="source" v="Bing"/>
 </node>
 <node id="1808771838" visible="true" version="2" changeset="12209208" timestamp="2012-07-13T18:13:12Z" user="sturmflut" uid="5862" lat="9.4194005" lon="99.9810714">
  <tag k="source" v="Bing"/>
 </node>
 <node id="1808771845" visible="true" version="2" changeset="12209208" timestamp="2012-07-13T18:13:12Z" user="sturmflut" uid="5862" lat="9.4194647" lon="99.9813467">
  <tag k="source" v="Bing"/>
 </node>
 <node id="1808771847" visible="true" version="2" changeset="12209208" timestamp="2012-07-13T18:13:12Z" user="sturmflut" uid="5862" lat="9.4194943" lon="99.9808837">
  <tag k="source" v="Bing"/>
 </node>
 <node id="1808771854" visible="true" version="2" changeset="12209208" timestamp="2012-07-13T18:13:15Z" user="sturmflut" uid="5862" lat="9.4195511" lon="100.0093543">
  <tag k="source" v="Bing"/>
 </node>
 <node id="1808771855" visible="true" version="2" changeset="12209208" timestamp="2012-07-13T18:13:15Z" user="sturmflut" uid="5862" lat="9.4195635" lon="100.0092417">
  <tag k="source" v="Bing"/>
 </node>
 <node id="1808771858" visible="true" version="2" changeset="12209208" timestamp="2012-07-13T18:13:15Z" user="sturmflut" uid="5862" lat="9.4196079" lon="100.0096221">
  <tag k="source" v="Bing"/>
 </node>
 <node id="1808771859" visible="true" version="2" changeset="12209208" timestamp="2012-07-13T18:13:15Z" user="sturmflut" uid="5862" lat="9.4196375" lon="100.0091791">
  <tag k="source" v="Bing"/>
 </node>
 <node id="1808771860" visible="true" version="2" changeset="12209208" timestamp="2012-07-13T18:13:15Z" user="sturmflut" uid="5862" lat="9.4196375" lon="99.9815620">
  <tag k="source" v="Bing"/>
 </node>
 <node id="1808771863" visible="true" version="2" changeset="12209208" timestamp="2012-07-13T18:13:15Z" user="sturmflut" uid="5862" lat="9.4196968" lon="100.0091741">
  <tag k="source" v="Bing"/>
 </node>
 <node id="1808771871" visible="true" version="2" changeset="12209208" timestamp="2012-07-13T18:13:18Z" user="sturmflut" uid="5862" lat="9.4197783" lon="100.0087787">
  <tag k="source" v="Bing"/>
 </node>
 <node id="1808771878" visible="true" version="2" changeset="12209208" timestamp="2012-07-13T18:13:18Z" user="sturmflut" uid="5862" lat="9.4197931" lon="100.0097473">
  <tag k="source" v="Bing"/>
 </node>
 <node id="1808771884" visible="true" version="2" changeset="12209208" timestamp="2012-07-13T18:13:18Z" user="sturmflut" uid="5862" lat="9.4198721" lon="100.0085634">
  <tag k="source" v="Bing"/>
 </node>
 <node id="1808771901" visible="true" version="2" changeset="12209208" timestamp="2012-07-13T18:13:18Z" user="sturmflut" uid="5862" lat="9.4199067" lon="100.0083131">
  <tag k="source" v="Bing"/>
 </node>
 <node id="1808771903" visible="true" version="2" changeset="12209208" timestamp="2012-07-13T18:13:18Z" user="sturmflut" uid="5862" lat="9.4199067" lon="99.9817372">
  <tag k="source" v="Bing"/>
 </node>
 <node id="1808771906" visible="true" version="2" changeset="12209208" timestamp="2012-07-13T18:13:21Z" user="sturmflut" uid="5862" lat="9.4199857" lon="100.0082881">
  <tag k="source" v="Bing"/>
 </node>
 <node id="1808771908" visible="true" version="2" changeset="12209208" timestamp="2012-07-13T18:13:21Z" user="sturmflut" uid="5862" lat="9.4200721" lon="100.0081229">
  <tag k="source" v="Bing"/>
 </node>
 <node id="1808771910" visible="true" version="2" changeset="12209208" timestamp="2012-07-13T18:13:21Z" user="sturmflut" uid="5862" lat="9.4202178" lon="100.0079377">
  <tag k="source" v="Bing"/>
 </node>
 <node id="1808771911" visible="true" version="2" changeset="12209208" timestamp="2012-07-13T18:13:21Z" user="sturmflut" uid="5862" lat="9.4203141" lon="100.0079502">
  <tag k="source" v="Bing"/>
 </node>
 <node id="1808771913" visible="true" version="2" changeset="12209208" timestamp="2012-07-13T18:13:21Z" user="sturmflut" uid="5862" lat="9.4203684" lon="100.0106558">
  <tag k="source" v="Bing"/>
 </node>
 <node id="1808771914" visible="true" version="2" changeset="12209208" timestamp="2012-07-13T18:13:21Z" user="sturmflut" uid="5862" lat="9.4204250" lon="100.0118566">
  <tag k="source" v="Bing"/>
 </node>
 <node id="1808771916" visible="true" version="2" changeset="12209208" timestamp="2012-07-13T18:13:21Z" user="sturmflut" uid="5862" lat="9.4204879" lon="100.0118554">
  <tag k="source" v="Bing"/>
 </node>
 <node id="1808771917" visible="true" version="2" changeset="12209208" timestamp="2012-07-13T18:13:24Z" user="sturmflut" uid="5862" lat="9.4205017" lon="99.9825281">
  <tag k="source" v="Bing"/>
 </node>
 <node id="1808771919" visible="true" version="2" changeset="12209208" timestamp="2012-07-13T18:13:24Z" user="sturmflut" uid="5862" lat="9.4205042" lon="100.0104056">
  <tag k="source" v="Bing"/>
 </node>
 <node id="1808771940" visible="true" version="2" changeset="12209208" timestamp="2012-07-13T18:13:24Z" user="sturmflut" uid="5862" lat="9.4206954" lon="100.0120456">
  <tag k="source" v="Bing"/>
 </node>
 <node id="1808771942" visible="true" version="2" changeset="12209208" timestamp="2012-07-13T18:13:24Z" user="sturmflut" uid="5862" lat="9.4207213" lon="100.0120343">
  <tag k="source" v="Bing"/>
 </node>
 <node id="1808771944" visible="true" version="2" changeset="12209208" timestamp="2012-07-13T18:13:24Z" user="sturmflut" uid="5862" lat="9.4207312" lon="100.0128788">
  <tag k="source" v="Bing"/>
 </node>
 <node id="1808771946" visible="true" version="2" changeset="12209208" timestamp="2012-07-13T18:13:24Z" user="sturmflut" uid="5862" lat="9.4207338" lon="99.9828359">
  <tag k="source" v="Bing"/>
 </node>
 <node id="1808771949" visible="true" version="2" changeset="12209208" timestamp="2012-07-13T18:13:27Z" user="sturmflut" uid="5862" lat="9.4207645" lon="100.0119768">
  <tag k="source" v="Bing"/>
 </node>
 <node id="1808771950" visible="true" version="2" changeset="12209208" timestamp="2012-07-13T18:13:27Z" user="sturmflut" uid="5862" lat="9.4207975" lon="100.0129549">
  <tag k="source" v="Bing"/>
 </node>
 <node id="1808771951" visible="true" version="2" changeset="12209208" timestamp="2012-07-13T18:13:27Z" user="sturmflut" uid="5862" lat="9.4208065" lon="100.0119743">
  <tag k="source" v="Bing"/>
 </node>
 <node id="1808771953" visible="true" version="2" changeset="12209208" timestamp="2012-07-13T18:13:27Z" user="sturmflut" uid="5862" lat="9.4208360" lon="100.0129072">
  <tag k="source" v="Bing"/>
 </node>
 <node id="1808771954" visible="true" version="2" changeset="12209208" timestamp="2012-07-13T18:13:27Z" user="sturmflut" uid="5862" lat="9.4208375" lon="100.0073094">
  <tag k="source" v="Bing"/>
 </node>
 <node id="1808771959" visible="true" version="2" changeset="12209208" timestamp="2012-07-13T18:13:27Z" user="sturmflut" uid="5862" lat="9.4208883" lon="100.0129709">
  <tag k="source" v="Bing"/>
 </node>
 <node id="1808771961" visible="true" version="2" changeset="12209208" timestamp="2012-07-13T18:13:27Z" user="sturmflut" uid="5862" lat="9.4208954" lon="100.0126526">
  <tag k="source" v="Bing"/>
 </node>
 <node id="1808771962" visible="true" version="2" changeset="12209208" timestamp="2012-07-13T18:13:30Z" user="sturmflut" uid="5862" lat="9.4209065" lon="100.0125712">
  <tag k="source" v="Bing"/>
 </node>
 <node id="1808771963" visible="true" version="2" changeset="12209208" timestamp="2012-07-13T18:13:30Z" user="sturmflut" uid="5862" lat="9.4209299" lon="100.0121570">
  <tag k="source" v="Bing"/>
 </node>
 <node id="1808771973" visible="true" version="2" changeset="12209208" timestamp="2012-07-13T18:13:30Z" user="sturmflut" uid="5862" lat="9.4209312" lon="100.0127039">
  <tag k="source" v="Bing"/>
 </node>
 <node id="1808771975" visible="true" version="2" changeset="12209208" timestamp="2012-07-13T18:13:30Z" user="sturmflut" uid="5862" lat="9.4209324" lon="100.0125362">
  <tag k="source" v="Bing"/>
 </node>
 <node id="1808771977" visible="true" version="2" changeset="12209208" timestamp="2012-07-13T18:13:30Z" user="sturmflut" uid="5862" lat="9.4209547" lon="100.0129833">
  <tag k="source" v="Bing"/>
 </node>
 <node id="1808771979" visible="true" version="2" changeset="12209208" timestamp="2012-07-13T18:13:30Z" user="sturmflut" uid="5862" lat="9.4209917" lon="100.0125174">
  <tag k="source" v="Bing"/>
 </node>
 <node id="1808771981" visible="true" version="2" changeset="12209208" timestamp="2012-07-13T18:13:30Z" user="sturmflut" uid="5862" lat="9.4209991" lon="100.0123147">
  <tag k="source" v="Bing"/>
 </node>
 <node id="1808771983" visible="true" version="2" changeset="12209208" timestamp="2012-07-13T18:13:30Z" user="sturmflut" uid="5862" lat="9.4210053" lon="100.0129673">
  <tag k="source" v="Bing"/>
 </node>
 <node id="1808771987" visible="true" version="2" changeset="12209208" timestamp="2012-07-13T18:13:30Z" user="sturmflut" uid="5862" lat="9.4210312" lon="100.0124724">
  <tag k="source" v="Bing"/>
 </node>
 <node id="1808771989" visible="true" version="2" changeset="12209208" timestamp="2012-07-13T18:13:30Z" user="sturmflut" uid="5862" lat="9.4210324" lon="100.0124035">
  <tag k="source" v="Bing"/>
 </node>
 <node id="1808771991" visible="true" version="2" changeset="12209208" timestamp="2012-07-13T18:13:33Z" user="sturmflut" uid="5862" lat="9.4210425" lon="99.9833590">
  <tag k="source" v="Bing"/>
 </node>
 <node id="1808771993" visible="true" version="2" changeset="12209208" timestamp="2012-07-13T18:13:33Z" user="sturmflut" uid="5862" lat="9.4210664" lon="100.0128434">
  <tag k="source" v="Bing"/>
 </node>
 <node id="1808771995" visible="true" version="2" changeset="12209208" timestamp="2012-07-13T18:13:33Z" user="sturmflut" uid="5862" lat="9.4211136" lon="100.0128753">
  <tag k="source" v="Bing"/>
 </node>
 <node id="1808771997" visible="true" version="2" changeset="12209208" timestamp="2012-07-13T18:13:33Z" user="sturmflut" uid="5862" lat="9.4212148" lon="100.0129036">
  <tag k="source" v="Bing"/>
 </node>
 <node id="1808772000" visible="true" version="2" changeset="12209208" timestamp="2012-07-13T18:13:33Z" user="sturmflut" uid="5862" lat="9.4212721" lon="99.9839397">
  <tag k="source" v="Bing"/>
 </node>
 <node id="1808772003" visible="true" version="2" changeset="12209208" timestamp="2012-07-13T18:13:33Z" user="sturmflut" uid="5862" lat="9.4213632" lon="100.0130611">
  <tag k="source" v="Bing"/>
 </node>
 <node id="1808772009" visible="true" version="2" changeset="12209208" timestamp="2012-07-13T18:13:36Z" user="sturmflut" uid="5862" lat="9.4213772" lon="100.0130983">
  <tag k="source" v="Bing"/>
 </node>
 <node id="1808772018" visible="true" version="2" changeset="12209208" timestamp="2012-07-13T18:13:36Z" user="sturmflut" uid="5862" lat="9.4215042" lon="100.0036652">
  <tag k="source" v="Bing"/>
 </node>
 <node id="1808772020" visible="true" version="2" changeset="12209208" timestamp="2012-07-13T18:13:36Z" user="sturmflut" uid="5862" lat="9.4215151" lon="100.0132399">
  <tag k="source" v="Bing"/>
 </node>
 <node id="1808772022" visible="true" version="2" changeset="12209208" timestamp="2012-07-13T18:13:36Z" user="sturmflut" uid="5862" lat="9.4215240" lon="100.0056425">
  <tag k="source" v="Bing"/>
 </node>
 <node id="1808772024" visible="true" version="2" changeset="12209208" timestamp="2012-07-13T18:13:36Z" user="sturmflut" uid="5862" lat="9.4215264" lon="100.0039430">
  <tag k="source" v="Bing"/>
 </node>
 <node id="1808772026" visible="true" version="2" changeset="12209208" timestamp="2012-07-13T18:13:36Z" user="sturmflut" uid="5862" lat="9.4215413" lon="100.0066211">
  <tag k="source" v="Bing"/>
 </node>
 <node id="1808772028" visible="true" version="2" changeset="12209208" timestamp="2012-07-13T18:13:36Z" user="sturmflut" uid="5862" lat="9.4215511" lon="100.0049767">
  <tag k="source" v="Bing"/>
 </node>
 <node id="1808772030" visible="true" version="2" changeset="12209208" timestamp="2012-07-13T18:13:36Z" user="sturmflut" uid="5862" lat="9.4215561" lon="100.0054848">
  <tag k="source" v="Bing"/>
 </node>
 <node id="1808772032" visible="true" version="2" changeset="12209208" timestamp="2012-07-13T18:13:39Z" user="sturmflut" uid="5862" lat="9.4215610" lon="100.0048216">
  <tag k="source" v="Bing"/>
 </node>
 <node id="1808772034" visible="true" version="2" changeset="12209208" timestamp="2012-07-13T18:13:39Z" user="sturmflut" uid="5862" lat="9.4215635" lon="100.0039981">
  <tag k="source" v="Bing"/>
 </node>
 <node id="1808772038" visible="true" version="2" changeset="12209208" timestamp="2012-07-13T18:13:39Z" user="sturmflut" uid="5862" lat="9.4215745" lon="100.0132735">
  <tag k="source" v="Bing"/>
 </node>
 <node id="1808772043" visible="true" version="2" changeset="12209208" timestamp="2012-07-13T18:13:39Z" user="sturmflut" uid="5862" lat="9.4216079" lon="100.0039981">
  <tag k="source" v="Bing"/>
 </node>
 <node id="1808772044" visible="true" version="2" changeset="12209208" timestamp="2012-07-13T18:13:39Z" user="sturmflut" uid="5862" lat="9.4216129" lon="99.9855816">
  <tag k="source" v="Bing"/>
 </node>
 <node id="1808772045" visible="true" version="2" changeset="12209208" timestamp="2012-07-13T18:13:39Z" user="sturmflut" uid="5862" lat="9.4216391" lon="100.0132859">
  <tag k="source" v="Bing"/>
 </node>
 <node id="1808772047" visible="true" version="2" changeset="12209208" timestamp="2012-07-13T18:13:39Z" user="sturmflut" uid="5862" lat="9.4216450" lon="99.9851111">
  <tag k="source" v="Bing"/>
 </node>
 <node id="1808772049" visible="true" version="2" changeset="12209208" timestamp="2012-07-13T18:13:42Z" user="sturmflut" uid="5862" lat="9.4216499" lon="100.0065085">
  <tag k="source" v="Bing"/>
 </node>
 <node id="1808772051" visible="true" version="2" changeset="12209208" timestamp="2012-07-13T18:13:42Z" user="sturmflut" uid="5862" lat="9.4216548" lon="99.9853889">
  <tag k="source" v="Bing"/>
 </node>
 <node id="1808772053" visible="true" version="2" changeset="12209208" timestamp="2012-07-13T18:13:42Z" user="sturmflut" uid="5862" lat="9.4216573" lon="100.0053597">
  <tag k="source" v="Bing"/>
 </node>
 <node id="1808772055" visible="true" version="2" changeset="12209208" timestamp="2012-07-13T18:13:42Z" user="sturmflut" uid="5862" lat="9.4216622" lon="100.0033423">
  <tag k="source" v="Bing"/>
 </node>
 <node id="1808772056" visible="true" version="2" changeset="12209208" timestamp="2012-07-13T18:13:42Z" user="sturmflut" uid="5862" lat="9.4216622" lon="100.0063158">
  <tag k="source" v="Bing"/>
 </node>
 <node id="1808772060" visible="true" version="2" changeset="12209208" timestamp="2012-07-13T18:13:42Z" user="sturmflut" uid="5862" lat="9.4216894" lon="100.0043135">
  <tag k="source" v="Bing"/>
 </node>
 <node id="1808772062" visible="true" version="2" changeset="12209208" timestamp="2012-07-13T18:13:42Z" user="sturmflut" uid="5862" lat="9.4216894" lon="100.0046964">
  <tag k="source" v="Bing"/>
 </node>
 <node id="1808772070" visible="true" version="2" changeset="12209208" timestamp="2012-07-13T18:13:45Z" user="sturmflut" uid="5862" lat="9.4217758" lon="99.9862825">
  <tag k="source" v="Bing"/>
 </node>
 <node id="1808772074" visible="true" version="2" changeset="12209208" timestamp="2012-07-13T18:13:45Z" user="sturmflut" uid="5862" lat="9.4218129" lon="100.0033148">
  <tag k="source" v="Bing"/>
 </node>
 <node id="1808772075" visible="true" version="2" changeset="12209208" timestamp="2012-07-13T18:13:45Z" user="sturmflut" uid="5862" lat="9.4218224" lon="100.0136770">
  <tag k="source" v="Bing"/>
 </node>
 <node id="1808772079" visible="true" version="2" changeset="12209208" timestamp="2012-07-13T18:13:45Z" user="sturmflut" uid="5862" lat="9.4218731" lon="100.0137177">
  <tag k="source" v="Bing"/>
 </node>
 <node id="1808772094" visible="true" version="2" changeset="12209208" timestamp="2012-07-13T18:13:45Z" user="sturmflut" uid="5862" lat="9.4218958" lon="100.0135885">
  <tag k="source" v="Bing"/>
 </node>
 <node id="1808772095" visible="true" version="2" changeset="12209208" timestamp="2012-07-13T18:13:45Z" user="sturmflut" uid="5862" lat="9.4219307" lon="100.0136558">
  <tag k="source" v="Bing"/>
 </node>
 <node id="1808772096" visible="true" version="2" changeset="12209208" timestamp="2012-07-13T18:13:46Z" user="sturmflut" uid="5862" lat="9.4220301" lon="99.9867430">
  <tag k="source" v="Bing"/>
 </node>
 <node id="1808772097" visible="true" version="2" changeset="12209208" timestamp="2012-07-13T18:13:46Z" user="sturmflut" uid="5862" lat="9.4220372" lon="100.0137461">
  <tag k="source" v="Bing"/>
 </node>
 <node id="1808772098" visible="true" version="2" changeset="12209208" timestamp="2012-07-13T18:13:48Z" user="sturmflut" uid="5862" lat="9.4220968" lon="100.0032072">
  <tag k="source" v="Bing"/>
 </node>
 <node id="1808772099" visible="true" version="2" changeset="12209208" timestamp="2012-07-13T18:13:48Z" user="sturmflut" uid="5862" lat="9.4221413" lon="99.9869783">
  <tag k="source" v="Bing"/>
 </node>
 <node id="1808772101" visible="true" version="2" changeset="12209208" timestamp="2012-07-13T18:13:48Z" user="sturmflut" uid="5862" lat="9.4221709" lon="100.0030995">
  <tag k="source" v="Bing"/>
 </node>
 <node id="1808772103" visible="true" version="2" changeset="12209208" timestamp="2012-07-13T18:13:48Z" user="sturmflut" uid="5862" lat="9.4221856" lon="100.0138045">
  <tag k="source" v="Bing"/>
 </node>
 <node id="1808772107" visible="true" version="2" changeset="12209208" timestamp="2012-07-13T18:13:48Z" user="sturmflut" uid="5862" lat="9.4222499" lon="99.9875089">
  <tag k="source" v="Bing"/>
 </node>
 <node id="1808772109" visible="true" version="2" changeset="12209208" timestamp="2012-07-13T18:13:48Z" user="sturmflut" uid="5862" lat="9.4222624" lon="100.0138717">
  <tag k="source" v="Bing"/>
 </node>
 <node id="1808772111" visible="true" version="2" changeset="12209208" timestamp="2012-07-13T18:13:49Z" user="sturmflut" uid="5862" lat="9.4222672" lon="100.0031446">
  <tag k="source" v="Bing"/>
 </node>
 <node id="1808772114" visible="true" version="2" changeset="12209208" timestamp="2012-07-13T18:13:49Z" user="sturmflut" uid="5862" lat="9.4223287" lon="100.0142257">
  <tag k="source" v="Bing"/>
 </node>
 <node id="1808772116" visible="true" version="2" changeset="12209208" timestamp="2012-07-13T18:13:49Z" user="sturmflut" uid="5862" lat="9.4223462" lon="100.0142823">
  <tag k="source" v="Bing"/>
 </node>
 <node id="1808772118" visible="true" version="2" changeset="12209208" timestamp="2012-07-13T18:13:49Z" user="sturmflut" uid="5862" lat="9.4223707" lon="100.0141744">
  <tag k="source" v="Bing"/>
 </node>
 <node id="1808772120" visible="true" version="2" changeset="12209208" timestamp="2012-07-13T18:13:51Z" user="sturmflut" uid="5862" lat="9.4223846" lon="100.0143230">
  <tag k="source" v="Bing"/>
 </node>
 <node id="1808772124" visible="true" version="2" changeset="12209208" timestamp="2012-07-13T18:13:51Z" user="sturmflut" uid="5862" lat="9.4223857" lon="99.9897815">
  <tag k="source" v="Bing"/>
 </node>
 <node id="1808772134" visible="true" version="2" changeset="12209208" timestamp="2012-07-13T18:13:51Z" user="sturmflut" uid="5862" lat="9.4224143" lon="100.0143053">
  <tag k="source" v="Bing"/>
 </node>
 <node id="1808772135" visible="true" version="2" changeset="12209208" timestamp="2012-07-13T18:13:52Z" user="sturmflut" uid="5862" lat="9.4224265" lon="100.0141248">
  <tag k="source" v="Bing"/>
 </node>
 <node id="1808772136" visible="true" version="2" changeset="12209208" timestamp="2012-07-13T18:13:52Z" user="sturmflut" uid="5862" lat="9.4224301" lon="100.0030645">
  <tag k="source" v="Bing"/>
 </node>
 <node id="1808772137" visible="true" version="2" changeset="12209208" timestamp="2012-07-13T18:13:52Z" user="sturmflut" uid="5862" lat="9.4224351" lon="99.9894361">
  <tag k="source" v="Bing"/>
 </node>
 <node id="1808772138" visible="true" version="2" changeset="12209208" timestamp="2012-07-13T18:13:52Z" user="sturmflut" uid="5862" lat="9.4224353" lon="100.0142292">
  <tag k="source" v="Bing"/>
 </node>
 <node id="1808772140" visible="true" version="2" changeset="12209208" timestamp="2012-07-13T18:13:52Z" user="sturmflut" uid="5862" lat="9.4225208" lon="100.0141814">
  <tag k="source" v="Bing"/>
 </node>
 <node id="1808772141" visible="true" version="2" changeset="12209208" timestamp="2012-07-13T18:13:54Z" user="sturmflut" uid="5862" lat="9.4225882" lon="100.0030345">
  <tag k="source" v="Bing"/>
 </node>
 <node id="1808772142" visible="true" version="2" changeset="12209208" timestamp="2012-07-13T18:13:54Z" user="sturmflut" uid="5862" lat="9.4226273" lon="100.0141673">
  <tag k="source" v="Bing"/>
 </node>
 <node id="1808772147" visible="true" version="2" changeset="12209208" timestamp="2012-07-13T18:13:54Z" user="sturmflut" uid="5862" lat="9.4227215" lon="100.0028993">
  <tag k="source" v="Bing"/>
 </node>
 <node id="1808772149" visible="true" version="2" changeset="12209208" timestamp="2012-07-13T18:13:54Z" user="sturmflut" uid="5862" lat="9.4227251" lon="100.0142097">
  <tag k="source" v="Bing"/>
 </node>
 <node id="1808772151" visible="true" version="2" changeset="12209208" timestamp="2012-07-13T18:13:55Z" user="sturmflut" uid="5862" lat="9.4227783" lon="100.0028968">
  <tag k="source" v="Bing"/>
 </node>
 <node id="1808772153" visible="true" version="2" changeset="12209208" timestamp="2012-07-13T18:13:55Z" user="sturmflut" uid="5862" lat="9.4228005" lon="99.9928401">
  <tag k="source" v="Bing"/>
 </node>
 <node id="1808772155" visible="true" version="2" changeset="12209208" timestamp="2012-07-13T18:13:55Z" user="sturmflut" uid="5862" lat="9.4228450" lon="100.0028392">
  <tag k="source" v="Bing"/>
 </node>
 <node id="1808772156" visible="true" version="2" changeset="12209208" timestamp="2012-07-13T18:13:55Z" user="sturmflut" uid="5862" lat="9.4228548" lon="100.0021384">
  <tag k="source" v="Bing"/>
 </node>
 <node id="1808772160" visible="true" version="2" changeset="12209208" timestamp="2012-07-13T18:13:57Z" user="sturmflut" uid="5862" lat="9.4229067" lon="100.0020608">
  <tag k="source" v="Bing"/>
 </node>
 <node id="1808772173" visible="true" version="2" changeset="12209208" timestamp="2012-07-13T18:13:57Z" user="sturmflut" uid="5862" lat="9.4229166" lon="100.0026340">
  <tag k="source" v="Bing"/>
 </node>
 <node id="1808772174" visible="true" version="2" changeset="12209208" timestamp="2012-07-13T18:13:57Z" user="sturmflut" uid="5862" lat="9.4229363" lon="100.0023312">
  <tag k="source" v="Bing"/>
 </node>
 <node id="1808772175" visible="true" version="2" changeset="12209208" timestamp="2012-07-13T18:13:57Z" user="sturmflut" uid="5862" lat="9.4229511" lon="99.9941091">
  <tag k="source" v="Bing"/>
 </node>
 <node id="1808772176" visible="true" version="2" changeset="12209208" timestamp="2012-07-13T18:13:57Z" user="sturmflut" uid="5862" lat="9.4229748" lon="100.0144929">
  <tag k="source" v="Bing"/>
 </node>
 <node id="1808772177" visible="true" version="2" changeset="12209208" timestamp="2012-07-13T18:13:57Z" user="sturmflut" uid="5862" lat="9.4230129" lon="100.0013976">
  <tag k="source" v="Bing"/>
 </node>
 <node id="1808772178" visible="true" version="2" changeset="12209208" timestamp="2012-07-13T18:13:57Z" user="sturmflut" uid="5862" lat="9.4230302" lon="100.0018181">
  <tag k="source" v="Bing"/>
 </node>
 <node id="1808772182" visible="true" version="2" changeset="12209208" timestamp="2012-07-13T18:13:58Z" user="sturmflut" uid="5862" lat="9.4232376" lon="100.0011698">
  <tag k="source" v="Bing"/>
 </node>
 <node id="1808772183" visible="true" version="2" changeset="12209208" timestamp="2012-07-13T18:13:58Z" user="sturmflut" uid="5862" lat="9.4232425" lon="99.9959012">
  <tag k="source" v="Bing"/>
 </node>
 <node id="1808772184" visible="true" version="2" changeset="12209208" timestamp="2012-07-13T18:14:00Z" user="sturmflut" uid="5862" lat="9.4232968" lon="99.9972577">
  <tag k="source" v="Bing"/>
 </node>
 <node id="1808772185" visible="true" version="2" changeset="12209208" timestamp="2012-07-13T18:14:00Z" user="sturmflut" uid="5862" lat="9.4233536" lon="99.9977258">
  <tag k="source" v="Bing"/>
 </node>
 <node id="1808772186" visible="true" version="2" changeset="12209208" timestamp="2012-07-13T18:14:00Z" user="sturmflut" uid="5862" lat="9.4233585" lon="99.9971001">
  <tag k="source" v="Bing"/>
 </node>
 <node id="1808772187" visible="true" version="2" changeset="12209208" timestamp="2012-07-13T18:14:00Z" user="sturmflut" uid="5862" lat="9.4233709" lon="100.0010196">
  <tag k="source" v="Bing"/>
 </node>
 <node id="1808772189" visible="true" version="2" changeset="12209208" timestamp="2012-07-13T18:14:01Z" user="sturmflut" uid="5862" lat="9.4234104" lon="100.0010171">
  <tag k="source" v="Bing"/>
 </node>
 <node id="1808772191" visible="true" version="2" changeset="12209208" timestamp="2012-07-13T18:14:01Z" user="sturmflut" uid="5862" lat="9.4234524" lon="100.0009721">
  <tag k="source" v="Bing"/>
 </node>
 <node id="1808772193" visible="true" version="2" changeset="12209208" timestamp="2012-07-13T18:14:01Z" user="sturmflut" uid="5862" lat="9.4234845" lon="100.0008419">
  <tag k="source" v="Bing"/>
 </node>
 <node id="1808772197" visible="true" version="2" changeset="12209208" timestamp="2012-07-13T18:14:01Z" user="sturmflut" uid="5862" lat="9.4235388" lon="100.0007518">
  <tag k="source" v="Bing"/>
 </node>
 <node id="1808772209" visible="true" version="2" changeset="12209208" timestamp="2012-07-13T18:14:01Z" user="sturmflut" uid="5862" lat="9.4236548" lon="100.0006892">
  <tag k="source" v="Bing"/>
 </node>
 <node id="1808772211" visible="true" version="2" changeset="12209208" timestamp="2012-07-13T18:14:01Z" user="sturmflut" uid="5862" lat="9.4236746" lon="100.0006267">
  <tag k="source" v="Bing"/>
 </node>
 <node id="1808772213" visible="true" version="2" changeset="12209208" timestamp="2012-07-13T18:14:03Z" user="sturmflut" uid="5862" lat="9.4237437" lon="100.0005891">
  <tag k="source" v="Bing"/>
 </node>
 <node id="1808772215" visible="true" version="2" changeset="12209208" timestamp="2012-07-13T18:14:03Z" user="sturmflut" uid="5862" lat="9.4237517" lon="100.0155070">
  <tag k="source" v="Bing"/>
 </node>
 <node id="1808772217" visible="true" version="2" changeset="12209208" timestamp="2012-07-13T18:14:03Z" user="sturmflut" uid="5862" lat="9.4237660" lon="99.9987470">
  <tag k="source" v="Bing"/>
 </node>
 <node id="1808772218" visible="true" version="2" changeset="12209208" timestamp="2012-07-13T18:14:03Z" user="sturmflut" uid="5862" lat="9.4238303" lon="100.0157053">
  <tag k="source" v="Bing"/>
 </node>
 <node id="1808772219" visible="true" version="2" changeset="12209208" timestamp="2012-07-13T18:14:03Z" user="sturmflut" uid="5862" lat="9.4238450" lon="100.0007293">
  <tag k="source" v="Bing"/>
 </node>
 <node id="1808772220" visible="true" version="2" changeset="12209208" timestamp="2012-07-13T18:14:04Z" user="sturmflut" uid="5862" lat="9.4238746" lon="99.9990048">
  <tag k="source" v="Bing"/>
 </node>
 <node id="1808772222" visible="true" version="2" changeset="12209208" timestamp="2012-07-13T18:14:04Z" user="sturmflut" uid="5862" lat="9.4240104" lon="99.9994753">
  <tag k="source" v="Bing"/>
 </node>
 <node id="1808772224" visible="true" version="2" changeset="12209208" timestamp="2012-07-13T18:14:04Z" user="sturmflut" uid="5862" lat="9.4240919" lon="100.0007093">
  <tag k="source" v="Bing"/>
 </node>
 <node id="1808772229" visible="true" version="2" changeset="12209208" timestamp="2012-07-13T18:14:06Z" user="sturmflut" uid="5862" lat="9.4242079" lon="100.0001912">
  <tag k="source" v="Bing"/>
 </node>
 <node id="1808772655" visible="true" version="2" changeset="12209208" timestamp="2012-07-13T18:15:07Z" user="sturmflut" uid="5862" lat="9.4310170" lon="100.0192712">
  <tag k="source" v="Bing"/>
 </node>
 <node id="1808772667" visible="true" version="2" changeset="12209208" timestamp="2012-07-13T18:15:07Z" user="sturmflut" uid="5862" lat="9.4317923" lon="100.0198669">
  <tag k="source" v="Bing"/>
 </node>
 <node id="1808772669" visible="true" version="2" changeset="12209208" timestamp="2012-07-13T18:15:10Z" user="sturmflut" uid="5862" lat="9.4325096" lon="100.0205252">
  <tag k="source" v="Bing"/>
 </node>
 <node id="1808772671" visible="true" version="2" changeset="12209208" timestamp="2012-07-13T18:15:10Z" user="sturmflut" uid="5862" lat="9.4348441" lon="100.0214112">
  <tag k="source" v="Bing"/>
 </node>
 <node id="1808772679" visible="true" version="5" changeset="149394025" timestamp="2024-03-31T14:53:01Z" user="Sal73x" uid="1293386" lat="9.4417254" lon="100.0237785">
  <tag k="source" v="Bing"/>
 </node>
 <node id="1808772708" visible="true" version="5" changeset="149394025" timestamp="2024-03-31T14:53:01Z" user="Sal73x" uid="1293386" lat="9.4429412" lon="100.0244269">
  <tag k="source" v="Bing"/>
 </node>
 <node id="1808772710" visible="true" version="4" changeset="149394025" timestamp="2024-03-31T14:53:01Z" user="Sal73x" uid="1293386" lat="9.4435943" lon="100.0243740">
  <tag k="source" v="Bing"/>
 </node>
 <node id="1808772712" visible="true" version="2" changeset="12209208" timestamp="2012-07-13T18:15:17Z" user="sturmflut" uid="5862" lat="9.4436839" lon="100.0244028">
  <tag k="source" v="Bing"/>
 </node>
 <node id="1808772716" visible="true" version="3" changeset="46364458" timestamp="2017-02-24T11:15:41Z" user="gezginrocker" uid="1686268" lat="9.4467120" lon="100.0269174">
  <tag k="source" v="Bing"/>
 </node>
 <node id="1808772718" visible="true" version="4" changeset="52557420" timestamp="2017-10-02T08:48:43Z" user="misht" uid="615059" lat="9.4473976" lon="100.0273821">
  <tag k="source" v="Bing"/>
 </node>
 <node id="1808772720" visible="true" version="3" changeset="46364458" timestamp="2017-02-24T11:15:41Z" user="gezginrocker" uid="1686268" lat="9.4482459" lon="100.0275402">
  <tag k="source" v="Bing"/>
 </node>
 <node id="1808772721" visible="true" version="2" changeset="12209208" timestamp="2012-07-13T18:15:17Z" user="sturmflut" uid="5862" lat="9.4486997" lon="100.0275973">
  <tag k="source" v="Bing"/>
 </node>
 <node id="1808772722" visible="true" version="4" changeset="52557420" timestamp="2017-10-02T08:48:43Z" user="misht" uid="615059" lat="9.4499720" lon="100.0277710">
  <tag k="source" v="Bing"/>
 </node>
 <node id="1808772723" visible="true" version="3" changeset="54426285" timestamp="2017-12-07T09:50:58Z" user="misht" uid="615059" lat="9.4501149" lon="100.0315945">
  <tag k="source" v="Bing"/>
 </node>
 <node id="1808772724" visible="true" version="3" changeset="54426285" timestamp="2017-12-07T09:50:58Z" user="misht" uid="615059" lat="9.4501506" lon="100.0315073">
  <tag k="source" v="Bing"/>
 </node>
 <node id="1808772725" visible="true" version="3" changeset="54426285" timestamp="2017-12-07T09:50:58Z" user="misht" uid="615059" lat="9.4501519" lon="100.0314523">
  <tag k="source" v="Bing"/>
 </node>
 <node id="1808772726" visible="true" version="2" changeset="12209208" timestamp="2012-07-13T18:15:20Z" user="sturmflut" uid="5862" lat="9.4501609" lon="100.0312874">
  <tag k="source" v="Bing"/>
 </node>
 <node id="1808772727" visible="true" version="3" changeset="54426285" timestamp="2017-12-07T09:50:58Z" user="misht" uid="615059" lat="9.4501916" lon="100.0316414">
  <tag k="source" v="Bing"/>
 </node>
 <node id="1808772728" visible="true" version="2" changeset="12209208" timestamp="2012-07-13T18:15:20Z" user="sturmflut" uid="5862" lat="9.4501766" lon="100.0312219">
  <tag k="source" v="Bing"/>
 </node>
 <node id="1808772729" visible="true" version="3" changeset="54426285" timestamp="2017-12-07T09:50:58Z" user="misht" uid="615059" lat="9.4501969" lon="100.0315489">
  <tag k="source" v="Bing"/>
 </node>
 <node id="1808772730" visible="true" version="3" changeset="54426285" timestamp="2017-12-07T09:50:58Z" user="misht" uid="615059" lat="9.4503318" lon="100.0313598">
  <tag k="source" v="Bing"/>
 </node>
 <node id="1808772737" visible="true" version="3" changeset="54426285" timestamp="2017-12-07T09:50:58Z" user="misht" uid="615059" lat="9.4503318" lon="100.0310191">
  <tag k="source" v="Bing"/>
 </node>
 <node id="1808772739" visible="true" version="2" changeset="12209208" timestamp="2012-07-13T18:15:21Z" user="sturmflut" uid="5862" lat="9.4504612" lon="100.0298379">
  <tag k="source" v="Bing"/>
 </node>
 <node id="1808772741" visible="true" version="3" changeset="54426285" timestamp="2017-12-07T09:50:58Z" user="misht" uid="615059" lat="9.4505858" lon="100.0307603">
  <tag k="source" v="Bing"/>
 </node>
 <node id="1808772743" visible="true" version="3" changeset="52557420" timestamp="2017-10-02T08:48:43Z" user="misht" uid="615059" lat="9.4506176" lon="100.0285703">
  <tag k="source" v="Bing"/>
 </node>
 <node id="1808772745" visible="true" version="3" changeset="52557420" timestamp="2017-10-02T08:48:43Z" user="misht" uid="615059" lat="9.4506268" lon="100.0288653">
  <tag k="source" v="Bing"/>
 </node>
 <node id="1808772746" visible="true" version="2" changeset="12209208" timestamp="2012-07-13T18:15:21Z" user="sturmflut" uid="5862" lat="9.4506463" lon="100.0327723">
  <tag k="source" v="Bing"/>
 </node>
 <node id="1808772749" visible="true" version="3" changeset="52557420" timestamp="2017-10-02T08:48:43Z" user="misht" uid="615059" lat="9.4507366" lon="100.0285515">
  <tag k="source" v="Bing"/>
 </node>
 <node id="1808772751" visible="true" version="2" changeset="12209208" timestamp="2012-07-13T18:15:23Z" user="sturmflut" uid="5862" lat="9.4508261" lon="100.0295246">
  <tag k="source" v="Bing"/>
 </node>
 <node id="1808772841" visible="true" version="3" changeset="46364278" timestamp="2017-02-24T11:08:15Z" user="gezginrocker" uid="1686268" lat="9.4571361" lon="100.0422453">
  <tag k="source" v="Bing"/>
 </node>
 <node id="1808772851" visible="true" version="2" changeset="12209208" timestamp="2012-07-13T18:15:37Z" user="sturmflut" uid="5862" lat="9.4573728" lon="100.0423877">
  <tag k="source" v="Bing"/>
 </node>
 <node id="1808772852" visible="true" version="2" changeset="12209208" timestamp="2012-07-13T18:15:37Z" user="sturmflut" uid="5862" lat="9.4575229" lon="100.0425152">
  <tag k="source" v="Bing"/>
 </node>
 <node id="1809437851" visible="true" version="2" changeset="12209208" timestamp="2012-07-13T18:56:52Z" user="sturmflut" uid="5862" lat="9.4217308" lon="99.9859067">
  <tag k="source" v="Bing"/>
 </node>
 <node id="1876225872" visible="true" version="1" changeset="12809847" timestamp="2012-08-21T15:28:01Z" user="sturmflut" uid="5862" lat="9.4232964" lon="100.0164866"/>
 <node id="1876225874" visible="true" version="1" changeset="12809847" timestamp="2012-08-21T15:28:01Z" user="sturmflut" uid="5862" lat="9.4233461" lon="100.0164041"/>
 <node id="1876225876" visible="true" version="1" changeset="12809847" timestamp="2012-08-21T15:28:01Z" user="sturmflut" uid="5862" lat="9.4233678" lon="100.0163882"/>
 <node id="1876225877" visible="true" version="1" changeset="12809847" timestamp="2012-08-21T15:28:01Z" user="sturmflut" uid="5862" lat="9.4233784" lon="100.0168542"/>
 <node id="1876225894" visible="true" version="1" changeset="12809847" timestamp="2012-08-21T15:28:01Z" user="sturmflut" uid="5862" lat="9.4234487" lon="100.0163933"/>
 <node id="1876225903" visible="true" version="1" changeset="12809847" timestamp="2012-08-21T15:28:02Z" user="sturmflut" uid="5862" lat="9.4235826" lon="100.0170041"/>
 <node id="1876225905" visible="true" version="1" changeset="12809847" timestamp="2012-08-21T15:28:02Z" user="sturmflut" uid="5862" lat="9.4235904" lon="100.0164459"/>
 <node id="1876225912" visible="true" version="1" changeset="12809847" timestamp="2012-08-21T15:28:02Z" user="sturmflut" uid="5862" lat="9.4236546" lon="100.0170765"/>
 <node id="1876225914" visible="true" version="1" changeset="12809847" timestamp="2012-08-21T15:28:02Z" user="sturmflut" uid="5862" lat="9.4236546" lon="100.0171268"/>
 <node id="1876225942" visible="true" version="1" changeset="12809847" timestamp="2012-08-21T15:28:02Z" user="sturmflut" uid="5862" lat="9.4237410" lon="100.0164255"/>
 <node id="1876226024" visible="true" version="1" changeset="12809847" timestamp="2012-08-21T15:28:03Z" user="sturmflut" uid="5862" lat="9.4241488" lon="100.0175243"/>
 <node id="1876226029" visible="true" version="1" changeset="12809847" timestamp="2012-08-21T15:28:03Z" user="sturmflut" uid="5862" lat="9.4242229" lon="100.0175283"/>
 <node id="1876226035" visible="true" version="1" changeset="12809847" timestamp="2012-08-21T15:28:03Z" user="sturmflut" uid="5862" lat="9.4242585" lon="100.0168829"/>
 <node id="1876226045" visible="true" version="1" changeset="12809847" timestamp="2012-08-21T15:28:03Z" user="sturmflut" uid="5862" lat="9.4242734" lon="100.0168197"/>
 <node id="1876226047" visible="true" version="1" changeset="12809847" timestamp="2012-08-21T15:28:03Z" user="sturmflut" uid="5862" lat="9.4242769" lon="100.0172535"/>
 <node id="1876226050" visible="true" version="1" changeset="12809847" timestamp="2012-08-21T15:28:03Z" user="sturmflut" uid="5862" lat="9.4242963" lon="100.0172164"/>
 <node id="1876226087" visible="true" version="1" changeset="12809847" timestamp="2012-08-21T15:28:04Z" user="sturmflut" uid="5862" lat="9.4244612" lon="100.0166390"/>
 <node id="1876226099" visible="true" version="1" changeset="12809847" timestamp="2012-08-21T15:28:04Z" user="sturmflut" uid="5862" lat="9.4246671" lon="100.0165630"/>
 <node id="1876226102" visible="true" version="1" changeset="12809847" timestamp="2012-08-21T15:28:04Z" user="sturmflut" uid="5862" lat="9.4248368" lon="100.0165318"/>
 <node id="1876226204" visible="true" version="1" changeset="12809847" timestamp="2012-08-21T15:28:05Z" user="sturmflut" uid="5862" lat="9.4253441" lon="100.0165150"/>
 <node id="1876226270" visible="true" version="1" changeset="12809847" timestamp="2012-08-21T15:28:06Z" user="sturmflut" uid="5862" lat="9.4255697" lon="100.0165430"/>
 <node id="1876226288" visible="true" version="1" changeset="12809847" timestamp="2012-08-21T15:28:06Z" user="sturmflut" uid="5862" lat="9.4257504" lon="100.0165774"/>
 <node id="1876291387" visible="true" version="1" changeset="12810524" timestamp="2012-08-21T16:23:50Z" user="sturmflut" uid="5862" lat="9.4195511" lon="99.9814544"/>
 <node id="1903368442" visible="true" version="3" changeset="46363953" timestamp="2017-02-24T10:54:59Z" user="gezginrocker" uid="1686268" lat="9.4771071" lon="100.0684974"/>
 <node id="1903368453" visible="true" version="2" changeset="46363953" timestamp="2017-02-24T10:54:59Z" user="gezginrocker" uid="1686268" lat="9.4771530" lon="100.0691140"/>
 <node id="1906698618" visible="true" version="1" changeset="13043149" timestamp="2012-09-09T11:18:38Z" user="sturmflut" uid="5862" lat="9.4517262" lon="100.0398841"/>
 <node id="1906698619" visible="true" version="2" changeset="46371995" timestamp="2017-02-24T16:10:02Z" user="gezginrocker" uid="1686268" lat="9.4517774" lon="100.0398783"/>
 <node id="1906698620" visible="true" version="2" changeset="46371995" timestamp="2017-02-24T16:10:02Z" user="gezginrocker" uid="1686268" lat="9.4518043" lon="100.0398825"/>
 <node id="1906698621" visible="true" version="1" changeset="13043149" timestamp="2012-09-09T11:18:38Z" user="sturmflut" uid="5862" lat="9.4518109" lon="100.0398894"/>
 <node id="1906698622" visible="true" version="1" changeset="13043149" timestamp="2012-09-09T11:18:39Z" user="sturmflut" uid="5862" lat="9.4518305" lon="100.0398660"/>
 <node id="1906698623" visible="true" version="1" changeset="13043149" timestamp="2012-09-09T11:18:39Z" user="sturmflut" uid="5862" lat="9.4518748" lon="100.0398828"/>
 <node id="1906698624" visible="true" version="1" changeset="13043149" timestamp="2012-09-09T11:18:39Z" user="sturmflut" uid="5862" lat="9.4518683" lon="100.0399048"/>
 <node id="1906698626" visible="true" version="1" changeset="13043149" timestamp="2012-09-09T11:18:39Z" user="sturmflut" uid="5862" lat="9.4518931" lon="100.0399198"/>
 <node id="1906698630" visible="true" version="1" changeset="13043149" timestamp="2012-09-09T11:18:39Z" user="sturmflut" uid="5862" lat="9.4519578" lon="100.0399810"/>
 <node id="1906698632" visible="true" version="1" changeset="13043149" timestamp="2012-09-09T11:18:39Z" user="sturmflut" uid="5862" lat="9.4522225" lon="100.0382208"/>
 <node id="1906698633" visible="true" version="1" changeset="13043149" timestamp="2012-09-09T11:18:39Z" user="sturmflut" uid="5862" lat="9.4523459" lon="100.0381318"/>
 <node id="1906698634" visible="true" version="1" changeset="13043149" timestamp="2012-09-09T11:18:39Z" user="sturmflut" uid="5862" lat="9.4524093" lon="100.0381318"/>
 <node id="1906698635" visible="true" version="1" changeset="13043149" timestamp="2012-09-09T11:18:39Z" user="sturmflut" uid="5862" lat="9.4524763" lon="100.0379600"/>
 <node id="2003345803" visible="true" version="2" changeset="46371995" timestamp="2017-02-24T16:10:02Z" user="gezginrocker" uid="1686268" lat="9.4518174" lon="100.0395663"/>
 <node id="2003345811" visible="true" version="1" changeset="13802224" timestamp="2012-11-08T20:42:52Z" user="vit" uid="172507" lat="9.4522770" lon="100.0401986"/>
 <node id="2003345813" visible="true" version="2" changeset="46371995" timestamp="2017-02-24T16:10:02Z" user="gezginrocker" uid="1686268" lat="9.4523252" lon="100.0399958"/>
 <node id="2003345814" visible="true" version="1" changeset="13802224" timestamp="2012-11-08T20:42:52Z" user="vit" uid="172507" lat="9.4523365" lon="100.0402062"/>
 <node id="2003345816" visible="true" version="2" changeset="46371995" timestamp="2017-02-24T16:10:02Z" user="gezginrocker" uid="1686268" lat="9.4526459" lon="100.0397690"/>
 <node id="2003345818" visible="true" version="2" changeset="46371995" timestamp="2017-02-24T16:10:02Z" user="gezginrocker" uid="1686268" lat="9.4522982" lon="100.0401260"/>
 <node id="2003345819" visible="true" version="2" changeset="46371995" timestamp="2017-02-24T16:10:02Z" user="gezginrocker" uid="1686268" lat="9.4524588" lon="100.0401318"/>
 <node id="2003345821" visible="true" version="1" changeset="13802224" timestamp="2012-11-08T20:42:52Z" user="vit" uid="172507" lat="9.4526253" lon="100.0401621"/>
 <node id="2003345823" visible="true" version="1" changeset="13802224" timestamp="2012-11-08T20:42:52Z" user="vit" uid="172507" lat="9.4527264" lon="100.0400415"/>
 <node id="2003345824" visible="true" version="2" changeset="32768102" timestamp="2015-07-21T05:11:03Z" user="DemoLogin" uid="1709753" lat="9.4527636" lon="100.0400381"/>
 <node id="2003345825" visible="true" version="1" changeset="13802224" timestamp="2012-11-08T20:42:52Z" user="vit" uid="172507" lat="9.4528438" lon="100.0400686"/>
 <node id="2003345826" visible="true" version="1" changeset="13802224" timestamp="2012-11-08T20:42:52Z" user="vit" uid="172507" lat="9.4529122" lon="100.0400279"/>
 <node id="2003345827" visible="true" version="1" changeset="13802224" timestamp="2012-11-08T20:42:52Z" user="vit" uid="172507" lat="9.4529271" lon="100.0401199"/>
 <node id="2003345828" visible="true" version="1" changeset="13802224" timestamp="2012-11-08T20:42:52Z" user="vit" uid="172507" lat="9.4529330" lon="100.0401515"/>
 <node id="2003345829" visible="true" version="1" changeset="13802224" timestamp="2012-11-08T20:42:53Z" user="vit" uid="172507" lat="9.4529524" lon="100.0400641"/>
 <node id="2003345830" visible="true" version="1" changeset="13802224" timestamp="2012-11-08T20:42:53Z" user="vit" uid="172507" lat="9.4530550" lon="100.0401681"/>
 <node id="2120257591" visible="true" version="3" changeset="103204833" timestamp="2021-04-19T14:24:22Z" user="Map Fan" uid="10255233" lat="9.5716871" lon="100.0863018"/>
 <node id="2515514685" visible="true" version="2" changeset="46363760" timestamp="2017-02-24T10:46:10Z" user="gezginrocker" uid="1686268" lat="9.5632637" lon="100.0883268"/>
 <node id="2534432339" visible="true" version="3" changeset="46363841" timestamp="2017-02-24T10:49:29Z" user="gezginrocker" uid="1686268" lat="9.5394096" lon="100.0728267"/>
 <node id="2534572987" visible="true" version="2" changeset="46363760" timestamp="2017-02-24T10:46:10Z" user="gezginrocker" uid="1686268" lat="9.5912489" lon="100.0689957"/>
 <node id="2584696296" visible="true" version="3" changeset="149394025" timestamp="2024-03-31T14:53:01Z" user="Sal73x" uid="1293386" lat="9.4424594" lon="100.0242194"/>
 <node id="2649218902" visible="true" version="2" changeset="20328576" timestamp="2014-02-02T05:44:16Z" user="steve91" uid="637652" lat="9.5416732" lon="100.0766421"/>
 <node id="2649218973" visible="true" version="3" changeset="52974567" timestamp="2017-10-16T08:02:19Z" user="misht" uid="615059" lat="9.5433352" lon="100.0760427"/>
 <node id="2649238173" visible="true" version="3" changeset="52974567" timestamp="2017-10-16T08:02:19Z" user="misht" uid="615059" lat="9.5439885" lon="100.0757879"/>
 <node id="2649238175" visible="true" version="2" changeset="46363760" timestamp="2017-02-24T10:46:10Z" user="gezginrocker" uid="1686268" lat="9.5462419" lon="100.0757076"/>
 <node id="2649255064" visible="true" version="2" changeset="46363760" timestamp="2017-02-24T10:46:10Z" user="gezginrocker" uid="1686268" lat="9.5421818" lon="100.0764787"/>
 <node id="2649255066" visible="true" version="3" changeset="52974567" timestamp="2017-10-16T08:02:19Z" user="misht" uid="615059" lat="9.5426052" lon="100.0762036"/>
 <node id="2945280581" visible="true" version="1" changeset="23753744" timestamp="2014-07-03T06:01:31Z" user="usverg" uid="466749" lat="9.5104389" lon="100.0579295"/>
 <node id="2945280715" visible="true" version="1" changeset="23753744" timestamp="2014-07-03T06:01:34Z" user="usverg" uid="466749" lat="9.5111378" lon="100.0577589"/>
 <node id="2945280835" visible="true" version="1" changeset="23753744" timestamp="2014-07-03T06:01:34Z" user="usverg" uid="466749" lat="9.5094548" lon="100.0568749"/>
 <node id="2945280910" visible="true" version="3" changeset="46363841" timestamp="2017-02-24T10:49:29Z" user="gezginrocker" uid="1686268" lat="9.5216015" lon="100.0592432"/>
 <node id="3659671944" visible="true" version="2" changeset="46371995" timestamp="2017-02-24T16:10:02Z" user="gezginrocker" uid="1686268" lat="9.4519665" lon="100.0399678"/>
 <node id="3659671946" visible="true" version="1" changeset="32768102" timestamp="2015-07-21T05:11:03Z" user="DemoLogin" uid="1709753" lat="9.4518902" lon="100.0395376"/>
 <node id="3888978740" visible="true" version="1" changeset="35907515" timestamp="2015-12-12T11:54:40Z" user="poschon" uid="1719211" lat="9.5016666" lon="100.0564669"/>
 <node id="3888978741" visible="true" version="1" changeset="35907515" timestamp="2015-12-12T11:54:40Z" user="poschon" uid="1719211" lat="9.5021937" lon="100.0561800"/>
 <node id="3888978742" visible="true" version="1" changeset="35907515" timestamp="2015-12-12T11:54:40Z" user="poschon" uid="1719211" lat="9.5024806" lon="100.0560778"/>
 <node id="3888978745" visible="true" version="1" changeset="35907515" timestamp="2015-12-12T11:54:40Z" user="poschon" uid="1719211" lat="9.5045737" lon="100.0560385"/>
 <node id="3888979162" visible="true" version="1" changeset="35907515" timestamp="2015-12-12T11:54:41Z" user="poschon" uid="1719211" lat="9.5101397" lon="100.0572372"/>
 <node id="3888979166" visible="true" version="1" changeset="35907515" timestamp="2015-12-12T11:54:41Z" user="poschon" uid="1719211" lat="9.5103180" lon="100.0573747"/>
 <node id="3888979181" visible="true" version="1" changeset="35907515" timestamp="2015-12-12T11:54:41Z" user="poschon" uid="1719211" lat="9.5108645" lon="100.0579760"/>
 <node id="3888979186" visible="true" version="3" changeset="149662867" timestamp="2024-04-06T16:30:53Z" user="Pekithaï" uid="9062849" lat="9.5113491" lon="100.0571445"/>
 <node id="3888979189" visible="true" version="2" changeset="46363841" timestamp="2017-02-24T10:49:29Z" user="gezginrocker" uid="1686268" lat="9.5114981" lon="100.0567008"/>
 <node id="3888979192" visible="true" version="1" changeset="35907515" timestamp="2015-12-12T11:54:41Z" user="poschon" uid="1719211" lat="9.5115854" lon="100.0565180"/>
 <node id="3888979195" visible="true" version="1" changeset="35907515" timestamp="2015-12-12T11:54:41Z" user="poschon" uid="1719211" lat="9.5120118" lon="100.0564747"/>
 <node id="3888979281" visible="true" version="1" changeset="35907515" timestamp="2015-12-12T11:54:42Z" user="poschon" uid="1719211" lat="9.5396186" lon="100.0740624"/>
 <node id="3888979282" visible="true" version="1" changeset="35907515" timestamp="2015-12-12T11:54:43Z" user="poschon" uid="1719211" lat="9.5396303" lon="100.0743690"/>
 <node id="3888979283" visible="true" version="1" changeset="35907515" timestamp="2015-12-12T11:54:43Z" user="poschon" uid="1719211" lat="9.5400023" lon="100.0759685"/>
 <node id="3888979284" visible="true" version="1" changeset="35907515" timestamp="2015-12-12T11:54:43Z" user="poschon" uid="1719211" lat="9.5403860" lon="100.0766916"/>
 <node id="3888979285" visible="true" version="2" changeset="52974567" timestamp="2017-10-16T08:02:19Z" user="misht" uid="615059" lat="9.5404520" lon="100.0769949"/>
 <node id="4703294016" visible="true" version="1" changeset="46363760" timestamp="2017-02-24T10:46:05Z" user="gezginrocker" uid="1686268" lat="9.5573836" lon="100.0833920"/>
 <node id="4703294017" visible="true" version="1" changeset="46363760" timestamp="2017-02-24T10:46:05Z" user="gezginrocker" uid="1686268" lat="9.5592192" lon="100.0874206"/>
 <node id="4703294018" visible="true" version="1" changeset="46363760" timestamp="2017-02-24T10:46:05Z" user="gezginrocker" uid="1686268" lat="9.5612876" lon="100.0885579"/>
 <node id="4703294019" visible="true" version="1" changeset="46363760" timestamp="2017-02-24T10:46:05Z" user="gezginrocker" uid="1686268" lat="9.5628084" lon="100.0886544"/>
 <node id="4703294021" visible="true" version="1" changeset="46363760" timestamp="2017-02-24T10:46:05Z" user="gezginrocker" uid="1686268" lat="9.5658620" lon="100.0893760"/>
 <node id="4703294022" visible="true" version="1" changeset="46363760" timestamp="2017-02-24T10:46:06Z" user="gezginrocker" uid="1686268" lat="9.5657456" lon="100.0891936"/>
 <node id="4703294023" visible="true" version="1" changeset="46363760" timestamp="2017-02-24T10:46:06Z" user="gezginrocker" uid="1686268" lat="9.5655181" lon="100.0892472"/>
 <node id="4703294024" visible="true" version="1" changeset="46363760" timestamp="2017-02-24T10:46:06Z" user="gezginrocker" uid="1686268" lat="9.5662270" lon="100.0891399"/>
 <node id="4703294042" visible="true" version="2" changeset="148596268" timestamp="2024-03-13T14:18:22Z" user="Sal73x" uid="1293386" lat="9.5702296" lon="100.0885239"/>
 <node id="4703294044" visible="true" version="1" changeset="46363760" timestamp="2017-02-24T10:46:06Z" user="gezginrocker" uid="1686268" lat="9.5843646" lon="100.0798729"/>
 <node id="4703294045" visible="true" version="1" changeset="46363760" timestamp="2017-02-24T10:46:06Z" user="gezginrocker" uid="1686268" lat="9.5853419" lon="100.0805381"/>
 <node id="4703294046" visible="true" version="1" changeset="46363760" timestamp="2017-02-24T10:46:06Z" user="gezginrocker" uid="1686268" lat="9.5864685" lon="100.0803262"/>
 <node id="4703294047" visible="true" version="1" changeset="46363760" timestamp="2017-02-24T10:46:06Z" user="gezginrocker" uid="1686268" lat="9.5869737" lon="100.0806990"/>
 <node id="4703294048" visible="true" version="1" changeset="46363760" timestamp="2017-02-24T10:46:06Z" user="gezginrocker" uid="1686268" lat="9.5876164" lon="100.0807768"/>
 <node id="4703294049" visible="true" version="1" changeset="46363760" timestamp="2017-02-24T10:46:06Z" user="gezginrocker" uid="1686268" lat="9.5880580" lon="100.0805086"/>
 <node id="4703294050" visible="true" version="1" changeset="46363760" timestamp="2017-02-24T10:46:06Z" user="gezginrocker" uid="1686268" lat="9.5884627" lon="100.0800177"/>
 <node id="4703294051" visible="true" version="1" changeset="46363760" timestamp="2017-02-24T10:46:06Z" user="gezginrocker" uid="1686268" lat="9.5884045" lon="100.0798702"/>
 <node id="4703294052" visible="true" version="1" changeset="46363760" timestamp="2017-02-24T10:46:06Z" user="gezginrocker" uid="1686268" lat="9.5885420" lon="100.0798139"/>
 <node id="4703294053" visible="true" version="1" changeset="46363760" timestamp="2017-02-24T10:46:06Z" user="gezginrocker" uid="1686268" lat="9.5885447" lon="100.0795483"/>
 <node id="4703294054" visible="true" version="1" changeset="46363760" timestamp="2017-02-24T10:46:06Z" user="gezginrocker" uid="1686268" lat="9.5886875" lon="100.0793874"/>
 <node id="4703294065" visible="true" version="2" changeset="136613408" timestamp="2023-05-27T07:23:25Z" user="Bryan Klofas" uid="9234636" lat="9.5722426" lon="100.0861046"/>
 <node id="4703294068" visible="true" version="1" changeset="46363760" timestamp="2017-02-24T10:46:06Z" user="gezginrocker" uid="1686268" lat="9.5592278" lon="100.0866160"/>
 <node id="4703294069" visible="true" version="1" changeset="46363760" timestamp="2017-02-24T10:46:06Z" user="gezginrocker" uid="1686268" lat="9.5599076" lon="100.0884077"/>
 <node id="4703294070" visible="true" version="1" changeset="46363760" timestamp="2017-02-24T10:46:06Z" user="gezginrocker" uid="1686268" lat="9.5596325" lon="100.0877103"/>
 <node id="4703294071" visible="true" version="1" changeset="46363760" timestamp="2017-02-24T10:46:06Z" user="gezginrocker" uid="1686268" lat="9.5607275" lon="100.0884506"/>
 <node id="4703294072" visible="true" version="1" changeset="46363760" timestamp="2017-02-24T10:46:06Z" user="gezginrocker" uid="1686268" lat="9.5624520" lon="100.0882521"/>
 <node id="4703294073" visible="true" version="1" changeset="46363760" timestamp="2017-02-24T10:46:06Z" user="gezginrocker" uid="1686268" lat="9.5651657" lon="100.0890943"/>
 <node id="4703294074" visible="true" version="1" changeset="46363760" timestamp="2017-02-24T10:46:06Z" user="gezginrocker" uid="1686268" lat="9.5654408" lon="100.0892123"/>
 <node id="4703294075" visible="true" version="1" changeset="46363760" timestamp="2017-02-24T10:46:06Z" user="gezginrocker" uid="1686268" lat="9.5672711" lon="100.0895235"/>
 <node id="4703294076" visible="true" version="1" changeset="46363760" timestamp="2017-02-24T10:46:06Z" user="gezginrocker" uid="1686268" lat="9.5697044" lon="100.0906125"/>
 <node id="4703294077" visible="true" version="1" changeset="46363760" timestamp="2017-02-24T10:46:06Z" user="gezginrocker" uid="1686268" lat="9.5700588" lon="100.0889763"/>
 <node id="4703294078" visible="true" version="1" changeset="46363760" timestamp="2017-02-24T10:46:06Z" user="gezginrocker" uid="1686268" lat="9.5753802" lon="100.0807473"/>
 <node id="4703294079" visible="true" version="1" changeset="46363760" timestamp="2017-02-24T10:46:06Z" user="gezginrocker" uid="1686268" lat="9.5757505" lon="100.0810745"/>
 <node id="4703294080" visible="true" version="1" changeset="46363760" timestamp="2017-02-24T10:46:06Z" user="gezginrocker" uid="1686268" lat="9.5761049" lon="100.0808653"/>
 <node id="4703294081" visible="true" version="1" changeset="46363760" timestamp="2017-02-24T10:46:06Z" user="gezginrocker" uid="1686268" lat="9.5769460" lon="100.0808760"/>
 <node id="4703294088" visible="true" version="1" changeset="46363760" timestamp="2017-02-24T10:46:06Z" user="gezginrocker" uid="1686268" lat="9.5818124" lon="100.0815573"/>
 <node id="4703294089" visible="true" version="1" changeset="46363760" timestamp="2017-02-24T10:46:06Z" user="gezginrocker" uid="1686268" lat="9.5824789" lon="100.0813642"/>
 <node id="4703294090" visible="true" version="1" changeset="46363760" timestamp="2017-02-24T10:46:06Z" user="gezginrocker" uid="1686268" lat="9.5840552" lon="100.0798407"/>
 <node id="4703294091" visible="true" version="1" changeset="46363760" timestamp="2017-02-24T10:46:06Z" user="gezginrocker" uid="1686268" lat="9.5876071" lon="100.0809619"/>
 <node id="4703294092" visible="true" version="2" changeset="162093547" timestamp="2025-02-03T16:22:39Z" user="caigner" uid="473925" lat="9.5899319" lon="100.0695812"/>
 <node id="4703297743" visible="true" version="1" changeset="46363841" timestamp="2017-02-24T10:49:28Z" user="gezginrocker" uid="1686268" lat="9.5038060" lon="100.0559986"/>
 <node id="4703297745" visible="true" version="1" changeset="46363841" timestamp="2017-02-24T10:49:28Z" user="gezginrocker" uid="1686268" lat="9.5068535" lon="100.0562293"/>
 <node id="4703297746" visible="true" version="1" changeset="46363841" timestamp="2017-02-24T10:49:28Z" user="gezginrocker" uid="1686268" lat="9.5114855" lon="100.0569213"/>
 <node id="4703297750" visible="true" version="1" changeset="46363841" timestamp="2017-02-24T10:49:28Z" user="gezginrocker" uid="1686268" lat="9.5114908" lon="100.0567013"/>
 <node id="4703297751" visible="true" version="1" changeset="46363841" timestamp="2017-02-24T10:49:28Z" user="gezginrocker" uid="1686268" lat="9.5164217" lon="100.0574041"/>
 <node id="4703297752" visible="true" version="1" changeset="46363841" timestamp="2017-02-24T10:49:28Z" user="gezginrocker" uid="1686268" lat="9.5272514" lon="100.0615937"/>
 <node id="4703297753" visible="true" version="1" changeset="46363841" timestamp="2017-02-24T10:49:28Z" user="gezginrocker" uid="1686268" lat="9.5255320" lon="100.0607568"/>
 <node id="4703297755" visible="true" version="1" changeset="46363841" timestamp="2017-02-24T10:49:28Z" user="gezginrocker" uid="1686268" lat="9.5292670" lon="100.0628919"/>
 <node id="4703297757" visible="true" version="1" changeset="46363841" timestamp="2017-02-24T10:49:28Z" user="gezginrocker" uid="1686268" lat="9.5342770" lon="100.0694847"/>
 <node id="4703297758" visible="true" version="1" changeset="46363841" timestamp="2017-02-24T10:49:28Z" user="gezginrocker" uid="1686268" lat="9.5359752" lon="100.0698549"/>
 <node id="4703297759" visible="true" version="1" changeset="46363841" timestamp="2017-02-24T10:49:28Z" user="gezginrocker" uid="1686268" lat="9.5366510" lon="100.0701231"/>
 <node id="4703297760" visible="true" version="1" changeset="46363841" timestamp="2017-02-24T10:49:28Z" user="gezginrocker" uid="1686268" lat="9.5386296" lon="100.0716359"/>
 <node id="4703297761" visible="true" version="1" changeset="46363841" timestamp="2017-02-24T10:49:28Z" user="gezginrocker" uid="1686268" lat="9.5395818" lon="100.0734920"/>
 <node id="4703303446" visible="true" version="3" changeset="52406920" timestamp="2017-09-27T08:39:53Z" user="misht" uid="615059" lat="9.4707913" lon="100.0541506"/>
 <node id="4703303452" visible="true" version="1" changeset="46363953" timestamp="2017-02-24T10:54:58Z" user="gezginrocker" uid="1686268" lat="9.4713997" lon="100.0566638"/>
 <node id="4703303457" visible="true" version="2" changeset="46364278" timestamp="2017-02-24T11:08:16Z" user="gezginrocker" uid="1686268" lat="9.4713693" lon="100.0589249"/>
 <node id="4703303459" visible="true" version="2" changeset="46364278" timestamp="2017-02-24T11:08:16Z" user="gezginrocker" uid="1686268" lat="9.4713508" lon="100.0582570"/>
 <node id="4703303460" visible="true" version="1" changeset="46363953" timestamp="2017-02-24T10:54:58Z" user="gezginrocker" uid="1686268" lat="9.4712397" lon="100.0578171"/>
 <node id="4703303461" visible="true" version="1" changeset="46363953" timestamp="2017-02-24T10:54:58Z" user="gezginrocker" uid="1686268" lat="9.4710968" lon="100.0574094"/>
 <node id="4703303463" visible="true" version="1" changeset="46363953" timestamp="2017-02-24T10:54:58Z" user="gezginrocker" uid="1686268" lat="9.4713323" lon="100.0629831"/>
 <node id="4703303465" visible="true" version="2" changeset="52406313" timestamp="2017-09-27T08:18:08Z" user="misht" uid="615059" lat="9.4712956" lon="100.0645105">
  <tag k="source" v="Bing"/>
 </node>
 <node id="4703303466" visible="true" version="2" changeset="52406313" timestamp="2017-09-27T08:18:08Z" user="misht" uid="615059" lat="9.4703335" lon="100.0651731"/>
 <node id="4703303471" visible="true" version="2" changeset="52406313" timestamp="2017-09-27T08:18:08Z" user="misht" uid="615059" lat="9.4694631" lon="100.0661789"/>
 <node id="4703303472" visible="true" version="2" changeset="52406313" timestamp="2017-09-27T08:18:08Z" user="misht" uid="615059" lat="9.4694486" lon="100.0663479"/>
 <node id="4703303474" visible="true" version="1" changeset="46363953" timestamp="2017-02-24T10:54:58Z" user="gezginrocker" uid="1686268" lat="9.4731313" lon="100.0703806"/>
 <node id="4703303475" visible="true" version="1" changeset="46363953" timestamp="2017-02-24T10:54:58Z" user="gezginrocker" uid="1686268" lat="9.4766341" lon="100.0710726"/>
 <node id="4703303476" visible="true" version="1" changeset="46363953" timestamp="2017-02-24T10:54:58Z" user="gezginrocker" uid="1686268" lat="9.4775283" lon="100.0707937"/>
 <node id="4703303477" visible="true" version="1" changeset="46363953" timestamp="2017-02-24T10:54:58Z" user="gezginrocker" uid="1686268" lat="9.4778035" lon="100.0666952"/>
 <node id="4703303478" visible="true" version="1" changeset="46363953" timestamp="2017-02-24T10:54:58Z" user="gezginrocker" uid="1686268" lat="9.4770839" lon="100.0680203"/>
 <node id="4703303479" visible="true" version="1" changeset="46363953" timestamp="2017-02-24T10:54:58Z" user="gezginrocker" uid="1686268" lat="9.4787982" lon="100.0664538"/>
 <node id="4703303480" visible="true" version="1" changeset="46363953" timestamp="2017-02-24T10:54:58Z" user="gezginrocker" uid="1686268" lat="9.4800152" lon="100.0669152"/>
 <node id="4703303481" visible="true" version="1" changeset="46363953" timestamp="2017-02-24T10:54:58Z" user="gezginrocker" uid="1686268" lat="9.4896053" lon="100.0628221"/>
 <node id="4703303482" visible="true" version="1" changeset="46363953" timestamp="2017-02-24T10:54:58Z" user="gezginrocker" uid="1686268" lat="9.4901238" lon="100.0625164"/>
 <node id="4703303486" visible="true" version="2" changeset="54532122" timestamp="2017-12-11T07:50:43Z" user="misht" uid="615059" lat="9.4904373" lon="100.0616983"/>
 <node id="4703303487" visible="true" version="1" changeset="46363953" timestamp="2017-02-24T10:54:58Z" user="gezginrocker" uid="1686268" lat="9.4912719" lon="100.0617546"/>
 <node id="4703303488" visible="true" version="1" changeset="46363953" timestamp="2017-02-24T10:54:58Z" user="gezginrocker" uid="1686268" lat="9.4913566" lon="100.0619531"/>
 <node id="4703304989" visible="true" version="1" changeset="46363953" timestamp="2017-02-24T10:54:58Z" user="gezginrocker" uid="1686268" lat="9.4916264" lon="100.0620711"/>
 <node id="4703304990" visible="true" version="1" changeset="46363953" timestamp="2017-02-24T10:54:58Z" user="gezginrocker" uid="1686268" lat="9.4921820" lon="100.0620765"/>
 <node id="4703304991" visible="true" version="1" changeset="46363953" timestamp="2017-02-24T10:54:58Z" user="gezginrocker" uid="1686268" lat="9.4934148" lon="100.0619638"/>
 <node id="4703304992" visible="true" version="1" changeset="46363953" timestamp="2017-02-24T10:54:58Z" user="gezginrocker" uid="1686268" lat="9.4941132" lon="100.0616634"/>
 <node id="4703304993" visible="true" version="1" changeset="46363953" timestamp="2017-02-24T10:54:58Z" user="gezginrocker" uid="1686268" lat="9.4948274" lon="100.0615830"/>
 <node id="4703304994" visible="true" version="1" changeset="46363953" timestamp="2017-02-24T10:54:58Z" user="gezginrocker" uid="1686268" lat="9.5007374" lon="100.0582516"/>
 <node id="4703311180" visible="true" version="1" changeset="46364008" timestamp="2017-02-24T10:56:58Z" user="gezginrocker" uid="1686268" lat="9.4549342" lon="100.0410828"/>
 <node id="4703311181" visible="true" version="2" changeset="46364278" timestamp="2017-02-24T11:08:16Z" user="gezginrocker" uid="1686268" lat="9.4569555" lon="100.0420846"/>
 <node id="4703311183" visible="true" version="1" changeset="46364008" timestamp="2017-02-24T10:56:59Z" user="gezginrocker" uid="1686268" lat="9.4659563" lon="100.0474986"/>
 <node id="4703311290" visible="true" version="1" changeset="46364008" timestamp="2017-02-24T10:56:59Z" user="gezginrocker" uid="1686268" lat="9.4701087" lon="100.0525224"/>
 <node id="4703311291" visible="true" version="1" changeset="46364008" timestamp="2017-02-24T10:56:59Z" user="gezginrocker" uid="1686268" lat="9.4703944" lon="100.0531554"/>
 <node id="4703338032" visible="true" version="1" changeset="46364278" timestamp="2017-02-24T11:08:13Z" user="gezginrocker" uid="1686268" lat="9.4517189" lon="100.0352973"/>
 <node id="4703338033" visible="true" version="1" changeset="46364278" timestamp="2017-02-24T11:08:13Z" user="gezginrocker" uid="1686268" lat="9.4515945" lon="100.0350693"/>
 <node id="4703338034" visible="true" version="1" changeset="46364278" timestamp="2017-02-24T11:08:13Z" user="gezginrocker" uid="1686268" lat="9.4516752" lon="100.0391060"/>
 <node id="4703338035" visible="true" version="1" changeset="46364278" timestamp="2017-02-24T11:08:13Z" user="gezginrocker" uid="1686268" lat="9.4529783" lon="100.0401870"/>
 <node id="4703338051" visible="true" version="1" changeset="46364278" timestamp="2017-02-24T11:08:13Z" user="gezginrocker" uid="1686268" lat="9.4687051" lon="100.0503619"/>
 <node id="4703338052" visible="true" version="1" changeset="46364278" timestamp="2017-02-24T11:08:13Z" user="gezginrocker" uid="1686268" lat="9.4693295" lon="100.0515314"/>
 <node id="4703338055" visible="true" version="2" changeset="52406313" timestamp="2017-09-27T08:18:08Z" user="misht" uid="615059" lat="9.4715096" lon="100.0623568"/>
 <node id="4703338056" visible="true" version="1" changeset="46364278" timestamp="2017-02-24T11:08:13Z" user="gezginrocker" uid="1686268" lat="9.4666680" lon="100.0690998"/>
 <node id="4703338057" visible="true" version="2" changeset="52406313" timestamp="2017-09-27T08:18:08Z" user="misht" uid="615059" lat="9.4667275" lon="100.0704047"/>
 <node id="4703338058" visible="true" version="2" changeset="52406313" timestamp="2017-09-27T08:18:08Z" user="misht" uid="615059" lat="9.4665529" lon="100.0699943"/>
 <node id="4703338059" visible="true" version="1" changeset="46364278" timestamp="2017-02-24T11:08:13Z" user="gezginrocker" uid="1686268" lat="9.4946872" lon="100.0614555"/>
 <node id="4703338060" visible="true" version="1" changeset="46364278" timestamp="2017-02-24T11:08:13Z" user="gezginrocker" uid="1686268" lat="9.4881688" lon="100.0649853"/>
 <node id="4703338061" visible="true" version="1" changeset="46364278" timestamp="2017-02-24T11:08:13Z" user="gezginrocker" uid="1686268" lat="9.4867190" lon="100.0667180"/>
 <node id="4703338062" visible="true" version="1" changeset="46364278" timestamp="2017-02-24T11:08:13Z" user="gezginrocker" uid="1686268" lat="9.4871687" lon="100.0661977"/>
 <node id="4703338063" visible="true" version="1" changeset="46364278" timestamp="2017-02-24T11:08:13Z" user="gezginrocker" uid="1686268" lat="9.4831026" lon="100.0670399"/>
 <node id="4703338064" visible="true" version="1" changeset="46364278" timestamp="2017-02-24T11:08:13Z" user="gezginrocker" uid="1686268" lat="9.4824359" lon="100.0667770"/>
 <node id="4703338065" visible="true" version="1" changeset="46364278" timestamp="2017-02-24T11:08:13Z" user="gezginrocker" uid="1686268" lat="9.4813935" lon="100.0669863"/>
 <node id="4703338066" visible="true" version="1" changeset="46364278" timestamp="2017-02-24T11:08:13Z" user="gezginrocker" uid="1686268" lat="9.4804887" lon="100.0669433"/>
 <node id="4703338067" visible="true" version="1" changeset="46364278" timestamp="2017-02-24T11:08:13Z" user="gezginrocker" uid="1686268" lat="9.4796157" lon="100.0667931"/>
 <node id="4703338068" visible="true" version="1" changeset="46364278" timestamp="2017-02-24T11:08:13Z" user="gezginrocker" uid="1686268" lat="9.4732768" lon="100.0708755"/>
 <node id="4703338069" visible="true" version="1" changeset="46364278" timestamp="2017-02-24T11:08:13Z" user="gezginrocker" uid="1686268" lat="9.4731022" lon="100.0716318"/>
 <node id="4703338070" visible="true" version="1" changeset="46364278" timestamp="2017-02-24T11:08:13Z" user="gezginrocker" uid="1686268" lat="9.4727689" lon="100.0721146"/>
 <node id="4703338071" visible="true" version="1" changeset="46364278" timestamp="2017-02-24T11:08:13Z" user="gezginrocker" uid="1686268" lat="9.4712608" lon="100.0741692"/>
 <node id="4703338072" visible="true" version="1" changeset="46364278" timestamp="2017-02-24T11:08:13Z" user="gezginrocker" uid="1686268" lat="9.4704513" lon="100.0737883"/>
 <node id="4703338073" visible="true" version="1" changeset="46364278" timestamp="2017-02-24T11:08:13Z" user="gezginrocker" uid="1686268" lat="9.4692449" lon="100.0726833"/>
 <node id="4703338074" visible="true" version="1" changeset="46364278" timestamp="2017-02-24T11:08:13Z" user="gezginrocker" uid="1686268" lat="9.4692713" lon="100.0724472"/>
 <node id="4703338075" visible="true" version="1" changeset="46364278" timestamp="2017-02-24T11:08:13Z" user="gezginrocker" uid="1686268" lat="9.4668267" lon="100.0697060"/>
 <node id="4703338076" visible="true" version="1" changeset="46364278" timestamp="2017-02-24T11:08:13Z" user="gezginrocker" uid="1686268" lat="9.4666733" lon="100.0698777"/>
 <node id="4703338077" visible="true" version="1" changeset="46364278" timestamp="2017-02-24T11:08:13Z" user="gezginrocker" uid="1686268" lat="9.4696510" lon="100.0659295"/>
 <node id="4703338078" visible="true" version="1" changeset="46364278" timestamp="2017-02-24T11:08:13Z" user="gezginrocker" uid="1686268" lat="9.4713627" lon="100.0586339"/>
 <node id="4703338293" visible="true" version="1" changeset="46364278" timestamp="2017-02-24T11:08:13Z" user="gezginrocker" uid="1686268" lat="9.4712940" lon="100.0569761"/>
 <node id="4703338329" visible="true" version="1" changeset="46364278" timestamp="2017-02-24T11:08:14Z" user="gezginrocker" uid="1686268" lat="9.4571990" lon="100.0422925"/>
 <node id="4703338330" visible="true" version="1" changeset="46364278" timestamp="2017-02-24T11:08:14Z" user="gezginrocker" uid="1686268" lat="9.4571540" lon="100.0423421"/>
 <node id="4703338331" visible="true" version="1" changeset="46364278" timestamp="2017-02-24T11:08:14Z" user="gezginrocker" uid="1686268" lat="9.4571103" lon="100.0423207"/>
 <node id="4703338332" visible="true" version="1" changeset="46364278" timestamp="2017-02-24T11:08:14Z" user="gezginrocker" uid="1686268" lat="9.4571341" lon="100.0423984"/>
 <node id="4703338333" visible="true" version="1" changeset="46364278" timestamp="2017-02-24T11:08:14Z" user="gezginrocker" uid="1686268" lat="9.4567287" lon="100.0419814"/>
 <node id="4703338334" visible="true" version="1" changeset="46364278" timestamp="2017-02-24T11:08:14Z" user="gezginrocker" uid="1686268" lat="9.4566109" lon="100.0419894"/>
 <node id="4703338335" visible="true" version="1" changeset="46364278" timestamp="2017-02-24T11:08:14Z" user="gezginrocker" uid="1686268" lat="9.4565765" lon="100.0420498"/>
 <node id="4703338336" visible="true" version="1" changeset="46364278" timestamp="2017-02-24T11:08:14Z" user="gezginrocker" uid="1686268" lat="9.4565091" lon="100.0420404"/>
 <node id="4703338337" visible="true" version="1" changeset="46364278" timestamp="2017-02-24T11:08:14Z" user="gezginrocker" uid="1686268" lat="9.4565223" lon="100.0419639"/>
 <node id="4703338338" visible="true" version="1" changeset="46364278" timestamp="2017-02-24T11:08:14Z" user="gezginrocker" uid="1686268" lat="9.4565289" lon="100.0420927"/>
 <node id="4703338339" visible="true" version="1" changeset="46364278" timestamp="2017-02-24T11:08:14Z" user="gezginrocker" uid="1686268" lat="9.4573015" lon="100.0423515"/>
 <node id="4703338340" visible="true" version="1" changeset="46364278" timestamp="2017-02-24T11:08:14Z" user="gezginrocker" uid="1686268" lat="9.4577248" lon="100.0424306"/>
 <node id="4703355171" visible="true" version="1" changeset="46364458" timestamp="2017-02-24T11:15:39Z" user="gezginrocker" uid="1686268" lat="9.4561221" lon="100.0417158"/>
 <node id="4703355176" visible="true" version="1" changeset="46364458" timestamp="2017-02-24T11:15:39Z" user="gezginrocker" uid="1686268" lat="9.4518121" lon="100.0388673"/>
 <node id="4703355499" visible="true" version="1" changeset="46364458" timestamp="2017-02-24T11:15:40Z" user="gezginrocker" uid="1686268" lat="9.4205043" lon="100.0114390"/>
 <node id="4703355500" visible="true" version="1" changeset="46364458" timestamp="2017-02-24T11:15:40Z" user="gezginrocker" uid="1686268" lat="9.4503596" lon="100.0332239"/>
 <node id="4703796577" visible="true" version="1" changeset="46371995" timestamp="2017-02-24T16:10:01Z" user="gezginrocker" uid="1686268" lat="9.4522824" lon="100.0398155"/>
 <node id="4703796579" visible="true" version="1" changeset="46371995" timestamp="2017-02-24T16:10:01Z" user="gezginrocker" uid="1686268" lat="9.4524365" lon="100.0399898"/>
 <node id="4703796580" visible="true" version="1" changeset="46371995" timestamp="2017-02-24T16:10:01Z" user="gezginrocker" uid="1686268" lat="9.4524313" lon="100.0400729"/>
 <node id="4703796581" visible="true" version="1" changeset="46371995" timestamp="2017-02-24T16:10:01Z" user="gezginrocker" uid="1686268" lat="9.4525212" lon="100.0400595"/>
 <node id="4703796582" visible="true" version="1" changeset="46371995" timestamp="2017-02-24T16:10:01Z" user="gezginrocker" uid="1686268" lat="9.4521786" lon="100.0399777"/>
 <node id="4703798098" visible="true" version="1" changeset="46371995" timestamp="2017-02-24T16:10:01Z" user="gezginrocker" uid="1686268" lat="9.4521680" lon="100.0398128"/>
 <node id="4703798099" visible="true" version="1" changeset="46371995" timestamp="2017-02-24T16:10:01Z" user="gezginrocker" uid="1686268" lat="9.4521926" lon="100.0400122"/>
 <node id="4703798100" visible="true" version="1" changeset="46371995" timestamp="2017-02-24T16:10:01Z" user="gezginrocker" uid="1686268" lat="9.4521186" lon="100.0399799"/>
 <node id="4703798101" visible="true" version="1" changeset="46371995" timestamp="2017-02-24T16:10:01Z" user="gezginrocker" uid="1686268" lat="9.4517010" lon="100.0396237"/>
 <node id="5132573698" visible="true" version="1" changeset="52406313" timestamp="2017-09-27T08:16:52Z" user="misht" uid="615059" lat="9.4713257" lon="100.0628784"/>
 <node id="5132573699" visible="true" version="1" changeset="52406313" timestamp="2017-09-27T08:16:52Z" user="misht" uid="615059" lat="9.4713706" lon="100.0627792"/>
 <node id="5132573700" visible="true" version="1" changeset="52406313" timestamp="2017-09-27T08:16:52Z" user="misht" uid="615059" lat="9.4714738" lon="100.0625901"/>
 <node id="5132574242" visible="true" version="1" changeset="52406313" timestamp="2017-09-27T08:17:00Z" user="misht" uid="615059" lat="9.4687144" lon="100.0683689"/>
 <node id="5132574243" visible="true" version="1" changeset="52406313" timestamp="2017-09-27T08:17:00Z" user="misht" uid="615059" lat="9.4685609" lon="100.0683635"/>
 <node id="5132574244" visible="true" version="1" changeset="52406313" timestamp="2017-09-27T08:17:00Z" user="misht" uid="615059" lat="9.4684009" lon="100.0683877"/>
 <node id="5132574245" visible="true" version="1" changeset="52406313" timestamp="2017-09-27T08:17:00Z" user="misht" uid="615059" lat="9.4683242" lon="100.0683582"/>
 <node id="5132574246" visible="true" version="1" changeset="52406313" timestamp="2017-09-27T08:17:00Z" user="misht" uid="615059" lat="9.4681892" lon="100.0683662"/>
 <node id="5132574247" visible="true" version="1" changeset="52406313" timestamp="2017-09-27T08:17:00Z" user="misht" uid="615059" lat="9.4677911" lon="100.0685459"/>
 <node id="5132574248" visible="true" version="1" changeset="52406313" timestamp="2017-09-27T08:17:00Z" user="misht" uid="615059" lat="9.4677064" lon="100.0685754"/>
 <node id="5132574249" visible="true" version="1" changeset="52406313" timestamp="2017-09-27T08:17:00Z" user="misht" uid="615059" lat="9.4675781" lon="100.0685553"/>
 <node id="5132574250" visible="true" version="1" changeset="52406313" timestamp="2017-09-27T08:17:00Z" user="misht" uid="615059" lat="9.4672699" lon="100.0686157"/>
 <node id="5132574251" visible="true" version="1" changeset="52406313" timestamp="2017-09-27T08:17:00Z" user="misht" uid="615059" lat="9.4671892" lon="100.0686720"/>
 <node id="5132574252" visible="true" version="1" changeset="52406313" timestamp="2017-09-27T08:17:00Z" user="misht" uid="615059" lat="9.4670529" lon="100.0686961"/>
 <node id="5132574253" visible="true" version="1" changeset="52406313" timestamp="2017-09-27T08:17:00Z" user="misht" uid="615059" lat="9.4668995" lon="100.0687565"/>
 <node id="5132574254" visible="true" version="1" changeset="52406313" timestamp="2017-09-27T08:17:00Z" user="misht" uid="615059" lat="9.4666547" lon="100.0689308"/>
 <node id="5132574255" visible="true" version="1" changeset="52406313" timestamp="2017-09-27T08:17:00Z" user="misht" uid="615059" lat="9.4668532" lon="100.0696175"/>
 <node id="5132574256" visible="true" version="1" changeset="52406313" timestamp="2017-09-27T08:17:00Z" user="misht" uid="615059" lat="9.4668201" lon="100.0695062"/>
 <node id="5132574306" visible="true" version="1" changeset="52406313" timestamp="2017-09-27T08:17:01Z" user="misht" uid="615059" lat="9.4665899" lon="100.0702170"/>
 <node id="5132574307" visible="true" version="1" changeset="52406313" timestamp="2017-09-27T08:17:01Z" user="misht" uid="615059" lat="9.4670714" lon="100.0705683"/>
 <node id="5132574308" visible="true" version="1" changeset="52406313" timestamp="2017-09-27T08:17:01Z" user="misht" uid="615059" lat="9.4673810" lon="100.0710055"/>
 <node id="5132574309" visible="true" version="1" changeset="52406313" timestamp="2017-09-27T08:17:01Z" user="misht" uid="615059" lat="9.4677699" lon="100.0709894"/>
 <node id="5132574310" visible="true" version="1" changeset="52406313" timestamp="2017-09-27T08:17:01Z" user="misht" uid="615059" lat="9.4679710" lon="100.0710833"/>
 <node id="5132574311" visible="true" version="1" changeset="52406313" timestamp="2017-09-27T08:17:01Z" user="misht" uid="615059" lat="9.4682884" lon="100.0712228"/>
 <node id="5132574647" visible="true" version="1" changeset="52406313" timestamp="2017-09-27T08:17:07Z" user="misht" uid="615059" lat="9.4694420" lon="100.0666872"/>
 <node id="5132574648" visible="true" version="1" changeset="52406313" timestamp="2017-09-27T08:17:07Z" user="misht" uid="615059" lat="9.4694896" lon="100.0660917"/>
 <node id="5132574649" visible="true" version="1" changeset="52406313" timestamp="2017-09-27T08:17:07Z" user="misht" uid="615059" lat="9.4695385" lon="100.0659952"/>
 <node id="5132574650" visible="true" version="1" changeset="52406313" timestamp="2017-09-27T08:17:07Z" user="misht" uid="615059" lat="9.4700809" lon="100.0657752"/>
 <node id="5132574651" visible="true" version="1" changeset="52406313" timestamp="2017-09-27T08:17:07Z" user="misht" uid="615059" lat="9.4701814" lon="100.0657095"/>
 <node id="5132574652" visible="true" version="1" changeset="52406313" timestamp="2017-09-27T08:17:07Z" user="misht" uid="615059" lat="9.4701893" lon="100.0656129"/>
 <node id="5132574653" visible="true" version="1" changeset="52406313" timestamp="2017-09-27T08:17:07Z" user="misht" uid="615059" lat="9.4702780" lon="100.0655405"/>
 <node id="5132574654" visible="true" version="1" changeset="52406313" timestamp="2017-09-27T08:17:08Z" user="misht" uid="615059" lat="9.4708627" lon="100.0647372"/>
 <node id="5132574655" visible="true" version="1" changeset="52406313" timestamp="2017-09-27T08:17:08Z" user="misht" uid="615059" lat="9.4707145" lon="100.0648968"/>
 <node id="5132574656" visible="true" version="1" changeset="52406313" timestamp="2017-09-27T08:17:08Z" user="misht" uid="615059" lat="9.4703018" lon="100.0654882"/>
 <node id="5132574657" visible="true" version="1" changeset="52406313" timestamp="2017-09-27T08:17:08Z" user="misht" uid="615059" lat="9.4703282" lon="100.0653635"/>
 <node id="5132574665" visible="true" version="1" changeset="52406313" timestamp="2017-09-27T08:17:08Z" user="misht" uid="615059" lat="9.4713693" lon="100.0639540"/>
 <node id="5132574666" visible="true" version="1" changeset="52406313" timestamp="2017-09-27T08:17:08Z" user="misht" uid="615059" lat="9.4713693" lon="100.0635369"/>
 <node id="5134848092" visible="true" version="1" changeset="52437661" timestamp="2017-09-28T09:34:04Z" user="misht" uid="615059" lat="9.4449820" lon="100.0256976"/>
 <node id="5134848093" visible="true" version="1" changeset="52437661" timestamp="2017-09-28T09:34:04Z" user="misht" uid="615059" lat="9.4448444" lon="100.0256252"/>
 <node id="5134848094" visible="true" version="1" changeset="52437661" timestamp="2017-09-28T09:34:04Z" user="misht" uid="615059" lat="9.4447571" lon="100.0254750"/>
 <node id="5142634857" visible="true" version="1" changeset="52557420" timestamp="2017-10-02T08:48:37Z" user="misht" uid="615059" lat="9.4506480" lon="100.0286789"/>
 <node id="5170775879" visible="true" version="1" changeset="52974567" timestamp="2017-10-16T08:02:04Z" user="misht" uid="615059" lat="9.5590943" lon="100.0842932"/>
 <node id="5170775907" visible="true" version="1" changeset="52974567" timestamp="2017-10-16T08:02:05Z" user="misht" uid="615059" lat="9.5591049" lon="100.0846741"/>
 <node id="5170775908" visible="true" version="1" changeset="52974567" timestamp="2017-10-16T08:02:05Z" user="misht" uid="615059" lat="9.5589938" lon="100.0841564"/>
 <node id="5170775909" visible="true" version="1" changeset="52974567" timestamp="2017-10-16T08:02:05Z" user="misht" uid="615059" lat="9.5584701" lon="100.0837246"/>
 <node id="5170775910" visible="true" version="1" changeset="52974567" timestamp="2017-10-16T08:02:05Z" user="misht" uid="615059" lat="9.5576951" lon="100.0833678"/>
 <node id="5170775911" visible="true" version="1" changeset="52974567" timestamp="2017-10-16T08:02:05Z" user="misht" uid="615059" lat="9.5575628" lon="100.0832793"/>
 <node id="5170775912" visible="true" version="1" changeset="52974567" timestamp="2017-10-16T08:02:05Z" user="misht" uid="615059" lat="9.5574279" lon="100.0832766"/>
 <node id="5170775913" visible="true" version="1" changeset="52974567" timestamp="2017-10-16T08:02:05Z" user="misht" uid="615059" lat="9.5573274" lon="100.0834081"/>
 <node id="5170775914" visible="true" version="1" changeset="52974567" timestamp="2017-10-16T08:02:05Z" user="misht" uid="615059" lat="9.5572825" lon="100.0835395"/>
 <node id="5170775915" visible="true" version="1" changeset="52974567" timestamp="2017-10-16T08:02:05Z" user="misht" uid="615059" lat="9.5568434" lon="100.0832847"/>
 <node id="5170775916" visible="true" version="1" changeset="52974567" timestamp="2017-10-16T08:02:05Z" user="misht" uid="615059" lat="9.5570285" lon="100.0833356"/>
 <node id="5170775917" visible="true" version="1" changeset="52974567" timestamp="2017-10-16T08:02:05Z" user="misht" uid="615059" lat="9.5569280" lon="100.0834188"/>
 <node id="5170775918" visible="true" version="1" changeset="52974567" timestamp="2017-10-16T08:02:05Z" user="misht" uid="615059" lat="9.5566715" lon="100.0829574"/>
 <node id="5170775919" visible="true" version="1" changeset="52974567" timestamp="2017-10-16T08:02:05Z" user="misht" uid="615059" lat="9.5567799" lon="100.0831640"/>
 <node id="5170775920" visible="true" version="1" changeset="52974567" timestamp="2017-10-16T08:02:05Z" user="misht" uid="615059" lat="9.5565234" lon="100.0828662"/>
 <node id="5170775921" visible="true" version="1" changeset="52974567" timestamp="2017-10-16T08:02:05Z" user="misht" uid="615059" lat="9.5562747" lon="100.0826570"/>
 <node id="5170775922" visible="true" version="1" changeset="52974567" timestamp="2017-10-16T08:02:05Z" user="misht" uid="615059" lat="9.5561927" lon="100.0823432"/>
 <node id="5170775923" visible="true" version="1" changeset="52974567" timestamp="2017-10-16T08:02:05Z" user="misht" uid="615059" lat="9.5559996" lon="100.0822547"/>
 <node id="5170775924" visible="true" version="1" changeset="52974567" timestamp="2017-10-16T08:02:05Z" user="misht" uid="615059" lat="9.5552247" lon="100.0806400"/>
 <node id="5170775934" visible="true" version="1" changeset="52974567" timestamp="2017-10-16T08:02:05Z" user="misht" uid="615059" lat="9.5549549" lon="100.0799239"/>
 <node id="5170775935" visible="true" version="1" changeset="52974567" timestamp="2017-10-16T08:02:05Z" user="misht" uid="615059" lat="9.5545370" lon="100.0796717"/>
 <node id="5170775936" visible="true" version="1" changeset="52974567" timestamp="2017-10-16T08:02:05Z" user="misht" uid="615059" lat="9.5543597" lon="100.0797173"/>
 <node id="5170775937" visible="true" version="1" changeset="52974567" timestamp="2017-10-16T08:02:05Z" user="misht" uid="615059" lat="9.5541772" lon="100.0796100"/>
 <node id="5170775938" visible="true" version="1" changeset="52974567" timestamp="2017-10-16T08:02:05Z" user="misht" uid="615059" lat="9.5539313" lon="100.0795564"/>
 <node id="5170775939" visible="true" version="1" changeset="52974567" timestamp="2017-10-16T08:02:05Z" user="misht" uid="615059" lat="9.5538122" lon="100.0794598"/>
 <node id="5170775940" visible="true" version="1" changeset="52974567" timestamp="2017-10-16T08:02:05Z" user="misht" uid="615059" lat="9.5537144" lon="100.0793043"/>
 <node id="5170775941" visible="true" version="1" changeset="52974567" timestamp="2017-10-16T08:02:05Z" user="misht" uid="615059" lat="9.5536059" lon="100.0792426"/>
 <node id="5170775942" visible="true" version="1" changeset="52974567" timestamp="2017-10-16T08:02:05Z" user="misht" uid="615059" lat="9.5534948" lon="100.0793123"/>
 <node id="5170775943" visible="true" version="1" changeset="52974567" timestamp="2017-10-16T08:02:05Z" user="misht" uid="615059" lat="9.5534075" lon="100.0793552"/>
 <node id="5170775944" visible="true" version="1" changeset="52974567" timestamp="2017-10-16T08:02:05Z" user="misht" uid="615059" lat="9.5533573" lon="100.0792077"/>
 <node id="5170775945" visible="true" version="1" changeset="52974567" timestamp="2017-10-16T08:02:05Z" user="misht" uid="615059" lat="9.5534763" lon="100.0790495"/>
 <node id="5170776004" visible="true" version="1" changeset="52974567" timestamp="2017-10-16T08:02:06Z" user="misht" uid="615059" lat="9.5436685" lon="100.0759113"/>
 <node id="5170776005" visible="true" version="1" changeset="52974567" timestamp="2017-10-16T08:02:06Z" user="misht" uid="615059" lat="9.5435997" lon="100.0760400"/>
 <node id="5170776006" visible="true" version="1" changeset="52974567" timestamp="2017-10-16T08:02:06Z" user="misht" uid="615059" lat="9.5431500" lon="100.0761312"/>
 <node id="5170776007" visible="true" version="1" changeset="52974567" timestamp="2017-10-16T08:02:06Z" user="misht" uid="615059" lat="9.5428617" lon="100.0761473"/>
 <node id="5170776011" visible="true" version="1" changeset="52974567" timestamp="2017-10-16T08:02:06Z" user="misht" uid="615059" lat="9.5495822" lon="100.0765377"/>
 <node id="5170776034" visible="true" version="1" changeset="52974567" timestamp="2017-10-16T08:02:07Z" user="misht" uid="615059" lat="9.5403939" lon="100.0775850"/>
 <node id="5170776035" visible="true" version="1" changeset="52974567" timestamp="2017-10-16T08:02:07Z" user="misht" uid="615059" lat="9.5402563" lon="100.0771880"/>
 <node id="5170776036" visible="true" version="1" changeset="52974567" timestamp="2017-10-16T08:02:07Z" user="misht" uid="615059" lat="9.5401558" lon="100.0775528"/>
 <node id="5170776037" visible="true" version="1" changeset="52974567" timestamp="2017-10-16T08:02:07Z" user="misht" uid="615059" lat="9.5408911" lon="100.0773007"/>
 <node id="5170776038" visible="true" version="1" changeset="52974567" timestamp="2017-10-16T08:02:07Z" user="misht" uid="615059" lat="9.5401770" lon="100.0778800"/>
 <node id="5203940765" visible="true" version="1" changeset="53420132" timestamp="2017-11-01T10:47:10Z" user="misht" uid="615059" lat="9.4179774" lon="99.9782199"/>
 <node id="5203940766" visible="true" version="1" changeset="53420132" timestamp="2017-11-01T10:47:10Z" user="misht" uid="615059" lat="9.4179033" lon="99.9779195"/>
 <node id="5203940767" visible="true" version="1" changeset="53420132" timestamp="2017-11-01T10:47:10Z" user="misht" uid="615059" lat="9.4176281" lon="99.9776888"/>
 <node id="5203940898" visible="true" version="1" changeset="53420132" timestamp="2017-11-01T10:47:12Z" user="misht" uid="615059" lat="9.4113675" lon="99.9689502"/>
 <node id="5269665378" visible="true" version="1" changeset="54426285" timestamp="2017-12-07T09:50:57Z" user="misht" uid="615059" lat="9.4508530" lon="100.0323790"/>
 <node id="5269665379" visible="true" version="1" changeset="54426285" timestamp="2017-12-07T09:50:57Z" user="misht" uid="615059" lat="9.4503583" lon="100.0316682"/>
 <node id="5269665380" visible="true" version="1" changeset="54426285" timestamp="2017-12-07T09:50:57Z" user="misht" uid="615059" lat="9.4501889" lon="100.0314188"/>
 <node id="5276908828" visible="true" version="1" changeset="54532122" timestamp="2017-12-11T07:50:39Z" user="misht" uid="615059" lat="9.4900772" lon="100.0620058"/>
 <node id="5276908848" visible="true" version="1" changeset="54532122" timestamp="2017-12-11T07:50:40Z" user="misht" uid="615059" lat="9.4901357" lon="100.0618780"/>
 <node id="5823263182" visible="true" version="1" changeset="61539802" timestamp="2018-08-10T14:00:04Z" user="Xadu" uid="1208299" lat="9.4713065" lon="100.0568554"/>
 <node id="5823263183" visible="true" version="1" changeset="61539802" timestamp="2018-08-10T14:00:04Z" user="Xadu" uid="1208299" lat="9.4708698" lon="100.0567658"/>
 <node id="5823263184" visible="true" version="1" changeset="61539802" timestamp="2018-08-10T14:00:04Z" user="Xadu" uid="1208299" lat="9.4705089" lon="100.0568191"/>
 <node id="5823263185" visible="true" version="1" changeset="61539802" timestamp="2018-08-10T14:00:04Z" user="Xadu" uid="1208299" lat="9.4709564" lon="100.0568706"/>
 <node id="5823263186" visible="true" version="1" changeset="61539802" timestamp="2018-08-10T14:00:04Z" user="Xadu" uid="1208299" lat="9.4709095" lon="100.0570176"/>
 <node id="5823263187" visible="true" version="1" changeset="61539802" timestamp="2018-08-10T14:00:04Z" user="Xadu" uid="1208299" lat="9.4706124" lon="100.0570765"/>
 <node id="5823263188" visible="true" version="1" changeset="61539802" timestamp="2018-08-10T14:00:04Z" user="Xadu" uid="1208299" lat="9.4699204" lon="100.0573542"/>
 <node id="5823263189" visible="true" version="1" changeset="61539802" timestamp="2018-08-10T14:00:04Z" user="Xadu" uid="1208299" lat="9.4703175" lon="100.0571472"/>
 <node id="5823263190" visible="true" version="1" changeset="61539802" timestamp="2018-08-10T14:00:04Z" user="Xadu" uid="1208299" lat="9.4702228" lon="100.0569448"/>
 <node id="5823263191" visible="true" version="1" changeset="61539802" timestamp="2018-08-10T14:00:04Z" user="Xadu" uid="1208299" lat="9.4699667" lon="100.0571550"/>
 <node id="5823263192" visible="true" version="1" changeset="61539802" timestamp="2018-08-10T14:00:04Z" user="Xadu" uid="1208299" lat="9.4698037" lon="100.0572846"/>
 <node id="5823263193" visible="true" version="1" changeset="61539802" timestamp="2018-08-10T14:00:04Z" user="Xadu" uid="1208299" lat="9.4698271" lon="100.0573357"/>
 <node id="5823263194" visible="true" version="1" changeset="61539802" timestamp="2018-08-10T14:00:04Z" user="Xadu" uid="1208299" lat="9.4701271" lon="100.0572343"/>
 <node id="11727635077" visible="true" version="1" changeset="148596268" timestamp="2024-03-13T14:18:22Z" user="Sal73x" uid="1293386" lat="9.5698775" lon="100.0906824"/>
 <node id="11727635078" visible="true" version="1" changeset="148596268" timestamp="2024-03-13T14:18:22Z" user="Sal73x" uid="1293386" lat="9.5699934" lon="100.0906461"/>
 <node id="11727635079" visible="true" version="1" changeset="148596268" timestamp="2024-03-13T14:18:22Z" user="Sal73x" uid="1293386" lat="9.5707277" lon="100.0882217"/>
 <node id="11727635080" visible="true" version="1" changeset="148596268" timestamp="2024-03-13T14:18:22Z" user="Sal73x" uid="1293386" lat="9.5712709" lon="100.0880962"/>
 <node id="11727635081" visible="true" version="1" changeset="148596268" timestamp="2024-03-13T14:18:22Z" user="Sal73x" uid="1293386" lat="9.5713062" lon="100.0882119"/>
 <node id="11727635082" visible="true" version="1" changeset="148596268" timestamp="2024-03-13T14:18:22Z" user="Sal73x" uid="1293386" lat="9.5712660" lon="100.0883080"/>
 <node id="11727635083" visible="true" version="1" changeset="148596268" timestamp="2024-03-13T14:18:22Z" user="Sal73x" uid="1293386" lat="9.5710660" lon="100.0884263"/>
 <node id="11727635084" visible="true" version="1" changeset="148596268" timestamp="2024-03-13T14:18:22Z" user="Sal73x" uid="1293386" lat="9.5709798" lon="100.0883603"/>
 <node id="11727635085" visible="true" version="1" changeset="148596268" timestamp="2024-03-13T14:18:22Z" user="Sal73x" uid="1293386" lat="9.5705906" lon="100.0881573"/>
 <node id="11727635086" visible="true" version="1" changeset="148596268" timestamp="2024-03-13T14:18:22Z" user="Sal73x" uid="1293386" lat="9.5701895" lon="100.0887756"/>
 <node id="11727635087" visible="true" version="1" changeset="148596268" timestamp="2024-03-13T14:18:22Z" user="Sal73x" uid="1293386" lat="9.5702298" lon="100.0888594"/>
 <node id="11727635088" visible="true" version="1" changeset="148596268" timestamp="2024-03-13T14:18:22Z" user="Sal73x" uid="1293386" lat="9.5701682" lon="100.0889842"/>
 <node id="11727635089" visible="true" version="1" changeset="148596268" timestamp="2024-03-13T14:18:22Z" user="Sal73x" uid="1293386" lat="9.5701345" lon="100.0895783"/>
 <node id="11727635090" visible="true" version="1" changeset="148596268" timestamp="2024-03-13T14:18:22Z" user="Sal73x" uid="1293386" lat="9.5700099" lon="100.0893794"/>
 <node id="11727635091" visible="true" version="1" changeset="148596268" timestamp="2024-03-13T14:18:22Z" user="Sal73x" uid="1293386" lat="9.5700532" lon="100.0891906"/>
 <node id="11727635092" visible="true" version="1" changeset="148596268" timestamp="2024-03-13T14:18:22Z" user="Sal73x" uid="1293386" lat="9.5699981" lon="100.0890630"/>
 <node id="11775521381" visible="true" version="1" changeset="149394025" timestamp="2024-03-31T14:53:01Z" user="Sal73x" uid="1293386" lat="9.4432086" lon="100.0244589"/>
 <node id="11775521382" visible="true" version="1" changeset="149394025" timestamp="2024-03-31T14:53:01Z" user="Sal73x" uid="1293386" lat="9.4418997" lon="100.0238984"/>
 <node id="11775521383" visible="true" version="1" changeset="149394025" timestamp="2024-03-31T14:53:01Z" user="Sal73x" uid="1293386" lat="9.4419168" lon="100.0239624"/>
 <node id="11775521384" visible="true" version="1" changeset="149394025" timestamp="2024-03-31T14:53:01Z" user="Sal73x" uid="1293386" lat="9.4418717" lon="100.0241329"/>
 <node id="11775521385" visible="true" version="1" changeset="149394025" timestamp="2024-03-31T14:53:01Z" user="Sal73x" uid="1293386" lat="9.4418717" lon="100.0242246"/>
 <node id="11775521386" visible="true" version="1" changeset="149394025" timestamp="2024-03-31T14:53:01Z" user="Sal73x" uid="1293386" lat="9.4419220" lon="100.0242706"/>
 <node id="11775521387" visible="true" version="1" changeset="149394025" timestamp="2024-03-31T14:53:01Z" user="Sal73x" uid="1293386" lat="9.4421241" lon="100.0243877"/>
 <node id="11775521388" visible="true" version="1" changeset="149394025" timestamp="2024-03-31T14:53:01Z" user="Sal73x" uid="1293386" lat="9.4422115" lon="100.0243817"/>
 <node id="11775521389" visible="true" version="1" changeset="149394025" timestamp="2024-03-31T14:53:01Z" user="Sal73x" uid="1293386" lat="9.4422543" lon="100.0243303"/>
 <node id="11775521390" visible="true" version="1" changeset="149394025" timestamp="2024-03-31T14:53:01Z" user="Sal73x" uid="1293386" lat="9.4423431" lon="100.0242073"/>
 <node id="11775521391" visible="true" version="1" changeset="149394025" timestamp="2024-03-31T14:53:01Z" user="Sal73x" uid="1293386" lat="9.4422892" lon="100.0242441"/>
 <node id="11989709372" visible="true" version="2" changeset="165908265" timestamp="2025-05-06T19:18:05Z" user="ljmaps" uid="16537403" lat="9.5302642" lon="100.0651319"/>
 <node id="11989709377" visible="true" version="2" changeset="165908265" timestamp="2025-05-06T19:18:05Z" user="ljmaps" uid="16537403" lat="9.5303289" lon="100.0652953"/>
 <node id="12554214818" visible="true" version="1" changeset="162093547" timestamp="2025-02-03T16:22:39Z" user="caigner" uid="473925" lat="9.5926863" lon="100.0694633"/>
 <node id="12554214819" visible="true" version="1" changeset="162093547" timestamp="2025-02-03T16:22:39Z" user="caigner" uid="473925" lat="9.5927472" lon="100.0694928"/>
 <node id="12554214820" visible="true" version="1" changeset="162093547" timestamp="2025-02-03T16:22:39Z" user="caigner" uid="473925" lat="9.5927577" lon="100.0695786"/>
 <node id="12554214821" visible="true" version="1" changeset="162093547" timestamp="2025-02-03T16:22:39Z" user="caigner" uid="473925" lat="9.5925964" lon="100.0695196"/>
 <node id="12554214822" visible="true" version="1" changeset="162093547" timestamp="2025-02-03T16:22:39Z" user="caigner" uid="473925" lat="9.5924113" lon="100.0693801"/>
 <node id="12554214823" visible="true" version="1" changeset="162093547" timestamp="2025-02-03T16:22:39Z" user="caigner" uid="473925" lat="9.5918374" lon="100.0690716"/>
 <node id="12554214824" visible="true" version="1" changeset="162093547" timestamp="2025-02-03T16:22:39Z" user="caigner" uid="473925" lat="9.5919934" lon="100.0691253"/>
 <node id="12554214825" visible="true" version="1" changeset="162093547" timestamp="2025-02-03T16:22:39Z" user="caigner" uid="473925" lat="9.5913349" lon="100.0690877"/>
 <node id="12554214826" visible="true" version="1" changeset="162093547" timestamp="2025-02-03T16:22:39Z" user="caigner" uid="473925" lat="9.5914909" lon="100.0691146"/>
 <node id="12554214827" visible="true" version="1" changeset="162093547" timestamp="2025-02-03T16:22:39Z" user="caigner" uid="473925" lat="9.5922367" lon="100.0692594"/>
 <node id="12554214828" visible="true" version="1" changeset="162093547" timestamp="2025-02-03T16:22:39Z" user="caigner" uid="473925" lat="9.5930857" lon="100.0696403"/>
 <node id="12554214829" visible="true" version="1" changeset="162093547" timestamp="2025-02-03T16:22:39Z" user="caigner" uid="473925" lat="9.5930116" lon="100.0695920"/>
 <node id="12554214830" visible="true" version="1" changeset="162093547" timestamp="2025-02-03T16:22:39Z" user="caigner" uid="473925" lat="9.5929534" lon="100.0696725"/>
 <node id="12554214831" visible="true" version="1" changeset="162093547" timestamp="2025-02-03T16:22:39Z" user="caigner" uid="473925" lat="9.5930963" lon="100.0697261"/>
 <node id="12554214832" visible="true" version="1" changeset="162093547" timestamp="2025-02-03T16:22:39Z" user="caigner" uid="473925" lat="9.5932602" lon="100.0697663"/>
 <node id="12554214863" visible="true" version="1" changeset="162093547" timestamp="2025-02-03T16:22:39Z" user="caigner" uid="473925" lat="9.5866167" lon="100.0756055"/>
 <node id="12554214875" visible="true" version="1" changeset="162093547" timestamp="2025-02-03T16:22:39Z" user="caigner" uid="473925" lat="9.5895867" lon="100.0701633"/>
 <node id="12554214876" visible="true" version="1" changeset="162093547" timestamp="2025-02-03T16:22:39Z" user="caigner" uid="473925" lat="9.5900231" lon="100.0710833"/>
 <node id="12554214877" visible="true" version="1" changeset="162093547" timestamp="2025-02-03T16:22:39Z" user="caigner" uid="473925" lat="9.5900654" lon="100.0724432"/>
 <node id="12554214878" visible="true" version="1" changeset="162093547" timestamp="2025-02-03T16:22:39Z" user="caigner" uid="473925" lat="9.5896925" lon="100.0726685"/>
 <node id="12554214879" visible="true" version="1" changeset="162093547" timestamp="2025-02-03T16:22:39Z" user="caigner" uid="473925" lat="9.5895841" lon="100.0728697"/>
 <node id="12554214880" visible="true" version="1" changeset="162093547" timestamp="2025-02-03T16:22:39Z" user="caigner" uid="473925" lat="9.5894836" lon="100.0729287"/>
 <node id="12554214881" visible="true" version="1" changeset="162093547" timestamp="2025-02-03T16:22:39Z" user="caigner" uid="473925" lat="9.5892535" lon="100.0729394"/>
 <node id="12554214882" visible="true" version="1" changeset="162093547" timestamp="2025-02-03T16:22:39Z" user="caigner" uid="473925" lat="9.5891979" lon="100.0729904"/>
 <node id="12554214883" visible="true" version="1" changeset="162093547" timestamp="2025-02-03T16:22:39Z" user="caigner" uid="473925" lat="9.5891450" lon="100.0730574"/>
 <node id="12554214884" visible="true" version="1" changeset="162093547" timestamp="2025-02-03T16:22:39Z" user="caigner" uid="473925" lat="9.5888330" lon="100.0730976"/>
 <node id="12554214885" visible="true" version="1" changeset="162093547" timestamp="2025-02-03T16:22:39Z" user="caigner" uid="473925" lat="9.5880369" lon="100.0787088"/>
 <node id="12554214886" visible="true" version="1" changeset="162093547" timestamp="2025-02-03T16:22:39Z" user="caigner" uid="473925" lat="9.5883807" lon="100.0790066"/>
 <node id="12554214887" visible="true" version="1" changeset="162093547" timestamp="2025-02-03T16:22:39Z" user="caigner" uid="473925" lat="9.5882035" lon="100.0788993"/>
 <node id="12554214888" visible="true" version="1" changeset="162093547" timestamp="2025-02-03T16:22:39Z" user="caigner" uid="473925" lat="9.5881083" lon="100.0785318"/>
 <node id="12554214889" visible="true" version="1" changeset="162093547" timestamp="2025-02-03T16:22:39Z" user="caigner" uid="473925" lat="9.5880290" lon="100.0783816"/>
 <node id="12554214890" visible="true" version="1" changeset="162093547" timestamp="2025-02-03T16:22:39Z" user="caigner" uid="473925" lat="9.5877592" lon="100.0782582"/>
 <node id="12554214891" visible="true" version="1" changeset="162093547" timestamp="2025-02-03T16:22:39Z" user="caigner" uid="473925" lat="9.5875609" lon="100.0782636"/>
 <node id="12554214892" visible="true" version="2" changeset="162529907" timestamp="2025-02-15T09:48:36Z" user="kevinp2" uid="956637" lat="9.5872276" lon="100.0777030"/>
 <node id="12554214893" visible="true" version="1" changeset="162093547" timestamp="2025-02-03T16:22:39Z" user="caigner" uid="473925" lat="9.5866907" lon="100.0760293"/>
 <node id="12554214894" visible="true" version="1" changeset="162093547" timestamp="2025-02-03T16:22:39Z" user="caigner" uid="473925" lat="9.5866643" lon="100.0752407"/>
 <node id="12554214895" visible="true" version="1" changeset="162093547" timestamp="2025-02-03T16:22:39Z" user="caigner" uid="473925" lat="9.5869314" lon="100.0743073"/>
 <node id="12561142046" visible="true" version="2" changeset="162302252" timestamp="2025-02-09T05:45:00Z" user="kevinp2" uid="956637" lat="9.5726756" lon="100.0860900"/>
 <node id="12589765736" visible="true" version="1" changeset="162529907" timestamp="2025-02-15T09:48:36Z" user="kevinp2" uid="956637" lat="9.5871786" lon="100.0773315"/>
 <node id="12815202006" visible="true" version="1" changeset="165908265" timestamp="2025-05-06T19:18:05Z" user="ljmaps" uid="16537403" lat="9.5304027" lon="100.0654740"/>
 <node id="12815202007" visible="true" version="1" changeset="165908265" timestamp="2025-05-06T19:18:05Z" user="ljmaps" uid="16537403" lat="9.5302437" lon="100.0650798"/>
 <node id="12815202009" visible="true" version="1" changeset="165908265" timestamp="2025-05-06T19:18:05Z" user="ljmaps" uid="16537403" lat="9.5303189" lon="100.0652711"/>
 <way id="1156240705" visible="true" version="10" changeset="165908265" timestamp="2025-05-06T19:18:05Z" user="ljmaps" uid="16537403">
  <nd ref="1786766301"/>
  <nd ref="1786766292"/>
  <nd ref="1786766257"/>
  <nd ref="1786766253"/>
  <nd ref="1786766248"/>
  <nd ref="1786766242"/>
  <nd ref="1786766224"/>
  <nd ref="1786766208"/>
  <nd ref="1786766202"/>
  <nd ref="1786766197"/>
  <nd ref="1786766191"/>
  <nd ref="1786766187"/>
  <nd ref="252375037"/>
  <nd ref="1786766172"/>
  <nd ref="1786766169"/>
  <nd ref="252375038"/>
  <nd ref="252375039"/>
  <nd ref="1786766033"/>
  <nd ref="252375040"/>
  <nd ref="1808115623"/>
  <nd ref="1808771787"/>
  <nd ref="252375041"/>
  <nd ref="1786765930"/>
  <nd ref="252375042"/>
  <nd ref="252375043"/>
  <nd ref="1786765927"/>
  <nd ref="1786765926"/>
  <nd ref="1786765924"/>
  <nd ref="252375044"/>
  <nd ref="1786765922"/>
  <nd ref="252375045"/>
  <nd ref="1786765919"/>
  <nd ref="1808115601"/>
  <nd ref="1786765917"/>
  <nd ref="1786765915"/>
  <nd ref="1786765913"/>
  <nd ref="1786765911"/>
  <nd ref="252375046"/>
  <nd ref="1786765909"/>
  <nd ref="1786765904"/>
  <nd ref="252375047"/>
  <nd ref="1802061187"/>
  <nd ref="252375048"/>
  <nd ref="252375049"/>
  <nd ref="252375050"/>
  <nd ref="1802061157"/>
  <nd ref="1808771767"/>
  <nd ref="1808771766"/>
  <nd ref="252375051"/>
  <nd ref="252375052"/>
  <nd ref="252375053"/>
  <nd ref="1802061151"/>
  <nd ref="252375054"/>
  <nd ref="1802061154"/>
  <nd ref="252375055"/>
  <nd ref="1802061159"/>
  <nd ref="1802061161"/>
  <nd ref="252375056"/>
  <nd ref="1802061175"/>
  <nd ref="1802061177"/>
  <nd ref="1802061165"/>
  <nd ref="1802061163"/>
  <nd ref="252375057"/>
  <nd ref="1802061181"/>
  <nd ref="252375058"/>
  <nd ref="5203940898"/>
  <nd ref="252375059"/>
  <nd ref="1802061199"/>
  <nd ref="252375060"/>
  <nd ref="1802061203"/>
  <nd ref="1802061208"/>
  <nd ref="1802061220"/>
  <nd ref="1808771770"/>
  <nd ref="1808771768"/>
  <nd ref="252375061"/>
  <nd ref="1808771769"/>
  <nd ref="1808771771"/>
  <nd ref="1802061228"/>
  <nd ref="252375062"/>
  <nd ref="1802061251"/>
  <nd ref="1802061253"/>
  <nd ref="1802061254"/>
  <nd ref="252375063"/>
  <nd ref="1802061257"/>
  <nd ref="1808771772"/>
  <nd ref="1802061262"/>
  <nd ref="1808771777"/>
  <nd ref="1808771779"/>
  <nd ref="1808771794"/>
  <nd ref="1808771802"/>
  <nd ref="5203940767"/>
  <nd ref="5203940766"/>
  <nd ref="5203940765"/>
  <nd ref="252375064"/>
  <nd ref="1808771821"/>
  <nd ref="1808771834"/>
  <nd ref="1808771847"/>
  <nd ref="1808771838"/>
  <nd ref="1808771845"/>
  <nd ref="1876291387"/>
  <nd ref="1808771860"/>
  <nd ref="1808771903"/>
  <nd ref="252375065"/>
  <nd ref="1808771917"/>
  <nd ref="1808771946"/>
  <nd ref="1808771991"/>
  <nd ref="1808772000"/>
  <nd ref="252375066"/>
  <nd ref="1808772047"/>
  <nd ref="1808772051"/>
  <nd ref="1808772044"/>
  <nd ref="1809437851"/>
  <nd ref="1808772070"/>
  <nd ref="252375067"/>
  <nd ref="1808772096"/>
  <nd ref="1808772099"/>
  <nd ref="1808772107"/>
  <nd ref="252375068"/>
  <nd ref="1808772137"/>
  <nd ref="1808772124"/>
  <nd ref="252375069"/>
  <nd ref="252375070"/>
  <nd ref="1808772153"/>
  <nd ref="252375071"/>
  <nd ref="1808772175"/>
  <nd ref="252375072"/>
  <nd ref="1808772183"/>
  <nd ref="252375073"/>
  <nd ref="1793733413"/>
  <nd ref="1808772186"/>
  <nd ref="1808772184"/>
  <nd ref="1808772185"/>
  <nd ref="1674783962"/>
  <nd ref="1808772217"/>
  <nd ref="1808772220"/>
  <nd ref="1808772222"/>
  <nd ref="252375075"/>
  <nd ref="1808772229"/>
  <nd ref="252375076"/>
  <nd ref="1808772224"/>
  <nd ref="1808772219"/>
  <nd ref="1808772213"/>
  <nd ref="1808772211"/>
  <nd ref="1808772209"/>
  <nd ref="1808772197"/>
  <nd ref="1808772193"/>
  <nd ref="1808772191"/>
  <nd ref="1808772189"/>
  <nd ref="1808772187"/>
  <nd ref="1808772182"/>
  <nd ref="252375077"/>
  <nd ref="1808772177"/>
  <nd ref="1808772178"/>
  <nd ref="1808772160"/>
  <nd ref="1808772156"/>
  <nd ref="1808772174"/>
  <nd ref="1808772173"/>
  <nd ref="1808772155"/>
  <nd ref="1808772151"/>
  <nd ref="1808772147"/>
  <nd ref="1808772141"/>
  <nd ref="1808772136"/>
  <nd ref="1808772111"/>
  <nd ref="252375078"/>
  <nd ref="1808772101"/>
  <nd ref="1808772098"/>
  <nd ref="1808772074"/>
  <nd ref="1808772055"/>
  <nd ref="252375080"/>
  <nd ref="1808772018"/>
  <nd ref="1808772024"/>
  <nd ref="1808772034"/>
  <nd ref="1808772043"/>
  <nd ref="1808772060"/>
  <nd ref="1808772062"/>
  <nd ref="1808772032"/>
  <nd ref="1808772028"/>
  <nd ref="1808772053"/>
  <nd ref="1808772030"/>
  <nd ref="1808772022"/>
  <nd ref="252375081"/>
  <nd ref="1808772056"/>
  <nd ref="1808772049"/>
  <nd ref="1808772026"/>
  <nd ref="252375082"/>
  <nd ref="1808771954"/>
  <nd ref="1808771911"/>
  <nd ref="1808771910"/>
  <nd ref="252375083"/>
  <nd ref="1808771908"/>
  <nd ref="1808771906"/>
  <nd ref="1808771901"/>
  <nd ref="1808771884"/>
  <nd ref="1808771871"/>
  <nd ref="252375084"/>
  <nd ref="1808771863"/>
  <nd ref="1808771859"/>
  <nd ref="1808771855"/>
  <nd ref="1808771854"/>
  <nd ref="1808771858"/>
  <nd ref="1808771878"/>
  <nd ref="252375085"/>
  <nd ref="1808771919"/>
  <nd ref="1808771913"/>
  <nd ref="252375086"/>
  <nd ref="4703355499"/>
  <nd ref="252375087"/>
  <nd ref="1808771914"/>
  <nd ref="1808771916"/>
  <nd ref="1808771940"/>
  <nd ref="1808771942"/>
  <nd ref="1808771949"/>
  <nd ref="1808771951"/>
  <nd ref="1808771963"/>
  <nd ref="1808771981"/>
  <nd ref="1808771989"/>
  <nd ref="1808771987"/>
  <nd ref="1808771979"/>
  <nd ref="1808771975"/>
  <nd ref="1808771962"/>
  <nd ref="1808771961"/>
  <nd ref="1808771973"/>
  <nd ref="1808771944"/>
  <nd ref="1808771950"/>
  <nd ref="1808771953"/>
  <nd ref="1808771959"/>
  <nd ref="1808771977"/>
  <nd ref="1808771983"/>
  <nd ref="1808771993"/>
  <nd ref="1808771995"/>
  <nd ref="1808771997"/>
  <nd ref="1808772003"/>
  <nd ref="1808772009"/>
  <nd ref="1808772020"/>
  <nd ref="1808772038"/>
  <nd ref="1808772045"/>
  <nd ref="1808772094"/>
  <nd ref="1808772075"/>
  <nd ref="1808772079"/>
  <nd ref="1808772095"/>
  <nd ref="1808772097"/>
  <nd ref="252375088"/>
  <nd ref="1808772103"/>
  <nd ref="1808772109"/>
  <nd ref="1808772135"/>
  <nd ref="1808772118"/>
  <nd ref="1808772114"/>
  <nd ref="1808772116"/>
  <nd ref="1808772120"/>
  <nd ref="1808772134"/>
  <nd ref="1808772138"/>
  <nd ref="1808772140"/>
  <nd ref="1808772142"/>
  <nd ref="1808772149"/>
  <nd ref="1808772176"/>
  <nd ref="252375089"/>
  <nd ref="252375090"/>
  <nd ref="1808772215"/>
  <nd ref="1808772218"/>
  <nd ref="252375091"/>
  <nd ref="1796408942"/>
  <nd ref="1796408937"/>
  <nd ref="1876225942"/>
  <nd ref="1796408935"/>
  <nd ref="1796408932"/>
  <nd ref="1876225905"/>
  <nd ref="1796408919"/>
  <nd ref="1876225894"/>
  <nd ref="1796408916"/>
  <nd ref="1876225876"/>
  <nd ref="1876225874"/>
  <nd ref="1876225872"/>
  <nd ref="1674783944"/>
  <nd ref="1796408918"/>
  <nd ref="1876225877"/>
  <nd ref="1796408917"/>
  <nd ref="1796408921"/>
  <nd ref="1876225903"/>
  <nd ref="1876225912"/>
  <nd ref="1876225914"/>
  <nd ref="1796408939"/>
  <nd ref="1796408944"/>
  <nd ref="1876226024"/>
  <nd ref="1876226029"/>
  <nd ref="1796408948"/>
  <nd ref="1796408947"/>
  <nd ref="1876226047"/>
  <nd ref="1876226050"/>
  <nd ref="1796408950"/>
  <nd ref="252375092"/>
  <nd ref="1876226035"/>
  <nd ref="1876226045"/>
  <nd ref="1796408949"/>
  <nd ref="1876226087"/>
  <nd ref="1796408951"/>
  <nd ref="1876226099"/>
  <nd ref="1674783959"/>
  <nd ref="1876226102"/>
  <nd ref="1796408952"/>
  <nd ref="252375093"/>
  <nd ref="1876226204"/>
  <nd ref="1876226270"/>
  <nd ref="1876226288"/>
  <nd ref="1796408953"/>
  <nd ref="252375094"/>
  <nd ref="252375095"/>
  <nd ref="1796408962"/>
  <nd ref="1796408982"/>
  <nd ref="1796409023"/>
  <nd ref="1808772655"/>
  <nd ref="252375096"/>
  <nd ref="252375097"/>
  <nd ref="1808772667"/>
  <nd ref="1796409065"/>
  <nd ref="1796409075"/>
  <nd ref="1796409082"/>
  <nd ref="1808772669"/>
  <nd ref="1796409115"/>
  <nd ref="252375098"/>
  <nd ref="252375099"/>
  <nd ref="1796409145"/>
  <nd ref="1796409168"/>
  <nd ref="1808772671"/>
  <nd ref="252375100"/>
  <nd ref="252375101"/>
  <nd ref="252375102"/>
  <nd ref="1796409250"/>
  <nd ref="252375103"/>
  <nd ref="252375104"/>
  <nd ref="1796409264"/>
  <nd ref="1796409286"/>
  <nd ref="252375105"/>
  <nd ref="1808772679"/>
  <nd ref="11775521382"/>
  <nd ref="11775521383"/>
  <nd ref="11775521384"/>
  <nd ref="11775521385"/>
  <nd ref="11775521386"/>
  <nd ref="11775521387"/>
  <nd ref="11775521388"/>
  <nd ref="11775521389"/>
  <nd ref="11775521391"/>
  <nd ref="11775521390"/>
  <nd ref="2584696296"/>
  <nd ref="1808772708"/>
  <nd ref="11775521381"/>
  <nd ref="1808772710"/>
  <nd ref="1808772712"/>
  <nd ref="252375107"/>
  <nd ref="1796409341"/>
  <nd ref="1796409345"/>
  <nd ref="5134848094"/>
  <nd ref="5134848093"/>
  <nd ref="5134848092"/>
  <nd ref="1796409357"/>
  <nd ref="1796409359"/>
  <nd ref="252375108"/>
  <nd ref="1796409362"/>
  <nd ref="1808772716"/>
  <nd ref="1796409364"/>
  <nd ref="1796409366"/>
  <nd ref="1808772718"/>
  <nd ref="252375109"/>
  <nd ref="1808772720"/>
  <nd ref="1808772721"/>
  <nd ref="252375110"/>
  <nd ref="1808772722"/>
  <nd ref="252375111"/>
  <nd ref="1793734294"/>
  <nd ref="1808772749"/>
  <nd ref="1808772743"/>
  <nd ref="5142634857"/>
  <nd ref="1793734303"/>
  <nd ref="1808772745"/>
  <nd ref="1793734298"/>
  <nd ref="1793734319"/>
  <nd ref="1808772751"/>
  <nd ref="1793734317"/>
  <nd ref="1793734289"/>
  <nd ref="1808772739"/>
  <nd ref="1793734272"/>
  <nd ref="1793734282"/>
  <nd ref="252375112"/>
  <nd ref="1808772741"/>
  <nd ref="1793734286"/>
  <nd ref="1793734270"/>
  <nd ref="1808772737"/>
  <nd ref="1793734268"/>
  <nd ref="1808772728"/>
  <nd ref="1808772726"/>
  <nd ref="1808772730"/>
  <nd ref="5269665380"/>
  <nd ref="1808772725"/>
  <nd ref="1808772724"/>
  <nd ref="1808772729"/>
  <nd ref="1808772723"/>
  <nd ref="1808772727"/>
  <nd ref="1793734265"/>
  <nd ref="5269665379"/>
  <nd ref="1793734271"/>
  <nd ref="1796409377"/>
  <nd ref="1796409383"/>
  <nd ref="5269665378"/>
  <nd ref="1793734306"/>
  <nd ref="252375113"/>
  <nd ref="1808772746"/>
  <nd ref="1793734301"/>
  <nd ref="1793734273"/>
  <nd ref="4703355500"/>
  <nd ref="1793734269"/>
  <nd ref="252375114"/>
  <nd ref="252375115"/>
  <nd ref="252375116"/>
  <nd ref="252375117"/>
  <nd ref="252375118"/>
  <nd ref="252375119"/>
  <nd ref="1793734355"/>
  <nd ref="4703338033"/>
  <nd ref="4703338032"/>
  <nd ref="1793734369"/>
  <nd ref="252375120"/>
  <nd ref="252375121"/>
  <nd ref="252375122"/>
  <nd ref="1793734410"/>
  <nd ref="1793734408"/>
  <nd ref="252375123"/>
  <nd ref="1906698635"/>
  <nd ref="252375124"/>
  <nd ref="1906698634"/>
  <nd ref="1906698633"/>
  <nd ref="1906698632"/>
  <nd ref="1793734386"/>
  <nd ref="252375125"/>
  <nd ref="1793734379"/>
  <nd ref="4703355176"/>
  <nd ref="1793734362"/>
  <nd ref="4703338034"/>
  <nd ref="1793734372"/>
  <nd ref="1793734381"/>
  <nd ref="1793734384"/>
  <nd ref="3659671946"/>
  <nd ref="2003345803"/>
  <nd ref="1793734367"/>
  <nd ref="4703798101"/>
  <nd ref="1793734365"/>
  <nd ref="1906698618"/>
  <nd ref="1793734373"/>
  <nd ref="1906698619"/>
  <nd ref="1906698620"/>
  <nd ref="1906698621"/>
  <nd ref="1906698622"/>
  <nd ref="1906698623"/>
  <nd ref="1906698624"/>
  <nd ref="1906698626"/>
  <nd ref="1906698630"/>
  <nd ref="3659671944"/>
  <nd ref="4703798100"/>
  <nd ref="4703798098"/>
  <nd ref="4703796577"/>
  <nd ref="4703796582"/>
  <nd ref="4703798099"/>
  <nd ref="2003345813"/>
  <nd ref="4703796579"/>
  <nd ref="2003345818"/>
  <nd ref="2003345811"/>
  <nd ref="2003345814"/>
  <nd ref="4703796580"/>
  <nd ref="2003345816"/>
  <nd ref="4703796581"/>
  <nd ref="2003345819"/>
  <nd ref="2003345821"/>
  <nd ref="2003345823"/>
  <nd ref="2003345824"/>
  <nd ref="2003345825"/>
  <nd ref="2003345826"/>
  <nd ref="2003345829"/>
  <nd ref="2003345827"/>
  <nd ref="2003345828"/>
  <nd ref="4703338035"/>
  <nd ref="2003345830"/>
  <nd ref="252375127"/>
  <nd ref="1796409391"/>
  <nd ref="4703311180"/>
  <nd ref="1793734454"/>
  <nd ref="4703355171"/>
  <nd ref="1796409400"/>
  <nd ref="4703338337"/>
  <nd ref="4703338336"/>
  <nd ref="4703338338"/>
  <nd ref="4703338335"/>
  <nd ref="4703338334"/>
  <nd ref="4703338333"/>
  <nd ref="4703311181"/>
  <nd ref="1808772841"/>
  <nd ref="4703338331"/>
  <nd ref="4703338332"/>
  <nd ref="4703338330"/>
  <nd ref="4703338329"/>
  <nd ref="4703338339"/>
  <nd ref="1808772851"/>
  <nd ref="1808772852"/>
  <nd ref="1796409404"/>
  <nd ref="4703338340"/>
  <nd ref="1796409408"/>
  <nd ref="1793734564"/>
  <nd ref="1793734619"/>
  <nd ref="1796409429"/>
  <nd ref="252375128"/>
  <nd ref="4703311183"/>
  <nd ref="252375129"/>
  <nd ref="4703338051"/>
  <nd ref="4703338052"/>
  <nd ref="252375130"/>
  <nd ref="4703311290"/>
  <nd ref="4703311291"/>
  <nd ref="4703303446"/>
  <nd ref="252375131"/>
  <nd ref="4703303452"/>
  <nd ref="5823263182"/>
  <nd ref="5823263185"/>
  <nd ref="5823263183"/>
  <nd ref="5823263184"/>
  <nd ref="5823263190"/>
  <nd ref="5823263191"/>
  <nd ref="5823263192"/>
  <nd ref="5823263193"/>
  <nd ref="5823263188"/>
  <nd ref="5823263194"/>
  <nd ref="5823263189"/>
  <nd ref="5823263187"/>
  <nd ref="5823263186"/>
  <nd ref="4703338293"/>
  <nd ref="4703303461"/>
  <nd ref="4703303460"/>
  <nd ref="4703303459"/>
  <nd ref="4703338078"/>
  <nd ref="4703303457"/>
  <nd ref="252375132"/>
  <nd ref="252375133"/>
  <nd ref="4703338055"/>
  <nd ref="5132573700"/>
  <nd ref="5132573699"/>
  <nd ref="5132573698"/>
  <nd ref="4703303463"/>
  <nd ref="5132574666"/>
  <nd ref="5132574665"/>
  <nd ref="252375134"/>
  <nd ref="4703303465"/>
  <nd ref="5132574654"/>
  <nd ref="5132574655"/>
  <nd ref="252375135"/>
  <nd ref="4703303466"/>
  <nd ref="5132574657"/>
  <nd ref="5132574656"/>
  <nd ref="5132574653"/>
  <nd ref="252375136"/>
  <nd ref="5132574652"/>
  <nd ref="5132574651"/>
  <nd ref="5132574650"/>
  <nd ref="252375137"/>
  <nd ref="4703338077"/>
  <nd ref="5132574649"/>
  <nd ref="5132574648"/>
  <nd ref="4703303471"/>
  <nd ref="4703303472"/>
  <nd ref="5132574647"/>
  <nd ref="252375138"/>
  <nd ref="252375140"/>
  <nd ref="252375141"/>
  <nd ref="5132574242"/>
  <nd ref="5132574243"/>
  <nd ref="5132574244"/>
  <nd ref="5132574245"/>
  <nd ref="5132574246"/>
  <nd ref="252375142"/>
  <nd ref="5132574247"/>
  <nd ref="5132574248"/>
  <nd ref="5132574249"/>
  <nd ref="5132574250"/>
  <nd ref="5132574251"/>
  <nd ref="5132574252"/>
  <nd ref="5132574253"/>
  <nd ref="252375143"/>
  <nd ref="5132574254"/>
  <nd ref="4703338056"/>
  <nd ref="252375144"/>
  <nd ref="5132574256"/>
  <nd ref="5132574255"/>
  <nd ref="4703338075"/>
  <nd ref="4703338076"/>
  <nd ref="4703338058"/>
  <nd ref="5132574306"/>
  <nd ref="4703338057"/>
  <nd ref="252375145"/>
  <nd ref="5132574307"/>
  <nd ref="252375146"/>
  <nd ref="5132574308"/>
  <nd ref="5132574309"/>
  <nd ref="5132574310"/>
  <nd ref="252375147"/>
  <nd ref="5132574311"/>
  <nd ref="252375148"/>
  <nd ref="252375149"/>
  <nd ref="252375150"/>
  <nd ref="4703338074"/>
  <nd ref="4703338073"/>
  <nd ref="252375151"/>
  <nd ref="252375152"/>
  <nd ref="252375153"/>
  <nd ref="4703338072"/>
  <nd ref="252375154"/>
  <nd ref="4703338071"/>
  <nd ref="252375156"/>
  <nd ref="252375157"/>
  <nd ref="252375159"/>
  <nd ref="4703338070"/>
  <nd ref="252375160"/>
  <nd ref="4703338069"/>
  <nd ref="252375161"/>
  <nd ref="4703338068"/>
  <nd ref="252375162"/>
  <nd ref="4703303474"/>
  <nd ref="252375163"/>
  <nd ref="252375164"/>
  <nd ref="252375165"/>
  <nd ref="252375166"/>
  <nd ref="252375168"/>
  <nd ref="252375169"/>
  <nd ref="4703303475"/>
  <nd ref="252375170"/>
  <nd ref="4703303476"/>
  <nd ref="252375171"/>
  <nd ref="252375172"/>
  <nd ref="252375173"/>
  <nd ref="1903368453"/>
  <nd ref="252375174"/>
  <nd ref="1903368442"/>
  <nd ref="4703303478"/>
  <nd ref="252375175"/>
  <nd ref="4703303477"/>
  <nd ref="252375176"/>
  <nd ref="4703303479"/>
  <nd ref="252375178"/>
  <nd ref="4703338067"/>
  <nd ref="4703303480"/>
  <nd ref="4703338066"/>
  <nd ref="252375179"/>
  <nd ref="4703338065"/>
  <nd ref="252375180"/>
  <nd ref="252375181"/>
  <nd ref="4703338064"/>
  <nd ref="4703338063"/>
  <nd ref="252375182"/>
  <nd ref="252375183"/>
  <nd ref="252375184"/>
  <nd ref="4703338061"/>
  <nd ref="4703338062"/>
  <nd ref="252375185"/>
  <nd ref="4703338060"/>
  <nd ref="252375186"/>
  <nd ref="4703303481"/>
  <nd ref="4703303482"/>
  <nd ref="252375188"/>
  <nd ref="5276908828"/>
  <nd ref="5276908848"/>
  <nd ref="4703303486"/>
  <nd ref="252375189"/>
  <nd ref="252375190"/>
  <nd ref="4703303487"/>
  <nd ref="4703303488"/>
  <nd ref="4703304989"/>
  <nd ref="4703304990"/>
  <nd ref="252375191"/>
  <nd ref="252375193"/>
  <nd ref="4703304991"/>
  <nd ref="252375194"/>
  <nd ref="4703304992"/>
  <nd ref="252375195"/>
  <nd ref="4703338059"/>
  <nd ref="4703304993"/>
  <nd ref="252375196"/>
  <nd ref="252375197"/>
  <nd ref="252375198"/>
  <nd ref="252375199"/>
  <nd ref="252375200"/>
  <nd ref="252375201"/>
  <nd ref="252375202"/>
  <nd ref="4703304994"/>
  <nd ref="252375203"/>
  <nd ref="252375204"/>
  <nd ref="3888978740"/>
  <nd ref="3888978741"/>
  <nd ref="3888978742"/>
  <nd ref="252375205"/>
  <nd ref="4703297743"/>
  <nd ref="3888978745"/>
  <nd ref="252375206"/>
  <nd ref="4703297745"/>
  <nd ref="261182905"/>
  <nd ref="2945280835"/>
  <nd ref="3888979162"/>
  <nd ref="3888979166"/>
  <nd ref="261182902"/>
  <nd ref="261182912"/>
  <nd ref="2945280581"/>
  <nd ref="3888979181"/>
  <nd ref="2945280715"/>
  <nd ref="261182909"/>
  <nd ref="3888979186"/>
  <nd ref="4703297746"/>
  <nd ref="4703297750"/>
  <nd ref="3888979189"/>
  <nd ref="3888979192"/>
  <nd ref="3888979195"/>
  <nd ref="252375207"/>
  <nd ref="252375208"/>
  <nd ref="4703297751"/>
  <nd ref="252375209"/>
  <nd ref="2945280910"/>
  <nd ref="4703297753"/>
  <nd ref="4703297752"/>
  <nd ref="252375210"/>
  <nd ref="4703297755"/>
  <nd ref="252375211"/>
  <nd ref="252375212"/>
  <nd ref="12815202007"/>
  <nd ref="11989709372"/>
  <nd ref="12815202009"/>
  <nd ref="11989709377"/>
  <nd ref="12815202006"/>
  <nd ref="252375213"/>
  <nd ref="252375214"/>
  <nd ref="4703297757"/>
  <nd ref="252375216"/>
  <nd ref="4703297758"/>
  <nd ref="4703297759"/>
  <nd ref="252375217"/>
  <nd ref="4703297760"/>
  <nd ref="252375218"/>
  <nd ref="2534432339"/>
  <nd ref="4703297761"/>
  <nd ref="3888979281"/>
  <nd ref="3888979282"/>
  <nd ref="252375219"/>
  <nd ref="3888979283"/>
  <nd ref="3888979284"/>
  <nd ref="3888979285"/>
  <nd ref="5170776035"/>
  <nd ref="5170776036"/>
  <nd ref="5170776038"/>
  <nd ref="5170776034"/>
  <nd ref="5170776037"/>
  <nd ref="2649218902"/>
  <nd ref="2649255064"/>
  <nd ref="252375221"/>
  <nd ref="2649255066"/>
  <nd ref="5170776007"/>
  <nd ref="5170776006"/>
  <nd ref="2649218973"/>
  <nd ref="5170776005"/>
  <nd ref="5170776004"/>
  <nd ref="2649238173"/>
  <nd ref="252375222"/>
  <nd ref="2649238175"/>
  <nd ref="252375223"/>
  <nd ref="252375224"/>
  <nd ref="252375225"/>
  <nd ref="252375226"/>
  <nd ref="252375227"/>
  <nd ref="5170776011"/>
  <nd ref="252375228"/>
  <nd ref="252375229"/>
  <nd ref="252375230"/>
  <nd ref="252375231"/>
  <nd ref="252375232"/>
  <nd ref="252375234"/>
  <nd ref="5170775945"/>
  <nd ref="5170775944"/>
  <nd ref="5170775943"/>
  <nd ref="5170775942"/>
  <nd ref="5170775941"/>
  <nd ref="5170775940"/>
  <nd ref="5170775939"/>
  <nd ref="5170775938"/>
  <nd ref="5170775937"/>
  <nd ref="5170775936"/>
  <nd ref="5170775935"/>
  <nd ref="252375235"/>
  <nd ref="5170775934"/>
  <nd ref="252375236"/>
  <nd ref="5170775924"/>
  <nd ref="252375237"/>
  <nd ref="252375238"/>
  <nd ref="5170775923"/>
  <nd ref="5170775922"/>
  <nd ref="5170775921"/>
  <nd ref="252375239"/>
  <nd ref="5170775920"/>
  <nd ref="5170775918"/>
  <nd ref="5170775919"/>
  <nd ref="5170775915"/>
  <nd ref="5170775916"/>
  <nd ref="5170775917"/>
  <nd ref="252375240"/>
  <nd ref="5170775914"/>
  <nd ref="5170775913"/>
  <nd ref="4703294016"/>
  <nd ref="5170775912"/>
  <nd ref="5170775911"/>
  <nd ref="5170775910"/>
  <nd ref="252375241"/>
  <nd ref="252375242"/>
  <nd ref="5170775909"/>
  <nd ref="5170775908"/>
  <nd ref="5170775879"/>
  <nd ref="252375243"/>
  <nd ref="5170775907"/>
  <nd ref="252375244"/>
  <nd ref="4703294068"/>
  <nd ref="4703294017"/>
  <nd ref="252375245"/>
  <nd ref="4703294070"/>
  <nd ref="252375246"/>
  <nd ref="4703294069"/>
  <nd ref="252375247"/>
  <nd ref="4703294071"/>
  <nd ref="252375249"/>
  <nd ref="4703294018"/>
  <nd ref="252375250"/>
  <nd ref="252375251"/>
  <nd ref="4703294072"/>
  <nd ref="252375252"/>
  <nd ref="4703294019"/>
  <nd ref="252375255"/>
  <nd ref="2515514685"/>
  <nd ref="252375256"/>
  <nd ref="252375257"/>
  <nd ref="252375258"/>
  <nd ref="252375259"/>
  <nd ref="252375260"/>
  <nd ref="4703294073"/>
  <nd ref="4703294074"/>
  <nd ref="4703294023"/>
  <nd ref="4703294022"/>
  <nd ref="4703294021"/>
  <nd ref="252375261"/>
  <nd ref="4703294024"/>
  <nd ref="252375262"/>
  <nd ref="252375263"/>
  <nd ref="252375264"/>
  <nd ref="4703294075"/>
  <nd ref="252375265"/>
  <nd ref="252375266"/>
  <nd ref="252375267"/>
  <nd ref="252375268"/>
  <nd ref="4703294076"/>
  <nd ref="11727635077"/>
  <nd ref="11727635078"/>
  <nd ref="252375269"/>
  <nd ref="252375270"/>
  <nd ref="11727635089"/>
  <nd ref="11727635090"/>
  <nd ref="11727635091"/>
  <nd ref="11727635092"/>
  <nd ref="4703294077"/>
  <nd ref="11727635088"/>
  <nd ref="11727635087"/>
  <nd ref="11727635086"/>
  <nd ref="4703294042"/>
  <nd ref="252375271"/>
  <nd ref="11727635085"/>
  <nd ref="11727635079"/>
  <nd ref="252375272"/>
  <nd ref="11727635084"/>
  <nd ref="11727635083"/>
  <nd ref="11727635082"/>
  <nd ref="11727635081"/>
  <nd ref="11727635080"/>
  <nd ref="252375273"/>
  <nd ref="252375274"/>
  <nd ref="252375275"/>
  <nd ref="2120257591"/>
  <nd ref="4703294065"/>
  <nd ref="12561142046"/>
  <nd ref="252375277"/>
  <nd ref="252375278"/>
  <nd ref="252375279"/>
  <nd ref="252375280"/>
  <nd ref="252375282"/>
  <nd ref="252375283"/>
  <nd ref="252375284"/>
  <nd ref="252373021"/>
  <nd ref="252373022"/>
  <nd ref="252373023"/>
  <nd ref="252373024"/>
  <nd ref="4703294078"/>
  <nd ref="4703294079"/>
  <nd ref="4703294080"/>
  <nd ref="252373025"/>
  <nd ref="4703294081"/>
  <nd ref="252373026"/>
  <nd ref="252373027"/>
  <nd ref="252373028"/>
  <nd ref="252373029"/>
  <nd ref="252373030"/>
  <nd ref="252373031"/>
  <nd ref="252373032"/>
  <nd ref="252373033"/>
  <nd ref="252373034"/>
  <nd ref="252373035"/>
  <nd ref="4703294088"/>
  <nd ref="252373036"/>
  <nd ref="4703294089"/>
  <nd ref="252373037"/>
  <nd ref="252373038"/>
  <nd ref="252373039"/>
  <nd ref="252373040"/>
  <nd ref="4703294090"/>
  <nd ref="4703294044"/>
  <nd ref="252373041"/>
  <nd ref="252373042"/>
  <nd ref="252373043"/>
  <nd ref="252373044"/>
  <nd ref="4703294045"/>
  <nd ref="252373045"/>
  <nd ref="252373046"/>
  <nd ref="4703294046"/>
  <nd ref="252373047"/>
  <nd ref="4703294047"/>
  <nd ref="4703294091"/>
  <nd ref="4703294048"/>
  <nd ref="252373048"/>
  <nd ref="4703294049"/>
  <nd ref="252373049"/>
  <nd ref="4703294050"/>
  <nd ref="4703294051"/>
  <nd ref="4703294052"/>
  <nd ref="252373050"/>
  <nd ref="4703294053"/>
  <nd ref="4703294054"/>
  <nd ref="252373051"/>
  <nd ref="12554214886"/>
  <nd ref="12554214887"/>
  <nd ref="252373052"/>
  <nd ref="12554214885"/>
  <nd ref="12554214888"/>
  <nd ref="12554214889"/>
  <nd ref="12554214890"/>
  <nd ref="12554214891"/>
  <nd ref="252373053"/>
  <nd ref="12554214892"/>
  <nd ref="12589765736"/>
  <nd ref="252373054"/>
  <nd ref="252373055"/>
  <nd ref="252373056"/>
  <nd ref="252373057"/>
  <nd ref="12554214893"/>
  <nd ref="252373058"/>
  <nd ref="12554214863"/>
  <nd ref="12554214894"/>
  <nd ref="252373059"/>
  <nd ref="12554214895"/>
  <nd ref="252373060"/>
  <nd ref="252373061"/>
  <nd ref="252373062"/>
  <nd ref="12554214884"/>
  <nd ref="12554214883"/>
  <nd ref="12554214882"/>
  <nd ref="12554214881"/>
  <nd ref="252374797"/>
  <nd ref="12554214880"/>
  <nd ref="12554214879"/>
  <nd ref="252374798"/>
  <nd ref="12554214878"/>
  <nd ref="252374799"/>
  <nd ref="12554214877"/>
  <nd ref="252374800"/>
  <nd ref="252374803"/>
  <nd ref="12554214876"/>
  <nd ref="252374804"/>
  <nd ref="252374805"/>
  <nd ref="12554214875"/>
  <nd ref="252374806"/>
  <nd ref="4703294092"/>
  <nd ref="252374807"/>
  <nd ref="252374808"/>
  <nd ref="2534572987"/>
  <nd ref="12554214825"/>
  <nd ref="12554214826"/>
  <nd ref="252374809"/>
  <nd ref="12554214823"/>
  <nd ref="12554214824"/>
  <nd ref="12554214827"/>
  <nd ref="12554214822"/>
  <nd ref="252374810"/>
  <nd ref="12554214821"/>
  <nd ref="12554214818"/>
  <nd ref="12554214819"/>
  <nd ref="12554214820"/>
  <nd ref="12554214830"/>
  <nd ref="12554214829"/>
  <nd ref="252374811"/>
  <nd ref="12554214828"/>
  <nd ref="12554214831"/>
  <nd ref="12554214832"/>
  <nd ref="252374812"/>
  <tag k="natural" v="coastline"/>
 </way>
</osm>
